Championship;DayWeek;DayMonth;Month;Home;Away;GoalHome;GoalAway;Win;Draw;Lose;ResultHome;ResultAway;Result;PointHome;PointAway;GamesPlayed;SignResultHome;SignResultAway;HomeMatch_1_Ago;HomeMatch_2_Ago;HomeMatch_3_Ago;HomeMatch_4_Ago;HomeMatch_5_Ago;HomeMatch_1_Ago_InHome;HomeMatch_2_Ago_InHome;HomeMatch_3_Ago_InHome;HomeMatch_4_Ago_InHome;HomeMatch_5_Ago_InHome;AwayMatch_1_Ago;AwayMatch_2_Ago;AwayMatch_3_Ago;AwayMatch_4_Ago;AwayMatch_5_Ago;AwayMatch_1_Ago_InAway;AwayMatch_2_Ago_InAway;AwayMatch_3_Ago_InAway;AwayMatch_4_Ago_InAway;AwayMatch_5_Ago_InAway;HomeGoal_1_match_Ago;HomeGoal_2_match_Ago;HomeGoal_3_match_Ago;HomeGoal_4_match_Ago;HomeGoal_5_match_Ago;HomeGoal_1_match_Ago_InHome;HomeGoal_2_match_Ago_InHome;HomeGoal_3_match_Ago_InHome;HomeGoal_4_match_Ago_InHome;HomeGoal_5_match_Ago_InHome;AwayGoal_1_match_Ago;AwayGoal_2_match_Ago;AwayGoal_3_match_Ago;AwayGoal_4_match_Ago;AwayGoal_5_match_Ago;AwayGoal_1_match_Ago_InAway;AwayGoal_2_match_Ago_InAway;AwayGoal_3_match_Ago_InAway;AwayGoal_4_match_Ago_InAway;AwayGoal_5_match_Ago_InAway
2019/20;Sabato;24;Agosto;Parma;Juventus;0;1;False;False;True;-1;1;2;0;3;228;2;1;2;X;X;X;X;2;X;X;X;X;1;X;X;X;X;1;X;X;X;X;0.0;0.0;0.0;0.0;0.0;0.0;0.0;0.0;0.0;0.0;1.0;0.0;0.0;0.0;0.0;1.0;0.0;0.0;0.0;0.0
2019/20;Sabato;24;Agosto;Fiorentina;Napoli;3;4;False;False;True;-1;1;2;0;3;228;2;1;2;2;X;X;X;2;X;X;X;X;1;1;X;X;X;1;X;X;X;X;3.0;0.0;0.0;0.0;0.0;3.0;0.0;0.0;0.0;0.0;4.0;1.0;0.0;0.0;0.0;4.0;1.0;0.0;0.0;0.0
2019/20;Domenica;25;Agosto;Udinese;Milan;1;0;True;False;False;1;-1;1;3;0;228;1;2;1;2;2;X;X;1;X;X;X;X;2;1;1;X;X;2;X;X;X;X;1.0;3.0;0.0;0.0;0.0;1.0;3.0;0.0;0.0;0.0;0.0;4.0;1.0;0.0;0.0;0.0;4.0;1.0;0.0;0.0
2019/20;Domenica;25;Agosto;Roma;Genoa;3;3;False;True;False;0;0;X;1;1;228;X;X;X;1;2;2;X;X;X;X;X;X;X;2;1;1;X;X;X;X;X;X;3.0;1.0;3.0;0.0;0.0;3.0;1.0;3.0;0.0;0.0;3.0;0.0;4.0;1.0;0.0;3.0;0.0;4.0;1.0;0.0
2019/20;Domenica;25;Agosto;Cagliari;Brescia;0;1;False;False;True;-1;1;2;0;3;228;2;1;2;X;1;2;2;2;X;X;X;X;1;X;2;1;1;1;X;X;X;X;0.0;3.0;1.0;3.0;0.0;0.0;3.0;1.0;3.0;0.0;1.0;3.0;0.0;4.0;1.0;1.0;3.0;0.0;4.0;1.0
2019/20;Domenica;25;Agosto;Hellas Verona;Bologna;1;1;False;True;False;0;0;X;1;1;228;X;X;X;2;X;1;2;X;X;X;X;X;X;1;X;2;1;X;X;X;X;X;1.0;0.0;3.0;1.0;3.0;1.0;0.0;3.0;1.0;3.0;1.0;1.0;3.0;0.0;4.0;1.0;1.0;3.0;0.0;4.0
2019/20;Domenica;25;Agosto;Sampdoria;Lazio;0;3;False;False;True;-1;1;2;0;3;228;2;1;2;X;2;X;1;2;X;X;X;X;1;X;1;X;2;1;X;X;X;X;0.0;1.0;0.0;3.0;1.0;0.0;1.0;0.0;3.0;1.0;3.0;1.0;1.0;3.0;0.0;3.0;1.0;1.0;3.0;0.0
2019/20;Domenica;25;Agosto;SPAL;Atalanta;2;3;False;False;True;-1;1;2;0;3;228;2;1;2;2;X;2;X;2;X;X;X;X;1;1;X;1;X;1;X;X;X;X;2.0;0.0;1.0;0.0;3.0;2.0;0.0;1.0;0.0;3.0;3.0;3.0;1.0;1.0;3.0;3.0;3.0;1.0;1.0;3.0
2019/20;Domenica;25;Agosto;Torino;Sassuolo;2;1;True;False;False;1;-1;1;3;0;228;1;2;1;2;2;X;2;1;X;X;X;X;2;1;1;X;1;2;X;X;X;X;2.0;2.0;0.0;1.0;0.0;2.0;2.0;0.0;1.0;0.0;1.0;3.0;3.0;1.0;1.0;1.0;3.0;3.0;1.0;1.0
2019/20;Lunedì;26;Agosto;Inter;Lecce;4;0;True;False;False;1;-1;1;3;0;228;1;2;1;1;2;2;X;1;X;X;X;X;2;2;1;1;X;2;X;X;X;X;4.0;2.0;2.0;0.0;1.0;4.0;2.0;2.0;0.0;1.0;0.0;1.0;3.0;3.0;1.0;0.0;1.0;3.0;3.0;1.0
2019/20;Venerdì;30;Agosto;Bologna;SPAL;1;0;True;False;False;1;-1;1;3;0;228;1;2;1;1;1;2;2;1;X;X;X;X;2;2;2;1;1;2;X;X;X;X;1.0;4.0;2.0;2.0;0.0;1.0;4.0;2.0;2.0;0.0;0.0;0.0;1.0;3.0;3.0;0.0;0.0;1.0;3.0;3.0
2019/20;Sabato;31;Agosto;Milan;Brescia;1;0;True;False;False;1;-1;1;3;0;228;1;2;1;1;1;1;2;1;X;X;X;X;2;2;2;2;1;2;X;X;X;X;1.0;1.0;4.0;2.0;2.0;1.0;1.0;4.0;2.0;2.0;0.0;0.0;0.0;1.0;3.0;0.0;0.0;0.0;1.0;3.0
2019/20;Sabato;31;Agosto;Juventus;Napoli;4;3;True;False;False;1;-1;1;3;0;228;1;2;1;1;1;1;1;1;X;X;X;X;2;2;2;2;2;2;X;X;X;X;4.0;1.0;1.0;4.0;2.0;4.0;1.0;1.0;4.0;2.0;3.0;0.0;0.0;0.0;1.0;3.0;0.0;0.0;0.0;1.0
2019/20;Domenica;1;Settembre;Lazio;Roma;1;1;False;True;False;0;0;X;1;1;228;X;X;X;1;1;1;1;X;X;X;X;X;X;2;2;2;2;X;X;X;X;X;1.0;4.0;1.0;1.0;4.0;1.0;4.0;1.0;1.0;4.0;1.0;3.0;0.0;0.0;0.0;1.0;3.0;0.0;0.0;0.0
2019/20;Domenica;1;Settembre;Atalanta;Torino;2;3;False;False;True;-1;1;2;0;3;228;2;1;2;X;1;1;1;2;X;X;X;X;1;X;2;2;2;1;X;X;X;X;2.0;1.0;4.0;1.0;1.0;2.0;1.0;4.0;1.0;1.0;3.0;1.0;3.0;0.0;0.0;3.0;1.0;3.0;0.0;0.0
2019/20;Domenica;1;Settembre;Cagliari;Inter;1;2;False;False;True;-1;1;2;0;3;228;2;1;2;2;X;1;1;2;X;X;X;X;1;1;X;2;2;1;X;X;X;X;1.0;2.0;1.0;4.0;1.0;1.0;2.0;1.0;4.0;1.0;2.0;3.0;1.0;3.0;0.0;2.0;3.0;1.0;3.0;0.0
2019/20;Domenica;1;Settembre;Genoa;Fiorentina;2;1;True;False;False;1;-1;1;3;0;228;1;2;1;2;2;X;1;1;X;X;X;X;2;1;1;X;2;2;X;X;X;X;2.0;1.0;2.0;1.0;4.0;2.0;1.0;2.0;1.0;4.0;1.0;2.0;3.0;1.0;3.0;1.0;2.0;3.0;1.0;3.0
2019/20;Domenica;1;Settembre;Lecce;Hellas Verona;0;1;False;False;True;-1;1;2;0;3;228;2;1;2;1;2;2;X;2;X;X;X;X;1;2;1;1;X;1;X;X;X;X;0.0;2.0;1.0;2.0;1.0;0.0;2.0;1.0;2.0;1.0;1.0;1.0;2.0;3.0;1.0;1.0;1.0;2.0;3.0;1.0
2019/20;Domenica;1;Settembre;Sassuolo;Sampdoria;4;1;True;False;False;1;-1;1;3;0;228;1;2;1;2;1;2;2;1;X;X;X;X;2;1;2;1;1;2;X;X;X;X;4.0;0.0;2.0;1.0;2.0;4.0;0.0;2.0;1.0;2.0;1.0;1.0;1.0;2.0;3.0;1.0;1.0;1.0;2.0;3.0
2019/20;Domenica;1;Settembre;Udinese;Parma;1;3;False;False;True;-1;1;2;0;3;228;2;1;2;1;2;1;2;2;X;X;X;X;1;2;1;2;1;1;X;X;X;X;1.0;4.0;0.0;2.0;1.0;1.0;4.0;0.0;2.0;1.0;3.0;1.0;1.0;1.0;2.0;3.0;1.0;1.0;1.0;2.0
2019/20;Sabato;14;Settembre;Fiorentina;Juventus;0;0;False;True;False;0;0;X;1;1;228;X;X;X;2;1;2;1;X;X;X;X;X;X;1;2;1;2;X;X;X;X;X;0.0;1.0;4.0;0.0;2.0;0.0;1.0;4.0;0.0;2.0;0.0;3.0;1.0;1.0;1.0;0.0;3.0;1.0;1.0;1.0
2019/20;Sabato;14;Settembre;Napoli;Sampdoria;2;0;True;False;False;1;-1;1;3;0;228;1;2;1;X;2;1;2;1;X;X;X;X;2;X;1;2;1;2;X;X;2;X;2.0;0.0;1.0;4.0;0.0;2.0;0.0;1.0;4.0;0.0;0.0;0.0;3.0;1.0;1.0;0.0;0.0;3.0;1.0;1.0
2019/20;Sabato;14;Settembre;Inter;Udinese;1;0;True;False;False;1;-1;1;3;0;228;1;2;1;1;X;2;1;1;X;X;X;X;2;2;X;1;2;2;X;X;X;X;1.0;2.0;0.0;1.0;4.0;1.0;2.0;0.0;1.0;4.0;0.0;0.0;0.0;3.0;1.0;0.0;0.0;0.0;3.0;1.0
2019/20;Domenica;15;Settembre;Genoa;Atalanta;1;2;False;False;True;-1;1;2;0;3;228;2;1;2;1;1;X;2;2;X;X;X;X;1;2;2;X;1;1;X;X;X;X;1.0;1.0;2.0;0.0;1.0;1.0;1.0;2.0;0.0;1.0;2.0;0.0;0.0;0.0;3.0;2.0;0.0;0.0;0.0;3.0
2019/20;Domenica;15;Settembre;Brescia;Bologna;3;4;False;False;True;-1;1;2;0;3;228;2;1;2;2;1;1;X;2;X;X;X;X;1;1;2;2;X;1;X;X;X;X;3.0;1.0;1.0;2.0;0.0;3.0;1.0;1.0;2.0;0.0;4.0;2.0;0.0;0.0;0.0;4.0;2.0;0.0;0.0;0.0
2019/20;Domenica;15;Settembre;Parma;Cagliari;1;3;False;False;True;-1;1;2;0;3;228;2;1;2;2;2;1;1;2;X;X;X;X;1;1;1;2;2;1;X;X;X;X;1.0;3.0;1.0;1.0;2.0;1.0;3.0;1.0;1.0;2.0;3.0;4.0;2.0;0.0;0.0;3.0;4.0;2.0;0.0;0.0
2019/20;Domenica;15;Settembre;SPAL;Lazio;2;1;True;False;False;1;-1;1;3;0;228;1;2;1;2;2;2;1;1;X;X;X;X;2;1;1;1;2;2;X;X;X;X;2.0;1.0;3.0;1.0;1.0;2.0;1.0;3.0;1.0;1.0;1.0;3.0;4.0;2.0;0.0;1.0;3.0;4.0;2.0;0.0
2019/20;Domenica;15;Settembre;Roma;Sassuolo;4;2;True;False;False;1;-1;1;3;0;228;1;2;1;1;2;2;2;1;X;X;X;X;2;2;1;1;1;2;X;X;X;X;4.0;2.0;1.0;3.0;1.0;4.0;2.0;1.0;3.0;1.0;2.0;1.0;3.0;4.0;2.0;2.0;1.0;3.0;4.0;2.0
2019/20;Domenica;15;Settembre;Hellas Verona;Milan;0;1;False;False;True;-1;1;2;0;3;228;2;1;2;1;1;2;2;2;X;X;X;X;1;2;2;1;1;1;X;X;X;X;0.0;4.0;2.0;1.0;3.0;0.0;4.0;2.0;1.0;3.0;1.0;2.0;1.0;3.0;4.0;1.0;2.0;1.0;3.0;4.0
2019/20;Lunedì;16;Settembre;Torino;Lecce;1;2;False;False;True;-1;1;2;0;3;228;2;1;2;2;1;1;2;2;X;X;X;X;1;1;2;2;1;1;X;X;X;X;1.0;0.0;4.0;2.0;1.0;1.0;0.0;4.0;2.0;1.0;2.0;1.0;2.0;1.0;3.0;2.0;1.0;2.0;1.0;3.0
2019/20;Venerdì;20;Settembre;Cagliari;Genoa;3;1;True;False;False;1;-1;1;3;0;228;1;2;1;2;2;1;1;1;X;X;X;X;2;1;1;2;2;2;X;X;X;X;3.0;1.0;0.0;4.0;2.0;3.0;1.0;0.0;4.0;2.0;1.0;2.0;1.0;2.0;1.0;1.0;2.0;1.0;2.0;1.0
2019/20;Sabato;21;Settembre;Udinese;Brescia;0;1;False;False;True;-1;1;2;0;3;228;2;1;2;1;2;2;1;2;X;X;X;X;1;2;1;1;2;1;X;X;X;X;0.0;3.0;1.0;0.0;4.0;0.0;3.0;1.0;0.0;4.0;1.0;1.0;2.0;1.0;2.0;1.0;1.0;2.0;1.0;2.0
2019/20;Sabato;21;Settembre;Juventus;Hellas Verona;2;1;True;False;False;1;-1;1;3;0;228;1;2;1;2;1;2;2;1;X;X;X;X;2;1;2;1;1;2;X;X;X;X;2.0;0.0;3.0;1.0;0.0;2.0;0.0;3.0;1.0;0.0;1.0;1.0;1.0;2.0;1.0;1.0;1.0;1.0;2.0;1.0
2019/20;Sabato;21;Settembre;Milan;Inter;0;2;False;False;True;-1;1;2;0;3;228;2;1;2;1;2;1;2;2;X;X;X;X;1;2;1;2;1;1;X;X;X;X;0.0;2.0;0.0;3.0;1.0;0.0;2.0;0.0;3.0;1.0;2.0;1.0;1.0;1.0;2.0;2.0;1.0;1.0;1.0;2.0
2019/20;Domenica;22;Settembre;Sassuolo;SPAL;3;0;True;False;False;1;-1;1;3;0;228;1;2;1;2;1;2;1;1;X;X;X;X;2;1;2;1;2;2;X;X;X;X;3.0;0.0;2.0;0.0;3.0;3.0;0.0;2.0;0.0;3.0;0.0;2.0;1.0;1.0;1.0;0.0;2.0;1.0;1.0;1.0
2019/20;Domenica;22;Settembre;Bologna;Roma;1;2;False;False;True;-1;1;2;0;3;228;2;1;2;1;2;1;2;2;X;X;X;X;1;2;1;2;1;1;X;X;X;X;1.0;3.0;0.0;2.0;0.0;1.0;3.0;0.0;2.0;0.0;2.0;0.0;2.0;1.0;1.0;2.0;0.0;2.0;1.0;1.0
2019/20;Domenica;22;Settembre;Lecce;Napoli;1;4;False;False;True;-1;1;2;0;3;228;2;1;2;2;1;2;1;2;X;X;X;X;1;1;2;1;2;1;X;X;X;X;1.0;1.0;3.0;0.0;2.0;1.0;1.0;3.0;0.0;2.0;4.0;2.0;0.0;2.0;1.0;4.0;2.0;0.0;2.0;1.0
2019/20;Domenica;22;Settembre;Sampdoria;Torino;1;0;True;False;False;1;-1;1;3;0;228;1;2;1;2;2;1;2;1;X;X;X;X;2;1;1;2;1;2;X;X;X;X;1.0;1.0;1.0;3.0;0.0;1.0;1.0;1.0;3.0;0.0;0.0;4.0;2.0;0.0;2.0;0.0;4.0;2.0;0.0;2.0
2019/20;Domenica;22;Settembre;Atalanta;Fiorentina;2;2;False;True;False;0;0;X;1;1;228;X;X;X;1;2;2;1;X;X;X;X;X;X;2;1;1;2;X;X;X;X;X;2.0;1.0;1.0;1.0;3.0;2.0;1.0;1.0;1.0;3.0;2.0;0.0;4.0;2.0;0.0;2.0;0.0;4.0;2.0;0.0
2019/20;Domenica;22;Settembre;Lazio;Parma;2;0;True;False;False;1;-1;1;3;0;228;1;2;1;X;1;2;2;1;X;X;X;X;2;X;2;1;1;2;X;X;X;X;2.0;2.0;1.0;1.0;1.0;2.0;2.0;1.0;1.0;1.0;0.0;2.0;0.0;4.0;2.0;0.0;2.0;0.0;4.0;2.0
2019/20;Martedì;24;Settembre;Hellas Verona;Udinese;0;0;False;True;False;0;0;X;1;1;228;X;X;X;1;X;1;2;X;X;X;X;X;X;2;X;2;1;X;X;X;X;X;0.0;2.0;2.0;1.0;1.0;0.0;2.0;2.0;1.0;1.0;0.0;0.0;2.0;0.0;4.0;0.0;0.0;2.0;0.0;4.0
2019/20;Martedì;24;Settembre;Brescia;Juventus;1;2;False;False;True;-1;1;2;0;3;228;2;1;2;X;1;X;1;2;X;X;X;X;1;X;2;X;2;1;X;X;X;X;1.0;0.0;2.0;2.0;1.0;1.0;0.0;2.0;2.0;1.0;2.0;0.0;0.0;2.0;0.0;2.0;0.0;0.0;2.0;0.0
2019/20;Mercoledì;25;Settembre;Roma;Atalanta;0;2;False;False;True;-1;1;2;0;3;228;2;1;2;2;X;1;X;2;X;X;X;X;1;1;X;2;X;1;X;X;X;X;0.0;1.0;0.0;2.0;2.0;0.0;1.0;0.0;2.0;2.0;2.0;2.0;0.0;0.0;2.0;2.0;2.0;0.0;0.0;2.0
2019/20;Mercoledì;25;Settembre;Fiorentina;Sampdoria;2;1;True;False;False;1;-1;1;3;0;228;1;2;1;2;2;X;1;1;X;X;X;X;2;1;1;X;2;2;X;X;X;X;2.0;0.0;1.0;0.0;2.0;2.0;0.0;1.0;0.0;2.0;1.0;2.0;2.0;0.0;0.0;1.0;2.0;2.0;0.0;0.0
2019/20;Mercoledì;25;Settembre;Genoa;Bologna;0;0;False;True;False;0;0;X;1;1;228;X;X;X;1;2;2;X;X;X;X;X;X;X;2;1;1;X;X;X;X;X;X;0.0;2.0;0.0;1.0;0.0;0.0;2.0;0.0;1.0;0.0;0.0;1.0;2.0;2.0;0.0;0.0;1.0;2.0;2.0;0.0
2019/20;Mercoledì;25;Settembre;Inter;Lazio;1;0;True;False;False;1;-1;1;3;0;228;1;2;1;X;1;2;2;1;X;X;X;X;2;X;2;1;1;2;X;X;X;X;1.0;0.0;2.0;0.0;1.0;1.0;0.0;2.0;0.0;1.0;0.0;0.0;1.0;2.0;2.0;0.0;0.0;1.0;2.0;2.0
2019/20;Mercoledì;25;Settembre;Napoli;Cagliari;0;1;False;False;True;-1;1;2;0;3;228;2;1;2;1;X;1;2;2;X;X;X;X;1;2;X;2;1;1;X;X;X;X;0.0;1.0;0.0;2.0;0.0;0.0;1.0;0.0;2.0;0.0;1.0;0.0;0.0;1.0;2.0;1.0;0.0;0.0;1.0;2.0
2019/20;Mercoledì;25;Settembre;Parma;Sassuolo;1;0;True;False;False;1;-1;1;3;0;228;1;2;1;2;1;X;1;1;X;X;X;X;2;1;2;X;2;2;X;X;X;X;1.0;0.0;1.0;0.0;2.0;1.0;0.0;1.0;0.0;2.0;0.0;1.0;0.0;0.0;1.0;0.0;1.0;0.0;0.0;1.0
2019/20;Mercoledì;25;Settembre;SPAL;Lecce;1;3;False;False;True;-1;1;2;0;3;228;2;1;2;1;2;1;X;2;X;X;X;X;1;2;1;2;X;1;X;X;X;X;1.0;1.0;0.0;1.0;0.0;1.0;1.0;0.0;1.0;0.0;3.0;0.0;1.0;0.0;0.0;3.0;0.0;1.0;0.0;0.0
2019/20;Giovedì;26;Settembre;Torino;Milan;2;1;True;False;False;1;-1;1;3;0;228;1;2;1;2;1;2;1;1;X;X;X;X;2;1;2;1;2;2;X;X;X;X;2.0;1.0;1.0;0.0;1.0;2.0;1.0;1.0;0.0;1.0;1.0;3.0;0.0;1.0;0.0;1.0;3.0;0.0;1.0;0.0
2019/20;Sabato;28;Settembre;Juventus;SPAL;2;0;True;False;False;1;-1;1;3;0;228;1;2;1;1;2;1;2;1;X;X;X;X;2;2;1;2;1;2;X;X;X;X;2.0;2.0;1.0;1.0;0.0;2.0;2.0;1.0;1.0;0.0;0.0;1.0;3.0;0.0;1.0;0.0;1.0;3.0;0.0;1.0
2019/20;Sabato;28;Settembre;Sampdoria;Inter;1;3;False;False;True;-1;1;2;0;3;228;2;1;2;1;1;2;1;2;X;X;X;X;1;2;2;1;2;1;X;X;X;X;1.0;2.0;2.0;1.0;1.0;1.0;2.0;2.0;1.0;1.0;3.0;0.0;1.0;3.0;0.0;3.0;0.0;1.0;3.0;0.0
2019/20;Sabato;28;Settembre;Sassuolo;Atalanta;1;4;False;False;True;-1;1;2;0;3;228;2;1;2;2;1;1;2;2;X;X;X;X;1;1;2;2;1;1;X;X;X;X;1.0;1.0;2.0;2.0;1.0;1.0;1.0;2.0;2.0;1.0;4.0;3.0;0.0;1.0;3.0;4.0;3.0;0.0;1.0;3.0
2019/20;Domenica;29;Settembre;Napoli;Brescia;2;1;True;False;False;1;-1;1;3;0;228;1;2;1;2;2;1;1;1;X;X;X;X;2;1;1;2;2;2;X;X;X;X;2.0;1.0;1.0;2.0;2.0;2.0;1.0;1.0;2.0;2.0;1.0;4.0;3.0;0.0;1.0;1.0;4.0;3.0;0.0;1.0
2019/20;Domenica;29;Settembre;Lazio;Genoa;4;0;True;False;False;1;-1;1;3;0;228;1;2;1;1;2;2;1;1;X;X;X;X;2;2;1;1;2;2;X;X;X;X;4.0;2.0;1.0;1.0;2.0;4.0;2.0;1.0;1.0;2.0;0.0;1.0;4.0;3.0;0.0;0.0;1.0;4.0;3.0;0.0
2019/20;Domenica;29;Settembre;Lecce;Roma;0;1;False;False;True;-1;1;2;0;3;228;2;1;2;1;1;2;2;2;X;X;X;X;1;2;2;1;1;1;X;X;X;X;0.0;4.0;2.0;1.0;1.0;0.0;4.0;2.0;1.0;1.0;1.0;0.0;1.0;4.0;3.0;1.0;0.0;1.0;4.0;3.0
2019/20;Domenica;29;Settembre;Udinese;Bologna;1;0;True;False;False;1;-1;1;3;0;228;1;2;1;2;1;1;2;1;X;X;X;X;2;1;2;2;1;2;X;X;X;X;1.0;0.0;4.0;2.0;1.0;1.0;0.0;4.0;2.0;1.0;0.0;1.0;0.0;1.0;4.0;0.0;1.0;0.0;1.0;4.0
2019/20;Domenica;29;Settembre;Cagliari;Hellas Verona;1;1;False;True;False;0;0;X;1;1;228;X;X;X;1;2;1;1;X;X;X;X;X;X;2;1;2;2;X;X;X;X;X;1.0;1.0;0.0;4.0;2.0;1.0;1.0;0.0;4.0;2.0;1.0;0.0;1.0;0.0;1.0;1.0;0.0;1.0;0.0;1.0
2019/20;Domenica;29;Settembre;Milan;Fiorentina;1;3;False;False;True;-1;1;2;0;3;228;2;1;2;X;1;2;1;2;X;X;X;X;1;X;2;1;2;1;X;X;X;X;1.0;1.0;1.0;0.0;4.0;1.0;1.0;1.0;0.0;4.0;3.0;1.0;0.0;1.0;0.0;3.0;1.0;0.0;1.0;0.0
2019/20;Lunedì;30;Settembre;Parma;Torino;3;2;True;False;False;1;-1;1;3;0;228;1;2;1;2;X;1;2;1;X;X;X;X;2;1;X;2;1;2;X;X;X;X;3.0;1.0;1.0;1.0;0.0;3.0;1.0;1.0;1.0;0.0;2.0;3.0;1.0;0.0;1.0;2.0;3.0;1.0;0.0;1.0
2019/20;Sabato;5;Ottobre;SPAL;Parma;1;0;True;False;False;1;-1;1;3;0;228;1;2;1;1;2;X;1;1;X;X;X;X;2;2;1;X;2;2;X;X;X;X;1.0;3.0;1.0;1.0;1.0;1.0;3.0;1.0;1.0;1.0;0.0;2.0;3.0;1.0;0.0;0.0;2.0;3.0;1.0;0.0
2019/20;Sabato;5;Ottobre;Hellas Verona;Sampdoria;2;0;True;False;False;1;-1;1;3;0;228;1;2;1;1;1;2;X;1;X;X;X;X;2;2;2;1;X;2;X;X;X;X;2.0;1.0;3.0;1.0;1.0;2.0;1.0;3.0;1.0;1.0;0.0;0.0;2.0;3.0;1.0;0.0;0.0;2.0;3.0;1.0
2019/20;Sabato;5;Ottobre;Genoa;Milan;1;2;False;False;True;-1;1;2;0;3;228;2;1;2;1;1;1;2;2;X;X;X;X;1;2;2;2;1;1;X;X;X;X;1.0;2.0;1.0;3.0;1.0;1.0;2.0;1.0;3.0;1.0;2.0;0.0;0.0;2.0;3.0;2.0;0.0;0.0;2.0;3.0
2019/20;Domenica;6;Ottobre;Fiorentina;Udinese;1;0;True;False;False;1;-1;1;3;0;228;1;2;1;2;1;1;1;1;X;X;X;X;2;1;2;2;2;2;X;X;X;X;1.0;1.0;2.0;1.0;3.0;1.0;1.0;2.0;1.0;3.0;0.0;2.0;0.0;0.0;2.0;0.0;2.0;0.0;0.0;2.0
2019/20;Domenica;6;Ottobre;Roma;Cagliari;1;1;False;True;False;0;0;X;1;1;228;X;X;X;1;2;1;1;X;X;X;X;X;X;2;1;2;2;X;X;X;X;X;1.0;1.0;1.0;2.0;1.0;1.0;1.0;1.0;2.0;1.0;1.0;0.0;2.0;0.0;0.0;1.0;0.0;2.0;0.0;0.0
2019/20;Domenica;6;Ottobre;Atalanta;Lecce;3;1;True;False;False;1;-1;1;3;0;228;1;2;1;X;1;2;1;1;X;X;X;X;2;X;2;1;2;2;X;X;X;X;3.0;1.0;1.0;1.0;2.0;3.0;1.0;1.0;1.0;2.0;1.0;1.0;0.0;2.0;0.0;1.0;1.0;0.0;2.0;0.0
2019/20;Domenica;6;Ottobre;Bologna;Lazio;2;2;False;True;False;0;0;X;1;1;228;X;X;X;1;X;1;2;X;X;X;X;X;X;2;X;2;1;X;X;X;X;X;2.0;3.0;1.0;1.0;1.0;2.0;3.0;1.0;1.0;1.0;2.0;1.0;1.0;0.0;2.0;2.0;1.0;1.0;0.0;2.0
2019/20;Domenica;6;Ottobre;Torino;Napoli;0;0;False;True;False;0;0;X;1;1;228;X;X;X;X;1;X;1;X;X;X;X;X;X;X;2;X;2;X;X;X;X;X;0.0;2.0;3.0;1.0;1.0;0.0;2.0;3.0;1.0;1.0;0.0;2.0;1.0;1.0;0.0;0.0;2.0;1.0;1.0;0.0
2019/20;Domenica;6;Ottobre;Inter;Juventus;1;2;False;False;True;-1;1;2;0;3;228;2;1;2;X;X;1;X;2;X;X;X;X;1;X;X;2;X;1;X;X;X;X;1.0;0.0;2.0;3.0;1.0;1.0;0.0;2.0;3.0;1.0;2.0;0.0;2.0;1.0;1.0;2.0;0.0;2.0;1.0;1.0
2019/20;Sabato;19;Ottobre;Lazio;Atalanta;3;3;False;True;False;0;0;X;1;1;228;X;X;X;2;X;X;1;X;X;X;X;X;X;1;X;X;2;X;X;X;X;X;3.0;1.0;0.0;2.0;3.0;3.0;1.0;0.0;2.0;3.0;3.0;2.0;0.0;2.0;1.0;3.0;2.0;0.0;2.0;1.0
2019/20;Sabato;19;Ottobre;Napoli;Hellas Verona;2;0;True;False;False;1;-1;1;3;0;228;1;2;1;X;2;X;X;1;X;X;X;X;2;X;1;X;X;2;X;X;X;X;2.0;3.0;1.0;0.0;2.0;2.0;3.0;1.0;0.0;2.0;0.0;3.0;2.0;0.0;2.0;0.0;3.0;2.0;0.0;2.0
2019/20;Sabato;19;Ottobre;Juventus;Bologna;2;1;True;False;False;1;-1;1;3;0;228;1;2;1;1;X;2;X;1;X;X;X;X;2;2;X;1;X;2;X;X;X;X;2.0;2.0;3.0;1.0;0.0;2.0;2.0;3.0;1.0;0.0;1.0;0.0;3.0;2.0;0.0;1.0;0.0;3.0;2.0;0.0
2019/20;Domenica;20;Ottobre;Sassuolo;Inter;3;4;False;False;True;-1;1;2;0;3;228;2;1;2;1;1;X;2;2;X;X;X;X;1;2;2;X;1;1;X;X;X;X;3.0;2.0;2.0;3.0;1.0;3.0;2.0;2.0;3.0;1.0;4.0;1.0;0.0;3.0;2.0;4.0;1.0;0.0;3.0;2.0
2019/20;Domenica;20;Ottobre;Cagliari;SPAL;2;0;True;False;False;1;-1;1;3;0;228;1;2;1;2;1;1;X;1;X;X;X;X;2;1;2;2;X;2;X;X;X;X;2.0;3.0;2.0;2.0;3.0;2.0;3.0;2.0;2.0;3.0;0.0;4.0;1.0;0.0;3.0;0.0;4.0;1.0;0.0;3.0
2019/20;Domenica;20;Ottobre;Sampdoria;Roma;0;0;False;True;False;0;0;X;1;1;228;X;X;X;1;2;1;1;X;X;X;X;X;X;2;1;2;2;X;X;X;X;X;0.0;2.0;3.0;2.0;2.0;0.0;2.0;3.0;2.0;2.0;0.0;0.0;4.0;1.0;0.0;0.0;0.0;4.0;1.0;0.0
2019/20;Domenica;20;Ottobre;Udinese;Torino;1;0;True;False;False;1;-1;1;3;0;228;1;2;1;X;1;2;1;1;X;X;X;X;2;X;2;1;2;2;X;X;X;X;1.0;0.0;2.0;3.0;2.0;1.0;0.0;2.0;3.0;2.0;0.0;0.0;0.0;4.0;1.0;0.0;0.0;0.0;4.0;1.0
2019/20;Domenica;20;Ottobre;Parma;Genoa;5;1;True;False;False;1;-1;1;3;0;228;1;2;1;1;X;1;2;1;X;X;X;X;2;2;X;2;1;2;X;X;X;X;5.0;1.0;0.0;2.0;3.0;5.0;1.0;0.0;2.0;3.0;1.0;0.0;0.0;0.0;4.0;1.0;0.0;0.0;0.0;4.0
2019/20;Domenica;20;Ottobre;Milan;Lecce;2;2;False;True;False;0;0;X;1;1;228;X;X;X;1;1;X;1;X;X;X;X;X;X;2;2;X;2;X;X;X;X;X;2.0;5.0;1.0;0.0;2.0;2.0;5.0;1.0;0.0;2.0;2.0;1.0;0.0;0.0;0.0;2.0;1.0;0.0;0.0;0.0
2019/20;Lunedì;21;Ottobre;Brescia;Fiorentina;0;0;False;True;False;0;0;X;1;1;228;X;X;X;X;1;1;X;X;X;X;X;X;X;X;2;2;X;X;X;X;X;X;0.0;2.0;5.0;1.0;0.0;0.0;2.0;5.0;1.0;0.0;0.0;2.0;1.0;0.0;0.0;0.0;2.0;1.0;0.0;0.0
2019/20;Venerdì;25;Ottobre;Hellas Verona;Sassuolo;0;1;False;False;True;-1;1;2;0;3;228;2;1;2;X;X;1;1;2;X;X;X;X;1;X;X;2;2;1;X;X;X;X;0.0;0.0;2.0;5.0;1.0;0.0;0.0;2.0;5.0;1.0;1.0;0.0;2.0;1.0;0.0;1.0;0.0;2.0;1.0;0.0
2019/20;Sabato;26;Ottobre;Lecce;Juventus;1;1;False;True;False;0;0;X;1;1;228;X;X;X;2;X;X;1;X;X;X;X;X;X;1;X;X;2;X;X;X;X;X;1.0;0.0;0.0;2.0;5.0;1.0;0.0;0.0;2.0;5.0;1.0;1.0;0.0;2.0;1.0;1.0;1.0;0.0;2.0;1.0
2019/20;Sabato;26;Ottobre;Inter;Parma;2;2;False;True;False;0;0;X;1;1;228;X;X;X;X;2;X;X;X;X;X;X;X;X;X;1;X;X;X;X;X;X;X;2.0;1.0;0.0;0.0;2.0;2.0;1.0;0.0;0.0;2.0;2.0;1.0;1.0;0.0;2.0;2.0;1.0;1.0;0.0;2.0
2019/20;Sabato;26;Ottobre;Genoa;Brescia;3;1;True;False;False;1;-1;1;3;0;228;1;2;1;X;X;2;X;1;X;X;X;X;2;X;X;1;X;2;X;X;X;X;3.0;2.0;1.0;0.0;0.0;3.0;2.0;1.0;0.0;0.0;1.0;2.0;1.0;1.0;0.0;1.0;2.0;1.0;1.0;0.0
2019/20;Domenica;27;Ottobre;Bologna;Sampdoria;2;1;True;False;False;1;-1;1;3;0;228;1;2;1;1;X;X;2;1;X;X;X;X;2;2;X;X;1;2;X;X;X;X;2.0;3.0;2.0;1.0;0.0;2.0;3.0;2.0;1.0;0.0;1.0;1.0;2.0;1.0;1.0;1.0;1.0;2.0;1.0;1.0
2019/20;Domenica;27;Ottobre;Atalanta;Udinese;7;1;True;False;False;1;-1;1;3;0;228;1;2;1;1;1;X;X;1;X;X;X;X;2;2;2;X;X;2;X;X;X;X;7.0;2.0;3.0;2.0;1.0;7.0;2.0;3.0;2.0;1.0;1.0;1.0;1.0;2.0;1.0;1.0;1.0;1.0;2.0;1.0
2019/20;Domenica;27;Ottobre;SPAL;Napoli;1;1;False;True;False;0;0;X;1;1;228;X;X;X;1;1;1;X;X;X;X;X;X;X;2;2;2;X;X;X;X;X;X;1.0;7.0;2.0;3.0;2.0;1.0;7.0;2.0;3.0;2.0;1.0;1.0;1.0;1.0;2.0;1.0;1.0;1.0;1.0;2.0
2019/20;Domenica;27;Ottobre;Torino;Cagliari;1;1;False;True;False;0;0;X;1;1;228;X;X;X;X;1;1;1;X;X;X;X;X;X;X;2;2;2;X;X;X;X;X;1.0;1.0;7.0;2.0;3.0;1.0;1.0;7.0;2.0;3.0;1.0;1.0;1.0;1.0;1.0;1.0;1.0;1.0;1.0;1.0
2019/20;Domenica;27;Ottobre;Roma;Milan;2;1;True;False;False;1;-1;1;3;0;228;1;2;1;X;X;1;1;1;X;X;X;X;2;X;X;2;2;2;X;X;X;X;2.0;1.0;1.0;7.0;2.0;2.0;1.0;1.0;7.0;2.0;1.0;1.0;1.0;1.0;1.0;1.0;1.0;1.0;1.0;1.0
2019/20;Domenica;27;Ottobre;Fiorentina;Lazio;1;2;False;False;True;-1;1;2;0;3;228;2;1;2;1;X;X;1;2;X;X;X;X;1;2;X;X;2;1;X;X;X;X;1.0;2.0;1.0;1.0;7.0;1.0;2.0;1.0;1.0;7.0;2.0;1.0;1.0;1.0;1.0;2.0;1.0;1.0;1.0;1.0
2019/20;Martedì;29;Ottobre;Parma;Hellas Verona;0;1;False;False;True;-1;1;2;0;3;228;2;1;2;2;1;X;X;2;X;X;X;X;1;1;2;X;X;1;X;X;X;X;0.0;1.0;2.0;1.0;1.0;0.0;1.0;2.0;1.0;1.0;1.0;2.0;1.0;1.0;1.0;1.0;2.0;1.0;1.0;1.0
2019/20;Martedì;29;Ottobre;Brescia;Inter;1;2;False;False;True;-1;1;2;0;3;228;2;1;2;2;2;1;X;2;X;X;X;X;1;1;1;2;X;1;X;X;X;X;1.0;0.0;1.0;2.0;1.0;1.0;0.0;1.0;2.0;1.0;2.0;1.0;2.0;1.0;1.0;2.0;1.0;2.0;1.0;1.0
2019/20;Mercoledì;30;Ottobre;Napoli;Atalanta;2;2;False;True;False;0;0;X;1;1;228;X;X;X;2;2;2;1;X;X;X;X;X;X;1;1;1;2;X;X;X;X;X;2.0;1.0;0.0;1.0;2.0;2.0;1.0;0.0;1.0;2.0;2.0;2.0;1.0;2.0;1.0;2.0;2.0;1.0;2.0;1.0
2019/20;Mercoledì;30;Ottobre;Cagliari;Bologna;3;2;True;False;False;1;-1;1;3;0;228;1;2;1;X;2;2;2;1;X;X;X;X;2;X;1;1;1;2;X;X;X;X;3.0;2.0;1.0;0.0;1.0;3.0;2.0;1.0;0.0;1.0;2.0;2.0;2.0;1.0;2.0;2.0;2.0;2.0;1.0;2.0
2019/20;Mercoledì;30;Ottobre;Juventus;Genoa;2;1;True;False;False;1;-1;1;3;0;228;1;2;1;1;X;2;2;1;X;X;X;X;2;2;X;1;1;2;X;X;X;X;2.0;3.0;2.0;1.0;0.0;2.0;3.0;2.0;1.0;0.0;1.0;2.0;2.0;2.0;1.0;1.0;2.0;2.0;2.0;1.0
2019/20;Mercoledì;30;Ottobre;Lazio;Torino;4;0;True;False;False;1;-1;1;3;0;228;1;2;1;1;1;X;2;1;X;X;X;X;2;2;2;X;1;2;X;X;X;X;4.0;2.0;3.0;2.0;1.0;4.0;2.0;3.0;2.0;1.0;0.0;1.0;2.0;2.0;2.0;0.0;1.0;2.0;2.0;2.0
2019/20;Mercoledì;30;Ottobre;Sampdoria;Lecce;1;1;False;True;False;0;0;X;1;1;228;X;X;X;1;1;1;X;X;X;X;X;X;X;2;2;2;X;X;X;X;X;X;1.0;4.0;2.0;3.0;2.0;1.0;4.0;2.0;3.0;2.0;1.0;0.0;1.0;2.0;2.0;1.0;0.0;1.0;2.0;2.0
2019/20;Mercoledì;30;Ottobre;Sassuolo;Fiorentina;1;2;False;False;True;-1;1;2;0;3;228;2;1;2;X;1;1;1;2;X;X;X;X;1;X;2;2;2;1;X;X;X;X;1.0;1.0;4.0;2.0;3.0;1.0;1.0;4.0;2.0;3.0;2.0;1.0;0.0;1.0;2.0;2.0;1.0;0.0;1.0;2.0
2019/20;Mercoledì;30;Ottobre;Udinese;Roma;0;4;False;False;True;-1;1;2;0;3;228;2;1;2;2;X;1;1;2;X;X;X;X;1;1;X;2;2;1;X;X;X;X;0.0;1.0;1.0;4.0;2.0;0.0;1.0;1.0;4.0;2.0;4.0;2.0;1.0;0.0;1.0;4.0;2.0;1.0;0.0;1.0
2019/20;Giovedì;31;Ottobre;Milan;SPAL;1;0;True;False;False;1;-1;1;3;0;228;1;2;1;2;2;X;1;1;X;X;X;X;2;1;1;X;2;2;X;X;X;X;1.0;0.0;1.0;1.0;4.0;1.0;0.0;1.0;1.0;4.0;0.0;4.0;2.0;1.0;0.0;0.0;4.0;2.0;1.0;0.0
2019/20;Sabato;2;Novmbre;Roma;Napoli;2;1;True;False;False;1;-1;1;3;0;228;1;2;1;1;2;2;X;1;X;X;X;X;2;2;1;1;X;2;X;X;X;X;2.0;1.0;0.0;1.0;1.0;2.0;1.0;0.0;1.0;1.0;1.0;0.0;4.0;2.0;1.0;1.0;0.0;4.0;2.0;1.0
2019/20;Sabato;2;Novmbre;Bologna;Inter;1;2;False;False;True;-1;1;2;0;3;228;2;1;2;1;1;2;2;2;X;X;X;X;1;2;2;1;1;1;X;X;X;X;1.0;2.0;1.0;0.0;1.0;1.0;2.0;1.0;0.0;1.0;2.0;1.0;0.0;4.0;2.0;2.0;1.0;0.0;4.0;2.0
2019/20;Sabato;2;Novmbre;Torino;Juventus;0;1;False;False;True;-1;1;2;0;3;228;2;1;2;2;1;1;2;2;X;X;X;X;1;1;2;2;1;1;X;X;X;X;0.0;1.0;2.0;1.0;0.0;0.0;1.0;2.0;1.0;0.0;1.0;2.0;1.0;0.0;4.0;1.0;2.0;1.0;0.0;4.0
2019/20;Domenica;3;Novmbre;Atalanta;Cagliari;0;2;False;False;True;-1;1;2;0;3;228;2;1;2;2;2;1;1;2;X;X;X;X;1;1;1;2;2;1;X;X;X;X;0.0;0.0;1.0;2.0;1.0;0.0;0.0;1.0;2.0;1.0;2.0;1.0;2.0;1.0;0.0;2.0;1.0;2.0;1.0;0.0
2019/20;Domenica;3;Novmbre;Genoa;Udinese;1;3;False;False;True;-1;1;2;0;3;228;2;1;2;2;2;2;1;2;X;X;X;X;1;1;1;1;2;1;X;X;X;X;1.0;0.0;0.0;1.0;2.0;1.0;0.0;0.0;1.0;2.0;3.0;2.0;1.0;2.0;1.0;3.0;2.0;1.0;2.0;1.0
2019/20;Domenica;3;Novmbre;Hellas Verona;Brescia;2;1;True;False;False;1;-1;1;3;0;228;1;2;1;2;2;2;2;1;X;X;X;X;2;1;1;1;1;2;X;X;X;X;2.0;1.0;0.0;0.0;1.0;2.0;1.0;0.0;0.0;1.0;1.0;3.0;2.0;1.0;2.0;1.0;3.0;2.0;1.0;2.0
2019/20;Domenica;3;Novmbre;Lecce;Sassuolo;2;2;False;True;False;0;0;X;1;1;228;X;X;X;1;2;2;2;X;X;X;X;X;X;2;1;1;1;X;X;X;X;X;2.0;2.0;1.0;0.0;0.0;2.0;2.0;1.0;0.0;0.0;2.0;1.0;3.0;2.0;1.0;2.0;1.0;3.0;2.0;1.0
2019/20;Domenica;3;Novmbre;Fiorentina;Parma;1;1;False;True;False;0;0;X;1;1;228;X;X;X;X;1;2;2;X;X;X;X;X;X;X;2;1;1;X;X;X;X;X;1.0;2.0;2.0;1.0;0.0;1.0;2.0;2.0;1.0;0.0;1.0;2.0;1.0;3.0;2.0;1.0;2.0;1.0;3.0;2.0
2019/20;Domenica;3;Novmbre;Milan;Lazio;1;2;False;False;True;-1;1;2;0;3;228;2;1;2;X;X;1;2;2;X;X;X;X;1;X;X;2;1;1;X;X;X;X;1.0;1.0;2.0;2.0;1.0;1.0;1.0;2.0;2.0;1.0;2.0;1.0;2.0;1.0;3.0;2.0;1.0;2.0;1.0;3.0
2019/20;Lunedì;4;Novmbre;SPAL;Sampdoria;0;1;False;False;True;-1;1;2;0;3;228;2;1;2;2;X;X;1;2;X;X;X;X;1;1;X;X;2;1;X;X;X;X;0.0;1.0;1.0;2.0;2.0;0.0;1.0;1.0;2.0;2.0;1.0;2.0;1.0;2.0;1.0;1.0;2.0;1.0;2.0;1.0
2019/20;Venerdì;8;Novmbre;Sassuolo;Bologna;3;1;True;False;False;1;-1;1;3;0;228;1;2;1;2;2;X;X;1;X;X;X;X;2;1;1;X;X;2;X;X;X;X;3.0;0.0;1.0;1.0;2.0;3.0;0.0;1.0;1.0;2.0;1.0;1.0;2.0;1.0;2.0;1.0;1.0;2.0;1.0;2.0
2019/20;Sabato;9;Novmbre;Brescia;Torino;0;4;False;False;True;-1;1;2;0;3;228;2;1;2;1;2;2;X;2;X;X;X;X;1;2;1;1;X;1;X;X;X;X;0.0;3.0;0.0;1.0;1.0;0.0;3.0;0.0;1.0;1.0;4.0;1.0;1.0;2.0;1.0;4.0;1.0;1.0;2.0;1.0
2019/20;Sabato;9;Novmbre;Inter;Hellas Verona;2;1;True;False;False;1;-1;1;3;0;228;1;2;1;2;1;2;2;1;X;X;X;X;2;1;2;1;1;2;X;X;X;X;2.0;0.0;3.0;0.0;1.0;2.0;0.0;3.0;0.0;1.0;1.0;4.0;1.0;1.0;2.0;1.0;4.0;1.0;1.0;2.0
2019/20;Sabato;9;Novmbre;Napoli;Genoa;0;0;False;True;False;0;0;X;1;1;228;X;X;X;1;2;1;2;X;X;X;X;X;X;2;1;2;1;X;X;X;X;X;0.0;2.0;0.0;3.0;0.0;0.0;2.0;0.0;3.0;0.0;0.0;1.0;4.0;1.0;1.0;0.0;1.0;4.0;1.0;1.0
2019/20;Domenica;10;Novmbre;Cagliari;Fiorentina;5;2;True;False;False;1;-1;1;3;0;228;1;2;1;X;1;2;1;1;X;X;X;X;2;X;2;1;2;2;X;X;X;X;5.0;0.0;2.0;0.0;3.0;5.0;0.0;2.0;0.0;3.0;2.0;0.0;1.0;4.0;1.0;2.0;0.0;1.0;4.0;1.0
2019/20;Domenica;10;Novmbre;Lazio;Lecce;4;2;True;False;False;1;-1;1;3;0;228;1;2;1;1;X;1;2;1;X;X;X;X;2;2;X;2;1;2;X;X;X;X;4.0;5.0;0.0;2.0;0.0;4.0;5.0;0.0;2.0;0.0;2.0;2.0;0.0;1.0;4.0;2.0;2.0;0.0;1.0;4.0
2019/20;Domenica;10;Novmbre;Sampdoria;Atalanta;0;0;False;True;False;0;0;X;1;1;228;X;X;X;1;1;X;1;X;X;X;X;X;X;2;2;X;2;X;X;X;X;X;0.0;4.0;5.0;0.0;2.0;0.0;4.0;5.0;0.0;2.0;0.0;2.0;2.0;0.0;1.0;0.0;2.0;2.0;0.0;1.0
2019/20;Domenica;10;Novmbre;Udinese;SPAL;0;0;False;True;False;0;0;X;1;1;228;X;X;X;X;1;1;X;X;X;X;X;X;X;X;2;2;X;X;X;X;X;X;0.0;0.0;4.0;5.0;0.0;0.0;0.0;4.0;5.0;0.0;0.0;0.0;2.0;2.0;0.0;0.0;0.0;2.0;2.0;0.0
2019/20;Domenica;10;Novmbre;Parma;Roma;2;0;True;False;False;1;-1;1;3;0;228;1;2;1;X;X;1;1;1;X;X;X;X;2;X;X;2;2;2;X;X;X;X;2.0;0.0;0.0;4.0;5.0;2.0;0.0;0.0;4.0;5.0;0.0;0.0;0.0;2.0;2.0;0.0;0.0;0.0;2.0;2.0
2019/20;Domenica;10;Novmbre;Juventus;Milan;1;0;True;False;False;1;-1;1;3;0;228;1;2;1;1;X;X;1;1;X;X;X;X;2;2;X;X;2;2;X;X;X;X;1.0;2.0;0.0;0.0;4.0;1.0;2.0;0.0;0.0;4.0;0.0;0.0;0.0;0.0;2.0;0.0;0.0;0.0;0.0;2.0
2019/20;Sabato;23;Novmbre;Atalanta;Juventus;1;3;False;False;True;-1;1;2;0;3;228;2;1;2;1;1;X;X;2;X;X;X;X;1;2;2;X;X;1;X;X;X;X;1.0;1.0;2.0;0.0;0.0;1.0;1.0;2.0;0.0;0.0;3.0;0.0;0.0;0.0;0.0;3.0;0.0;0.0;0.0;0.0
2019/20;Sabato;23;Novmbre;Milan;Napoli;1;1;False;True;False;0;0;X;1;1;228;X;X;X;2;1;1;X;X;X;X;X;X;X;1;2;2;X;X;X;X;X;X;1.0;1.0;1.0;2.0;0.0;1.0;1.0;1.0;2.0;0.0;1.0;3.0;0.0;0.0;0.0;1.0;3.0;0.0;0.0;0.0
2019/20;Sabato;23;Novmbre;Torino;Inter;0;3;False;False;True;-1;1;2;0;3;228;2;1;2;X;2;1;1;2;X;X;X;X;1;X;1;2;2;1;X;X;X;X;0.0;1.0;1.0;1.0;2.0;0.0;1.0;1.0;1.0;2.0;3.0;1.0;3.0;0.0;0.0;3.0;1.0;3.0;0.0;0.0
2019/20;Domenica;24;Novmbre;Bologna;Parma;2;2;False;True;False;0;0;X;1;1;228;X;X;X;2;X;2;1;X;X;X;X;X;X;1;X;1;2;X;X;X;X;X;2.0;0.0;1.0;1.0;1.0;2.0;0.0;1.0;1.0;1.0;2.0;3.0;1.0;3.0;0.0;2.0;3.0;1.0;3.0;0.0
2019/20;Domenica;24;Novmbre;Roma;Brescia;3;0;True;False;False;1;-1;1;3;0;228;1;2;1;X;2;X;2;1;X;X;X;X;2;X;1;X;1;2;X;X;X;X;3.0;2.0;0.0;1.0;1.0;3.0;2.0;0.0;1.0;1.0;0.0;2.0;3.0;1.0;3.0;0.0;2.0;3.0;1.0;3.0
2019/20;Domenica;24;Novmbre;Hellas Verona;Fiorentina;1;0;True;False;False;1;-1;1;3;0;228;1;2;1;1;X;2;X;1;X;X;X;X;2;2;X;1;X;2;X;X;X;X;1.0;3.0;2.0;0.0;1.0;1.0;3.0;2.0;0.0;1.0;0.0;0.0;2.0;3.0;1.0;0.0;0.0;2.0;3.0;1.0
2019/20;Domenica;24;Novmbre;Sassuolo;Lazio;1;2;False;False;True;-1;1;2;0;3;228;2;1;2;1;1;X;2;2;X;X;X;X;1;2;2;X;1;1;X;X;X;X;1.0;1.0;3.0;2.0;0.0;1.0;1.0;3.0;2.0;0.0;2.0;0.0;0.0;2.0;3.0;2.0;0.0;0.0;2.0;3.0
2019/20;Domenica;24;Novmbre;Sampdoria;Udinese;2;1;True;False;False;1;-1;1;3;0;228;1;2;1;2;1;1;X;1;X;X;X;X;2;1;2;2;X;2;X;X;X;X;2.0;1.0;1.0;3.0;2.0;2.0;1.0;1.0;3.0;2.0;1.0;2.0;0.0;0.0;2.0;1.0;2.0;0.0;0.0;2.0
2019/20;Lunedì;25;Novmbre;Lecce;Cagliari;2;2;False;True;False;0;0;X;1;1;228;X;X;X;1;2;1;1;X;X;X;X;X;X;2;1;2;2;X;X;X;X;X;2.0;2.0;1.0;1.0;3.0;2.0;2.0;1.0;1.0;3.0;2.0;1.0;2.0;0.0;0.0;2.0;1.0;2.0;0.0;0.0
2019/20;Lunedì;25;Novmbre;SPAL;Genoa;1;1;False;True;False;0;0;X;1;1;228;X;X;X;X;1;2;1;X;X;X;X;X;X;X;2;1;2;X;X;X;X;X;1.0;2.0;2.0;1.0;1.0;1.0;2.0;2.0;1.0;1.0;1.0;2.0;1.0;2.0;0.0;1.0;2.0;1.0;2.0;0.0
2019/20;Sabato;30;Novmbre;Brescia;Atalanta;0;3;False;False;True;-1;1;2;0;3;228;2;1;2;X;X;1;2;2;X;X;X;X;1;X;X;2;1;1;X;X;X;X;0.0;1.0;2.0;2.0;1.0;0.0;1.0;2.0;2.0;1.0;3.0;1.0;2.0;1.0;2.0;3.0;1.0;2.0;1.0;2.0
2019/20;Sabato;30;Novmbre;Genoa;Torino;0;1;False;False;True;-1;1;2;0;3;228;2;1;2;2;X;X;1;2;X;X;X;X;1;1;X;X;2;1;X;X;X;X;0.0;0.0;1.0;2.0;2.0;0.0;0.0;1.0;2.0;2.0;1.0;3.0;1.0;2.0;1.0;1.0;3.0;1.0;2.0;1.0
2019/20;Sabato;30;Novmbre;Fiorentina;Lecce;0;1;False;False;True;-1;1;2;0;3;228;2;1;2;2;2;X;X;2;X;X;X;X;1;1;1;X;X;1;X;X;X;X;0.0;0.0;0.0;1.0;2.0;0.0;0.0;0.0;1.0;2.0;1.0;1.0;3.0;1.0;2.0;1.0;1.0;3.0;1.0;2.0
2019/20;Domenica;1;Dicembre;Juventus;Sassuolo;2;2;False;True;False;0;0;X;1;1;228;X;X;X;2;2;2;X;X;X;X;X;X;X;1;1;1;X;X;X;X;X;X;2.0;0.0;0.0;0.0;1.0;2.0;0.0;0.0;0.0;1.0;2.0;1.0;1.0;3.0;1.0;2.0;1.0;1.0;3.0;1.0
2019/20;Domenica;1;Dicembre;Inter;SPAL;2;1;True;False;False;1;-1;1;3;0;228;1;2;1;X;2;2;2;1;X;X;X;X;2;X;1;1;1;2;X;X;X;X;2.0;2.0;0.0;0.0;0.0;2.0;2.0;0.0;0.0;0.0;1.0;2.0;1.0;1.0;3.0;1.0;2.0;1.0;1.0;3.0
2019/20;Domenica;1;Dicembre;Lazio;Udinese;3;0;True;False;False;1;-1;1;3;0;228;1;2;1;1;X;2;2;1;X;X;X;X;2;2;X;1;1;2;X;X;X;X;3.0;2.0;2.0;0.0;0.0;3.0;2.0;2.0;0.0;0.0;0.0;1.0;2.0;1.0;1.0;0.0;1.0;2.0;1.0;1.0
2019/20;Domenica;1;Dicembre;Parma;Milan;0;1;False;False;True;-1;1;2;0;3;228;2;1;2;1;1;X;2;2;X;X;X;X;1;2;2;X;1;1;X;X;X;X;0.0;3.0;2.0;2.0;0.0;0.0;3.0;2.0;2.0;0.0;1.0;0.0;1.0;2.0;1.0;1.0;0.0;1.0;2.0;1.0
2019/20;Domenica;1;Dicembre;Napoli;Bologna;1;2;False;False;True;-1;1;2;0;3;228;2;1;2;2;1;1;X;2;X;X;X;X;1;1;2;2;X;1;X;X;X;X;1.0;0.0;3.0;2.0;2.0;1.0;0.0;3.0;2.0;2.0;2.0;1.0;0.0;1.0;2.0;2.0;1.0;0.0;1.0;2.0
2019/20;Domenica;1;Dicembre;Hellas Verona;Roma;1;3;False;False;True;-1;1;2;0;3;228;2;1;2;2;2;1;1;2;X;X;X;X;1;1;1;2;2;1;X;X;X;X;1.0;1.0;0.0;3.0;2.0;1.0;1.0;0.0;3.0;2.0;3.0;2.0;1.0;0.0;1.0;3.0;2.0;1.0;0.0;1.0
2019/20;Lunedì;2;Dicembre;Cagliari;Sampdoria;4;3;True;False;False;1;-1;1;3;0;228;1;2;1;2;2;2;1;1;X;X;X;X;2;1;1;1;2;2;X;X;X;X;4.0;1.0;1.0;0.0;3.0;4.0;1.0;1.0;0.0;3.0;3.0;3.0;2.0;1.0;0.0;3.0;3.0;2.0;1.0;0.0
2019/20;Venerdì;6;Dicembre;Inter;Roma;0;0;False;True;False;0;0;X;1;1;228;X;X;X;1;2;2;2;X;X;X;X;X;X;2;1;1;1;X;X;1;X;X;0.0;4.0;1.0;1.0;0.0;0.0;4.0;1.0;1.0;0.0;0.0;3.0;3.0;2.0;1.0;0.0;3.0;3.0;2.0;1.0
2019/20;Sabato;7;Dicembre;Atalanta;Hellas Verona;3;2;True;False;False;1;-1;1;3;0;228;1;2;1;X;1;2;2;1;X;X;X;X;2;X;2;1;1;2;X;X;X;X;3.0;0.0;4.0;1.0;1.0;3.0;0.0;4.0;1.0;1.0;2.0;0.0;3.0;3.0;2.0;2.0;0.0;3.0;3.0;2.0
2019/20;Sabato;7;Dicembre;Udinese;Napoli;1;1;False;True;False;0;0;X;1;1;228;X;X;X;1;X;1;2;X;X;X;X;X;X;2;X;2;1;X;X;X;X;X;1.0;3.0;0.0;4.0;1.0;1.0;3.0;0.0;4.0;1.0;1.0;2.0;0.0;3.0;3.0;1.0;2.0;0.0;3.0;3.0
2019/20;Sabato;7;Dicembre;Lazio;Juventus;3;1;True;False;False;1;-1;1;3;0;228;1;2;1;X;1;X;1;1;X;X;X;X;2;X;2;X;2;2;X;X;X;X;3.0;1.0;3.0;0.0;4.0;3.0;1.0;3.0;0.0;4.0;1.0;1.0;2.0;0.0;3.0;1.0;1.0;2.0;0.0;3.0
2019/20;Domenica;8;Dicembre;Lecce;Genoa;2;2;False;True;False;0;0;X;1;1;228;X;X;X;1;X;1;X;X;X;X;X;X;X;2;X;2;X;X;X;X;X;X;2.0;3.0;1.0;3.0;0.0;2.0;3.0;1.0;3.0;0.0;2.0;1.0;1.0;2.0;0.0;2.0;1.0;1.0;2.0;0.0
2019/20;Domenica;8;Dicembre;Sassuolo;Cagliari;2;2;False;True;False;0;0;X;1;1;228;X;X;X;X;1;X;1;X;X;X;X;X;X;X;2;X;2;X;X;X;X;X;2.0;2.0;3.0;1.0;3.0;2.0;2.0;3.0;1.0;3.0;2.0;2.0;1.0;1.0;2.0;2.0;2.0;1.0;1.0;2.0
2019/20;Domenica;8;Dicembre;SPAL;Brescia;0;1;False;False;True;-1;1;2;0;3;228;2;1;2;X;X;1;X;2;X;X;X;X;1;X;X;2;X;1;X;X;X;X;0.0;2.0;2.0;3.0;1.0;0.0;2.0;2.0;3.0;1.0;1.0;2.0;2.0;1.0;1.0;1.0;2.0;2.0;1.0;1.0
2019/20;Domenica;8;Dicembre;Torino;Fiorentina;2;1;True;False;False;1;-1;1;3;0;228;1;2;1;2;X;X;1;1;X;X;X;X;2;1;X;X;2;2;X;X;X;X;2.0;0.0;2.0;2.0;3.0;2.0;0.0;2.0;2.0;3.0;1.0;1.0;2.0;2.0;1.0;1.0;1.0;2.0;2.0;1.0
2019/20;Domenica;8;Dicembre;Sampdoria;Parma;0;1;False;False;True;-1;1;2;0;3;228;2;1;2;1;2;X;X;2;X;X;X;X;1;2;1;X;X;1;X;X;X;X;0.0;2.0;0.0;2.0;2.0;0.0;2.0;0.0;2.0;2.0;1.0;1.0;1.0;2.0;2.0;1.0;1.0;1.0;2.0;2.0
2019/20;Domenica;8;Dicembre;Bologna;Milan;2;3;False;False;True;-1;1;2;0;3;228;2;1;2;2;1;2;X;2;X;X;X;X;1;1;2;1;X;1;X;X;X;X;2.0;0.0;2.0;0.0;2.0;2.0;0.0;2.0;0.0;2.0;3.0;1.0;1.0;1.0;2.0;3.0;1.0;1.0;1.0;2.0
2019/20;Sabato;14;Dicembre;Brescia;Lecce;3;0;True;False;False;1;-1;1;3;0;228;1;2;1;2;2;1;2;1;X;X;X;X;2;1;1;2;1;2;X;X;X;X;3.0;2.0;0.0;2.0;0.0;3.0;2.0;0.0;2.0;0.0;0.0;3.0;1.0;1.0;1.0;0.0;3.0;1.0;1.0;1.0
2019/20;Sabato;14;Dicembre;Napoli;Parma;1;2;False;False;True;-1;1;2;0;3;228;2;1;2;1;2;2;1;2;X;X;X;X;1;2;1;1;2;1;X;X;1;X;1.0;3.0;2.0;0.0;2.0;1.0;3.0;2.0;0.0;2.0;2.0;0.0;3.0;1.0;1.0;2.0;0.0;3.0;1.0;1.0
2019/20;Sabato;14;Dicembre;Genoa;Sampdoria;0;1;False;False;True;-1;1;2;0;3;228;2;1;2;2;1;2;2;2;X;X;X;X;1;1;2;1;1;1;X;X;X;X;0.0;1.0;3.0;2.0;0.0;0.0;1.0;3.0;2.0;0.0;1.0;2.0;0.0;3.0;1.0;1.0;2.0;0.0;3.0;1.0
2019/20;Domenica;15;Dicembre;Hellas Verona;Torino;3;3;False;True;False;0;0;X;1;1;228;X;X;X;2;2;1;2;X;X;X;X;X;X;1;1;2;1;X;X;X;X;X;3.0;0.0;1.0;3.0;2.0;3.0;0.0;1.0;3.0;2.0;3.0;1.0;2.0;0.0;3.0;3.0;1.0;2.0;0.0;3.0
2019/20;Domenica;15;Dicembre;Milan;Sassuolo;0;0;False;True;False;0;0;X;1;1;228;X;X;X;X;2;2;1;X;X;X;X;X;X;X;1;1;2;X;X;X;X;X;0.0;3.0;0.0;1.0;3.0;0.0;3.0;0.0;1.0;3.0;0.0;3.0;1.0;2.0;0.0;0.0;3.0;1.0;2.0;0.0
2019/20;Domenica;15;Dicembre;Bologna;Atalanta;2;1;True;False;False;1;-1;1;3;0;228;1;2;1;X;X;2;2;1;X;X;X;X;2;X;X;1;1;2;X;X;X;X;2.0;0.0;3.0;0.0;1.0;2.0;0.0;3.0;0.0;1.0;1.0;0.0;3.0;1.0;2.0;1.0;0.0;3.0;1.0;2.0
2019/20;Domenica;15;Dicembre;Juventus;Udinese;3;1;True;False;False;1;-1;1;3;0;228;1;2;1;1;X;X;2;1;X;X;X;X;2;2;X;X;1;2;X;X;X;X;3.0;2.0;0.0;3.0;0.0;3.0;2.0;0.0;3.0;0.0;1.0;1.0;0.0;3.0;1.0;1.0;1.0;0.0;3.0;1.0
2019/20;Domenica;15;Dicembre;Roma;SPAL;3;1;True;False;False;1;-1;1;3;0;228;1;2;1;1;1;X;X;1;X;X;X;X;2;2;2;X;X;2;X;X;X;X;3.0;3.0;2.0;0.0;3.0;3.0;3.0;2.0;0.0;3.0;1.0;1.0;1.0;0.0;3.0;1.0;1.0;1.0;0.0;3.0
2019/20;Domenica;15;Dicembre;Fiorentina;Inter;1;1;False;True;False;0;0;X;1;1;228;X;X;X;1;1;1;X;X;X;X;X;X;X;2;2;2;X;X;X;X;X;X;1.0;3.0;3.0;2.0;0.0;1.0;3.0;3.0;2.0;0.0;1.0;1.0;1.0;1.0;0.0;1.0;1.0;1.0;1.0;0.0
2019/20;Lunedì;16;Dicembre;Cagliari;Lazio;1;2;False;False;True;-1;1;2;0;3;228;2;1;2;X;1;1;1;2;X;X;X;X;1;X;2;2;2;1;X;X;X;X;1.0;1.0;3.0;3.0;2.0;1.0;1.0;3.0;3.0;2.0;2.0;1.0;1.0;1.0;1.0;2.0;1.0;1.0;1.0;1.0
2019/20;Mercoledì;18;Dicembre;Sampdoria;Juventus;1;2;False;False;True;-1;1;2;0;3;228;2;1;2;2;X;1;1;2;X;X;X;X;1;1;X;2;2;1;X;X;X;X;1.0;1.0;1.0;3.0;3.0;1.0;1.0;1.0;3.0;3.0;2.0;2.0;1.0;1.0;1.0;2.0;2.0;1.0;1.0;1.0
2019/20;Mercoledì;18;Dicembre;Brescia;Sassuolo;0;2;False;False;True;-1;1;2;0;3;228;2;1;2;2;2;X;1;2;X;X;X;X;1;1;1;X;2;1;X;X;X;X;0.0;1.0;1.0;1.0;3.0;0.0;1.0;1.0;1.0;3.0;2.0;2.0;2.0;1.0;1.0;2.0;2.0;2.0;1.0;1.0
2019/20;Venerdì;20;Dicembre;Fiorentina;Roma;1;4;False;False;True;-1;1;2;0;3;228;2;1;2;2;2;2;X;2;X;X;X;X;1;1;1;1;X;1;X;X;X;X;1.0;0.0;1.0;1.0;1.0;1.0;0.0;1.0;1.0;1.0;4.0;2.0;2.0;2.0;1.0;4.0;2.0;2.0;2.0;1.0
2019/20;Sabato;21;Dicembre;Udinese;Cagliari;2;1;True;False;False;1;-1;1;3;0;228;1;2;1;2;2;2;2;1;X;X;X;X;2;1;1;1;1;2;X;X;X;X;2.0;1.0;0.0;1.0;1.0;2.0;1.0;0.0;1.0;1.0;1.0;4.0;2.0;2.0;2.0;1.0;4.0;2.0;2.0;2.0
2019/20;Sabato;21;Dicembre;Inter;Genoa;4;0;True;False;False;1;-1;1;3;0;228;1;2;1;1;2;2;2;1;X;X;X;X;2;2;1;1;1;2;X;X;X;X;4.0;2.0;1.0;0.0;1.0;4.0;2.0;1.0;0.0;1.0;0.0;1.0;4.0;2.0;2.0;0.0;1.0;4.0;2.0;2.0
2019/20;Sabato;21;Dicembre;Torino;SPAL;1;2;False;False;True;-1;1;2;0;3;228;2;1;2;1;1;2;2;2;X;X;X;X;1;2;2;1;1;1;X;X;X;X;1.0;4.0;2.0;1.0;0.0;1.0;4.0;2.0;1.0;0.0;2.0;0.0;1.0;4.0;2.0;2.0;0.0;1.0;4.0;2.0
2019/20;Domenica;22;Dicembre;Atalanta;Milan;5;0;True;False;False;1;-1;1;3;0;228;1;2;1;2;1;1;2;1;X;X;X;X;2;1;2;2;1;2;X;X;X;X;5.0;1.0;4.0;2.0;1.0;5.0;1.0;4.0;2.0;1.0;0.0;2.0;0.0;1.0;4.0;0.0;2.0;0.0;1.0;4.0
2019/20;Domenica;22;Dicembre;Lecce;Bologna;2;3;False;False;True;-1;1;2;0;3;228;2;1;2;1;2;1;1;2;X;X;X;X;1;2;1;2;2;1;X;X;X;X;2.0;5.0;1.0;4.0;2.0;2.0;5.0;1.0;4.0;2.0;3.0;0.0;2.0;0.0;1.0;3.0;0.0;2.0;0.0;1.0
2019/20;Domenica;22;Dicembre;Parma;Brescia;1;1;False;True;False;0;0;X;1;1;228;X;X;X;2;1;2;1;X;X;X;X;X;X;1;2;1;2;X;X;X;X;X;1.0;2.0;5.0;1.0;4.0;1.0;2.0;5.0;1.0;4.0;1.0;3.0;0.0;2.0;0.0;1.0;3.0;0.0;2.0;0.0
2019/20;Domenica;22;Dicembre;Sassuolo;Napoli;1;2;False;False;True;-1;1;2;0;3;228;2;1;2;X;2;1;2;2;X;X;X;X;1;X;1;2;1;1;X;X;X;X;1.0;1.0;2.0;5.0;1.0;1.0;1.0;2.0;5.0;1.0;2.0;1.0;3.0;0.0;2.0;2.0;1.0;3.0;0.0;2.0
2019/20;Domenica;5;Gennaio;Brescia;Lazio;1;2;False;False;True;-1;1;2;0;3;228;2;1;2;2;X;2;1;2;X;X;X;X;1;1;X;1;2;1;X;X;X;X;1.0;1.0;1.0;2.0;5.0;1.0;1.0;1.0;2.0;5.0;2.0;2.0;1.0;3.0;0.0;2.0;2.0;1.0;3.0;0.0
2019/20;Domenica;5;Gennaio;SPAL;Hellas Verona;0;2;False;False;True;-1;1;2;0;3;228;2;1;2;2;2;X;2;2;X;X;X;X;1;1;1;X;1;1;X;X;X;X;0.0;1.0;1.0;1.0;2.0;0.0;1.0;1.0;1.0;2.0;2.0;2.0;2.0;1.0;3.0;2.0;2.0;2.0;1.0;3.0
2019/20;Domenica;5;Gennaio;Genoa;Sassuolo;2;1;True;False;False;1;-1;1;3;0;228;1;2;1;2;2;2;X;1;X;X;X;X;2;1;1;1;X;2;X;X;X;X;2.0;0.0;1.0;1.0;1.0;2.0;0.0;1.0;1.0;1.0;1.0;2.0;2.0;2.0;1.0;1.0;2.0;2.0;2.0;1.0
2019/20;Domenica;5;Gennaio;Roma;Torino;0;2;False;False;True;-1;1;2;0;3;228;2;1;2;1;2;2;2;2;X;X;X;X;1;2;1;1;1;1;X;X;X;X;0.0;2.0;0.0;1.0;1.0;0.0;2.0;0.0;1.0;1.0;2.0;1.0;2.0;2.0;2.0;2.0;1.0;2.0;2.0;2.0
2019/20;Lunedì;6;Gennaio;Bologna;Fiorentina;1;1;False;True;False;0;0;X;1;1;228;X;X;X;2;1;2;2;X;X;X;X;X;X;1;2;1;1;X;X;X;X;X;1.0;0.0;2.0;0.0;1.0;1.0;0.0;2.0;0.0;1.0;1.0;2.0;1.0;2.0;2.0;1.0;2.0;1.0;2.0;2.0
2019/20;Lunedì;6;Gennaio;Milan;Sampdoria;0;0;False;True;False;0;0;X;1;1;228;X;X;X;X;2;1;2;X;X;X;X;X;X;X;1;2;1;X;X;X;X;X;0.0;1.0;0.0;2.0;0.0;0.0;1.0;0.0;2.0;0.0;0.0;1.0;2.0;1.0;2.0;0.0;1.0;2.0;1.0;2.0
2019/20;Lunedì;6;Gennaio;Atalanta;Parma;5;0;True;False;False;1;-1;1;3;0;228;1;2;1;X;X;2;1;1;X;X;X;X;2;X;X;1;2;2;X;X;X;X;5.0;0.0;1.0;0.0;2.0;5.0;0.0;1.0;0.0;2.0;0.0;0.0;1.0;2.0;1.0;0.0;0.0;1.0;2.0;1.0
2019/20;Lunedì;6;Gennaio;Juventus;Cagliari;4;0;True;False;False;1;-1;1;3;0;228;1;2;1;1;X;X;2;1;X;X;X;X;2;2;X;X;1;2;X;X;X;X;4.0;5.0;0.0;1.0;0.0;4.0;5.0;0.0;1.0;0.0;0.0;0.0;0.0;1.0;2.0;0.0;0.0;0.0;1.0;2.0
2019/20;Lunedì;6;Gennaio;Lecce;Udinese;0;1;False;False;True;-1;1;2;0;3;228;2;1;2;1;1;X;X;2;X;X;X;X;1;2;2;X;X;1;X;X;X;X;0.0;4.0;5.0;0.0;1.0;0.0;4.0;5.0;0.0;1.0;1.0;0.0;0.0;0.0;1.0;1.0;0.0;0.0;0.0;1.0
2019/20;Lunedì;6;Gennaio;Napoli;Inter;1;3;False;False;True;-1;1;2;0;3;228;2;1;2;2;1;1;X;2;X;X;X;X;1;1;2;2;X;1;X;X;X;X;1.0;0.0;4.0;5.0;0.0;1.0;0.0;4.0;5.0;0.0;3.0;1.0;0.0;0.0;0.0;3.0;1.0;0.0;0.0;0.0
2019/20;Sabato;11;Gennaio;Cagliari;Milan;0;2;False;False;True;-1;1;2;0;3;228;2;1;2;2;2;1;1;2;X;X;X;X;1;1;1;2;2;1;X;X;X;X;0.0;1.0;0.0;4.0;5.0;0.0;1.0;0.0;4.0;5.0;2.0;3.0;1.0;0.0;0.0;2.0;3.0;1.0;0.0;0.0
2019/20;Sabato;11;Gennaio;Lazio;Napoli;1;0;True;False;False;1;-1;1;3;0;228;1;2;1;2;2;2;1;1;X;X;X;X;2;1;1;1;2;2;X;X;X;X;1.0;0.0;1.0;0.0;4.0;1.0;0.0;1.0;0.0;4.0;0.0;2.0;3.0;1.0;0.0;0.0;2.0;3.0;1.0;0.0
2019/20;Sabato;11;Gennaio;Inter;Atalanta;1;1;False;True;False;0;0;X;1;1;228;X;X;X;1;2;2;2;X;X;X;X;X;X;2;1;1;1;X;X;X;X;X;1.0;1.0;0.0;1.0;0.0;1.0;1.0;0.0;1.0;0.0;1.0;0.0;2.0;3.0;1.0;1.0;0.0;2.0;3.0;1.0
2019/20;Domenica;12;Gennaio;Udinese;Sassuolo;3;0;True;False;False;1;-1;1;3;0;228;1;2;1;X;1;2;2;1;X;X;X;X;2;X;2;1;1;2;X;X;X;X;3.0;1.0;1.0;0.0;1.0;3.0;1.0;1.0;0.0;1.0;0.0;1.0;0.0;2.0;3.0;0.0;1.0;0.0;2.0;3.0
2019/20;Domenica;12;Gennaio;Fiorentina;SPAL;1;0;True;False;False;1;-1;1;3;0;228;1;2;1;1;X;1;2;1;X;X;X;X;2;2;X;2;1;2;X;X;X;X;1.0;3.0;1.0;1.0;0.0;1.0;3.0;1.0;1.0;0.0;0.0;0.0;1.0;0.0;2.0;0.0;0.0;1.0;0.0;2.0
2019/20;Domenica;12;Gennaio;Sampdoria;Brescia;5;1;True;False;False;1;-1;1;3;0;228;1;2;1;1;1;X;1;1;X;X;X;X;2;2;2;X;2;2;X;X;X;X;5.0;1.0;3.0;1.0;1.0;5.0;1.0;3.0;1.0;1.0;1.0;0.0;0.0;1.0;0.0;1.0;0.0;0.0;1.0;0.0
2019/20;Domenica;12;Gennaio;Torino;Bologna;1;0;True;False;False;1;-1;1;3;0;228;1;2;1;1;1;1;X;1;X;X;X;X;2;2;2;2;X;2;X;X;X;X;1.0;5.0;1.0;3.0;1.0;1.0;5.0;1.0;3.0;1.0;0.0;1.0;0.0;0.0;1.0;0.0;1.0;0.0;0.0;1.0
2019/20;Domenica;12;Gennaio;Hellas Verona;Genoa;2;1;True;False;False;1;-1;1;3;0;228;1;2;1;1;1;1;1;1;X;X;X;X;2;2;2;2;2;2;X;X;X;X;2.0;1.0;5.0;1.0;3.0;2.0;1.0;5.0;1.0;3.0;1.0;0.0;1.0;0.0;0.0;1.0;0.0;1.0;0.0;0.0
2019/20;Domenica;12;Gennaio;Roma;Juventus;1;2;False;False;True;-1;1;2;0;3;228;2;1;2;1;1;1;1;2;X;X;X;X;1;2;2;2;2;1;X;X;X;X;1.0;2.0;1.0;5.0;1.0;1.0;2.0;1.0;5.0;1.0;2.0;1.0;0.0;1.0;0.0;2.0;1.0;0.0;1.0;0.0
2019/20;Lunedì;13;Gennaio;Parma;Lecce;2;0;True;False;False;1;-1;1;3;0;228;1;2;1;2;1;1;1;1;X;X;X;X;2;1;2;2;2;2;X;X;X;X;2.0;1.0;2.0;1.0;5.0;2.0;1.0;2.0;1.0;5.0;0.0;2.0;1.0;0.0;1.0;0.0;2.0;1.0;0.0;1.0
2019/20;Sabato;18;Gennaio;Lazio;Sampdoria;5;1;True;False;False;1;-1;1;3;0;228;1;2;1;1;2;1;1;1;X;X;X;X;2;2;1;2;2;2;X;X;X;X;5.0;2.0;1.0;2.0;1.0;5.0;2.0;1.0;2.0;1.0;1.0;0.0;2.0;1.0;0.0;1.0;0.0;2.0;1.0;0.0
2019/20;Sabato;18;Gennaio;Sassuolo;Torino;2;1;True;False;False;1;-1;1;3;0;228;1;2;1;1;1;2;1;1;X;X;X;X;2;2;2;1;2;2;X;X;X;X;2.0;5.0;2.0;1.0;2.0;2.0;5.0;2.0;1.0;2.0;1.0;1.0;0.0;2.0;1.0;1.0;1.0;0.0;2.0;1.0
2019/20;Sabato;18;Gennaio;Napoli;Fiorentina;0;2;False;False;True;-1;1;2;0;3;228;2;1;2;1;1;1;2;2;X;X;X;X;1;2;2;2;1;1;X;X;X;X;0.0;2.0;5.0;2.0;1.0;0.0;2.0;5.0;2.0;1.0;2.0;1.0;1.0;0.0;2.0;2.0;1.0;1.0;0.0;2.0
2019/20;Domenica;19;Gennaio;Milan;Udinese;3;2;True;False;False;1;-1;1;3;0;228;1;2;1;2;1;1;1;1;X;X;X;X;2;1;2;2;2;2;X;X;X;X;3.0;0.0;2.0;5.0;2.0;3.0;0.0;2.0;5.0;2.0;2.0;2.0;1.0;1.0;0.0;2.0;2.0;1.0;1.0;0.0
2019/20;Domenica;19;Gennaio;Bologna;Hellas Verona;1;1;False;True;False;0;0;X;1;1;228;X;X;X;1;2;1;1;X;X;X;X;X;X;2;1;2;2;X;X;X;X;X;1.0;3.0;0.0;2.0;5.0;1.0;3.0;0.0;2.0;5.0;1.0;2.0;2.0;1.0;1.0;1.0;2.0;2.0;1.0;1.0
2019/20;Domenica;19;Gennaio;Brescia;Cagliari;2;2;False;True;False;0;0;X;1;1;228;X;X;X;X;1;2;1;X;X;X;X;X;X;X;2;1;2;X;X;X;X;X;2.0;1.0;3.0;0.0;2.0;2.0;1.0;3.0;0.0;2.0;2.0;1.0;2.0;2.0;1.0;2.0;1.0;2.0;2.0;1.0
2019/20;Domenica;19;Gennaio;Lecce;Inter;1;1;False;True;False;0;0;X;1;1;228;X;X;X;X;X;1;2;X;X;X;X;X;X;X;X;2;1;X;X;X;X;X;1.0;2.0;1.0;3.0;0.0;1.0;2.0;1.0;3.0;0.0;1.0;2.0;1.0;2.0;2.0;1.0;2.0;1.0;2.0;2.0
2019/20;Domenica;19;Gennaio;Genoa;Roma;1;3;False;False;True;-1;1;2;0;3;228;2;1;2;X;X;X;1;2;X;X;X;X;1;X;X;X;2;1;X;X;X;X;1.0;1.0;2.0;1.0;3.0;1.0;1.0;2.0;1.0;3.0;3.0;1.0;2.0;1.0;2.0;3.0;1.0;2.0;1.0;2.0
2019/20;Domenica;19;Gennaio;Juventus;Parma;2;1;True;False;False;1;-1;1;3;0;228;1;2;1;2;X;X;X;1;X;X;X;X;2;1;X;X;X;2;X;X;X;X;2.0;1.0;1.0;2.0;1.0;2.0;1.0;1.0;2.0;1.0;1.0;3.0;1.0;2.0;1.0;1.0;3.0;1.0;2.0;1.0
2019/20;Lunedì;20;Gennaio;Atalanta;SPAL;1;2;False;False;True;-1;1;2;0;3;228;2;1;2;1;2;X;X;2;X;X;X;X;1;2;1;X;X;1;X;X;X;X;1.0;2.0;1.0;1.0;2.0;1.0;2.0;1.0;1.0;2.0;2.0;1.0;3.0;1.0;2.0;2.0;1.0;3.0;1.0;2.0
2019/20;Venerdì;24;Gennaio;Brescia;Milan;0;1;False;False;True;-1;1;2;0;3;228;2;1;2;2;1;2;X;2;X;X;X;X;1;1;2;1;X;1;X;X;X;X;0.0;1.0;2.0;1.0;1.0;0.0;1.0;2.0;1.0;1.0;1.0;2.0;1.0;3.0;1.0;1.0;2.0;1.0;3.0;1.0
2019/20;Sabato;25;Gennaio;SPAL;Bologna;1;3;False;False;True;-1;1;2;0;3;228;2;1;2;2;2;1;2;2;X;X;X;X;1;1;1;2;1;1;X;X;X;X;1.0;0.0;1.0;2.0;1.0;1.0;0.0;1.0;2.0;1.0;3.0;1.0;2.0;1.0;3.0;3.0;1.0;2.0;1.0;3.0
2019/20;Sabato;25;Gennaio;Fiorentina;Genoa;0;0;False;True;False;0;0;X;1;1;228;X;X;X;2;2;2;1;X;X;X;X;X;X;1;1;1;2;X;X;X;X;X;0.0;1.0;0.0;1.0;2.0;0.0;1.0;0.0;1.0;2.0;0.0;3.0;1.0;2.0;1.0;0.0;3.0;1.0;2.0;1.0
2019/20;Sabato;25;Gennaio;Torino;Atalanta;0;7;False;False;True;-1;1;2;0;3;228;2;1;2;X;2;2;2;2;X;X;X;X;1;X;1;1;1;1;X;X;X;X;0.0;0.0;1.0;0.0;1.0;0.0;0.0;1.0;0.0;1.0;7.0;0.0;3.0;1.0;2.0;7.0;0.0;3.0;1.0;2.0
2019/20;Domenica;26;Gennaio;Inter;Cagliari;1;1;False;True;False;0;0;X;1;1;228;X;X;X;2;X;2;2;X;X;X;X;X;X;1;X;1;1;X;X;X;X;X;1.0;0.0;0.0;1.0;0.0;1.0;0.0;0.0;1.0;0.0;1.0;7.0;0.0;3.0;1.0;1.0;7.0;0.0;3.0;1.0
2019/20;Domenica;26;Gennaio;Hellas Verona;Lecce;3;0;True;False;False;1;-1;1;3;0;228;1;2;1;X;2;X;2;1;X;X;X;X;2;X;1;X;1;2;X;X;X;X;3.0;1.0;0.0;0.0;1.0;3.0;1.0;0.0;0.0;1.0;0.0;1.0;7.0;0.0;3.0;0.0;1.0;7.0;0.0;3.0
2019/20;Domenica;26;Gennaio;Parma;Udinese;2;0;True;False;False;1;-1;1;3;0;228;1;2;1;1;X;2;X;1;X;X;X;X;2;2;X;1;X;2;X;X;X;X;2.0;3.0;1.0;0.0;0.0;2.0;3.0;1.0;0.0;0.0;0.0;0.0;1.0;7.0;0.0;0.0;0.0;1.0;7.0;0.0
2019/20;Domenica;26;Gennaio;Sampdoria;Sassuolo;0;0;False;True;False;0;0;X;1;1;228;X;X;X;1;1;X;2;X;X;X;X;X;X;2;2;X;1;X;X;X;X;X;0.0;2.0;3.0;1.0;0.0;0.0;2.0;3.0;1.0;0.0;0.0;0.0;0.0;1.0;7.0;0.0;0.0;0.0;1.0;7.0
2019/20;Domenica;26;Gennaio;Roma;Lazio;1;1;False;True;False;0;0;X;1;1;228;X;X;X;X;1;1;X;X;X;X;X;X;X;X;2;2;X;X;X;X;X;X;1.0;0.0;2.0;3.0;1.0;1.0;0.0;2.0;3.0;1.0;1.0;0.0;0.0;0.0;1.0;1.0;0.0;0.0;0.0;1.0
2019/20;Domenica;26;Gennaio;Napoli;Juventus;2;1;True;False;False;1;-1;1;3;0;228;1;2;1;X;X;1;1;1;X;X;X;X;2;X;X;2;2;2;X;X;X;X;2.0;1.0;0.0;2.0;3.0;2.0;1.0;0.0;2.0;3.0;1.0;1.0;0.0;0.0;0.0;1.0;1.0;0.0;0.0;0.0
2019/20;Sabato;1;Febbraio;Bologna;Brescia;2;1;True;False;False;1;-1;1;3;0;228;1;2;1;1;X;X;1;1;X;X;X;X;2;2;X;X;2;2;X;X;X;X;2.0;2.0;1.0;0.0;2.0;2.0;2.0;1.0;0.0;2.0;1.0;1.0;1.0;0.0;0.0;1.0;1.0;1.0;0.0;0.0
2019/20;Sabato;1;Febbraio;Cagliari;Parma;2;2;False;True;False;0;0;X;1;1;228;X;X;X;1;1;X;X;X;X;X;X;X;X;2;2;X;X;X;X;X;X;X;2.0;2.0;2.0;1.0;0.0;2.0;2.0;2.0;1.0;0.0;2.0;1.0;1.0;1.0;0.0;2.0;1.0;1.0;1.0;0.0
2019/20;Sabato;1;Febbraio;Sassuolo;Roma;4;2;True;False;False;1;-1;1;3;0;228;1;2;1;X;1;1;X;1;X;X;X;X;2;X;2;2;X;2;X;X;X;X;4.0;2.0;2.0;2.0;1.0;4.0;2.0;2.0;2.0;1.0;2.0;2.0;1.0;1.0;1.0;2.0;2.0;1.0;1.0;1.0
2019/20;Domenica;2;Febbraio;Juventus;Fiorentina;3;0;True;False;False;1;-1;1;3;0;228;1;2;1;1;X;1;1;1;X;X;X;X;2;2;X;2;2;2;X;X;X;X;3.0;4.0;2.0;2.0;2.0;3.0;4.0;2.0;2.0;2.0;0.0;2.0;2.0;1.0;1.0;0.0;2.0;2.0;1.0;1.0
2019/20;Domenica;2;Febbraio;Milan;Hellas Verona;1;1;False;True;False;0;0;X;1;1;228;X;X;X;1;1;X;1;X;X;X;X;X;X;2;2;X;2;X;X;X;X;X;1.0;3.0;4.0;2.0;2.0;1.0;3.0;4.0;2.0;2.0;1.0;0.0;2.0;2.0;1.0;1.0;0.0;2.0;2.0;1.0
2019/20;Domenica;2;Febbraio;Atalanta;Genoa;2;2;False;True;False;0;0;X;1;1;228;X;X;X;X;1;1;X;X;X;X;X;X;X;X;2;2;X;X;X;X;X;X;2.0;1.0;3.0;4.0;2.0;2.0;1.0;3.0;4.0;2.0;2.0;1.0;0.0;2.0;2.0;2.0;1.0;0.0;2.0;2.0
2019/20;Domenica;2;Febbraio;Lazio;SPAL;5;1;True;False;False;1;-1;1;3;0;228;1;2;1;X;X;1;1;1;X;X;X;X;2;X;X;2;2;2;X;X;X;X;5.0;2.0;1.0;3.0;4.0;5.0;2.0;1.0;3.0;4.0;1.0;2.0;1.0;0.0;2.0;1.0;2.0;1.0;0.0;2.0
2019/20;Domenica;2;Febbraio;Lecce;Torino;4;0;True;False;False;1;-1;1;3;0;228;1;2;1;1;X;X;1;1;X;X;X;X;2;2;X;X;2;2;X;X;X;X;4.0;5.0;2.0;1.0;3.0;4.0;5.0;2.0;1.0;3.0;0.0;1.0;2.0;1.0;0.0;0.0;1.0;2.0;1.0;0.0
2019/20;Domenica;2;Febbraio;Udinese;Inter;0;2;False;False;True;-1;1;2;0;3;228;2;1;2;1;1;X;X;2;X;X;X;X;1;2;2;X;X;1;X;X;X;X;0.0;4.0;5.0;2.0;1.0;0.0;4.0;5.0;2.0;1.0;2.0;0.0;1.0;2.0;1.0;2.0;0.0;1.0;2.0;1.0
2019/20;Lunedì;3;Febbraio;Sampdoria;Napoli;2;4;False;False;True;-1;1;2;0;3;228;2;1;2;2;1;1;X;2;X;X;X;X;1;1;2;2;X;1;X;X;X;X;2.0;0.0;4.0;5.0;2.0;2.0;0.0;4.0;5.0;2.0;4.0;2.0;0.0;1.0;2.0;4.0;2.0;0.0;1.0;2.0
2019/20;Mercoledì;5;Febbraio;Lazio;Hellas Verona;0;0;False;True;False;0;0;X;1;1;228;X;X;X;2;2;1;1;X;X;X;X;1;X;1;1;2;2;X;X;X;X;X;0.0;2.0;0.0;4.0;5.0;0.0;2.0;0.0;4.0;5.0;0.0;4.0;2.0;0.0;1.0;0.0;4.0;2.0;0.0;1.0
2019/20;Venerdì;7;Febbraio;Roma;Bologna;2;3;False;False;True;-1;1;2;0;3;228;2;1;2;X;2;2;1;2;X;X;X;X;1;X;1;1;2;1;X;X;X;X;2.0;0.0;2.0;0.0;4.0;2.0;0.0;2.0;0.0;4.0;3.0;0.0;4.0;2.0;0.0;3.0;0.0;4.0;2.0;0.0
2019/20;Sabato;8;Febbraio;Fiorentina;Atalanta;1;2;False;False;True;-1;1;2;0;3;228;2;1;2;2;X;2;2;2;X;X;X;X;1;1;X;1;1;1;X;X;X;X;1.0;2.0;0.0;2.0;0.0;1.0;2.0;0.0;2.0;0.0;2.0;3.0;0.0;4.0;2.0;2.0;3.0;0.0;4.0;2.0
2019/20;Sabato;8;Febbraio;Torino;Sampdoria;1;3;False;False;True;-1;1;2;0;3;228;2;1;2;2;2;X;2;2;X;X;X;X;1;1;1;X;1;1;X;X;X;X;1.0;1.0;2.0;0.0;2.0;1.0;1.0;2.0;0.0;2.0;3.0;2.0;3.0;0.0;4.0;3.0;2.0;3.0;0.0;4.0
2019/20;Sabato;8;Febbraio;Hellas Verona;Juventus;2;1;True;False;False;1;-1;1;3;0;228;1;2;1;2;2;2;X;1;X;X;X;X;2;1;1;1;X;2;X;X;X;X;2.0;1.0;1.0;2.0;0.0;2.0;1.0;1.0;2.0;0.0;1.0;3.0;2.0;3.0;0.0;1.0;3.0;2.0;3.0;0.0
2019/20;Domenica;9;Febbraio;SPAL;Sassuolo;1;2;False;False;True;-1;1;2;0;3;228;2;1;2;1;2;2;2;2;X;X;X;X;1;2;1;1;1;1;X;X;X;X;1.0;2.0;1.0;1.0;2.0;1.0;2.0;1.0;1.0;2.0;2.0;1.0;3.0;2.0;3.0;2.0;1.0;3.0;2.0;3.0
2019/20;Domenica;9;Febbraio;Brescia;Udinese;1;1;False;True;False;0;0;X;1;1;228;X;X;X;2;1;2;2;X;X;X;X;X;X;1;2;1;1;X;X;X;X;X;1.0;1.0;2.0;1.0;1.0;1.0;1.0;2.0;1.0;1.0;1.0;2.0;1.0;3.0;2.0;1.0;2.0;1.0;3.0;2.0
2019/20;Domenica;9;Febbraio;Genoa;Cagliari;1;0;True;False;False;1;-1;1;3;0;228;1;2;1;X;2;1;2;1;X;X;X;X;2;X;1;2;1;2;X;X;X;X;1.0;1.0;1.0;2.0;1.0;1.0;1.0;1.0;2.0;1.0;0.0;1.0;2.0;1.0;3.0;0.0;1.0;2.0;1.0;3.0
2019/20;Domenica;9;Febbraio;Napoli;Lecce;2;3;False;False;True;-1;1;2;0;3;228;2;1;2;1;X;2;1;2;X;X;X;X;1;2;X;1;2;1;X;X;X;X;2.0;1.0;1.0;1.0;2.0;2.0;1.0;1.0;1.0;2.0;3.0;0.0;1.0;2.0;1.0;3.0;0.0;1.0;2.0;1.0
2019/20;Domenica;9;Febbraio;Parma;Lazio;0;1;False;False;True;-1;1;2;0;3;228;2;1;2;2;1;X;2;2;X;X;X;X;1;1;2;X;1;1;X;X;X;X;0.0;2.0;1.0;1.0;1.0;0.0;2.0;1.0;1.0;1.0;1.0;3.0;0.0;1.0;2.0;1.0;3.0;0.0;1.0;2.0
2019/20;Domenica;9;Febbraio;Inter;Milan;4;2;True;False;False;1;-1;1;3;0;228;1;2;1;2;2;1;X;1;X;X;X;X;2;1;1;2;X;2;X;X;X;X;4.0;0.0;2.0;1.0;1.0;4.0;0.0;2.0;1.0;1.0;2.0;1.0;3.0;0.0;1.0;2.0;1.0;3.0;0.0;1.0
2019/20;Sabato;15;Febbraio;Lecce;SPAL;2;1;True;False;False;1;-1;1;3;0;228;1;2;1;1;2;2;1;1;X;X;X;X;2;2;1;1;2;2;X;X;X;X;2.0;4.0;0.0;2.0;1.0;2.0;4.0;0.0;2.0;1.0;1.0;2.0;1.0;3.0;0.0;1.0;2.0;1.0;3.0;0.0
2019/20;Sabato;15;Febbraio;Bologna;Genoa;0;3;False;False;True;-1;1;2;0;3;228;2;1;2;1;1;2;2;2;X;X;X;X;1;2;2;1;1;1;X;X;X;X;0.0;2.0;4.0;0.0;2.0;0.0;2.0;4.0;0.0;2.0;3.0;1.0;2.0;1.0;3.0;3.0;1.0;2.0;1.0;3.0
2019/20;Sabato;15;Febbraio;Atalanta;Roma;2;1;True;False;False;1;-1;1;3;0;228;1;2;1;2;1;1;2;1;X;X;X;X;2;1;2;2;1;2;X;X;X;X;2.0;0.0;2.0;4.0;0.0;2.0;0.0;2.0;4.0;0.0;1.0;3.0;1.0;2.0;1.0;1.0;3.0;1.0;2.0;1.0
2019/20;Domenica;16;Febbraio;Udinese;Hellas Verona;0;0;False;True;False;0;0;X;1;1;228;X;X;X;1;2;1;1;X;X;X;X;X;X;2;1;2;2;X;X;X;X;X;0.0;2.0;0.0;2.0;4.0;0.0;2.0;0.0;2.0;4.0;0.0;1.0;3.0;1.0;2.0;0.0;1.0;3.0;1.0;2.0
2019/20;Domenica;16;Febbraio;Juventus;Brescia;2;0;True;False;False;1;-1;1;3;0;228;1;2;1;X;1;2;1;1;X;X;X;X;2;X;2;1;2;2;X;X;X;X;2.0;0.0;2.0;0.0;2.0;2.0;0.0;2.0;0.0;2.0;0.0;0.0;1.0;3.0;1.0;0.0;0.0;1.0;3.0;1.0
2019/20;Domenica;16;Febbraio;Sampdoria;Fiorentina;1;5;False;False;True;-1;1;2;0;3;228;2;1;2;1;X;1;2;2;X;X;X;X;1;2;X;2;1;1;X;X;X;X;1.0;2.0;0.0;2.0;0.0;1.0;2.0;0.0;2.0;0.0;5.0;0.0;0.0;1.0;3.0;5.0;0.0;0.0;1.0;3.0
2019/20;Domenica;16;Febbraio;Sassuolo;Parma;0;1;False;False;True;-1;1;2;0;3;228;2;1;2;2;1;X;1;2;X;X;X;X;1;1;2;X;2;1;X;X;X;X;0.0;1.0;2.0;0.0;2.0;0.0;1.0;2.0;0.0;2.0;1.0;5.0;0.0;0.0;1.0;1.0;5.0;0.0;0.0;1.0
2019/20;Domenica;16;Febbraio;Cagliari;Napoli;0;1;False;False;True;-1;1;2;0;3;228;2;1;2;2;2;1;X;2;X;X;X;X;1;1;1;2;X;1;X;X;X;X;0.0;0.0;1.0;2.0;0.0;0.0;0.0;1.0;2.0;0.0;1.0;1.0;5.0;0.0;0.0;1.0;1.0;5.0;0.0;0.0
2019/20;Domenica;16;Febbraio;Lazio;Inter;2;1;True;False;False;1;-1;1;3;0;228;1;2;1;2;2;2;1;1;X;X;X;X;2;1;1;1;2;2;X;X;X;X;2.0;0.0;0.0;1.0;2.0;2.0;0.0;0.0;1.0;2.0;1.0;1.0;1.0;5.0;0.0;1.0;1.0;1.0;5.0;0.0
2019/20;Lunedì;17;Febbraio;Milan;Torino;1;0;True;False;False;1;-1;1;3;0;228;1;2;1;1;2;2;2;1;X;X;X;X;2;2;1;1;1;2;X;X;X;X;1.0;2.0;0.0;0.0;1.0;1.0;2.0;0.0;0.0;1.0;0.0;1.0;1.0;1.0;5.0;0.0;1.0;1.0;1.0;5.0
2019/20;Venerdì;21;Febbraio;Brescia;Napoli;1;2;False;False;True;-1;1;2;0;3;228;2;1;2;1;1;2;2;2;X;X;X;X;1;2;2;1;1;1;X;X;1;X;1.0;1.0;2.0;0.0;0.0;1.0;1.0;2.0;0.0;0.0;2.0;0.0;1.0;1.0;1.0;2.0;0.0;1.0;1.0;1.0
2019/20;Sabato;22;Febbraio;Bologna;Udinese;1;1;False;True;False;0;0;X;1;1;228;X;X;X;2;1;1;2;X;X;X;X;X;X;1;2;2;1;X;X;X;X;X;1.0;1.0;1.0;2.0;0.0;1.0;1.0;1.0;2.0;0.0;1.0;2.0;0.0;1.0;1.0;1.0;2.0;0.0;1.0;1.0
2019/20;Sabato;22;Febbraio;SPAL;Juventus;1;2;False;False;True;-1;1;2;0;3;228;2;1;2;X;2;1;1;2;X;X;X;X;1;X;1;2;2;1;X;X;X;X;1.0;1.0;1.0;1.0;2.0;1.0;1.0;1.0;1.0;2.0;2.0;1.0;2.0;0.0;1.0;2.0;1.0;2.0;0.0;1.0
2019/20;Sabato;22;Febbraio;Fiorentina;Milan;1;1;False;True;False;0;0;X;1;1;228;X;X;X;2;X;2;1;X;X;X;X;X;X;1;X;1;2;X;X;X;X;X;1.0;1.0;1.0;1.0;1.0;1.0;1.0;1.0;1.0;1.0;1.0;2.0;1.0;2.0;0.0;1.0;2.0;1.0;2.0;0.0
2019/20;Domenica;23;Febbraio;Genoa;Lazio;2;3;False;False;True;-1;1;2;0;3;228;2;1;2;X;2;X;2;2;X;X;X;X;1;X;1;X;1;1;X;X;X;X;2.0;1.0;1.0;1.0;1.0;2.0;1.0;1.0;1.0;1.0;3.0;1.0;2.0;1.0;2.0;3.0;1.0;2.0;1.0;2.0
2019/20;Domenica;23;Febbraio;Roma;Lecce;4;0;True;False;False;1;-1;1;3;0;228;1;2;1;2;X;2;X;1;X;X;X;X;2;1;X;1;X;2;X;X;X;X;4.0;2.0;1.0;1.0;1.0;4.0;2.0;1.0;1.0;1.0;0.0;3.0;1.0;2.0;1.0;0.0;3.0;1.0;2.0;1.0
2019/20;Sabato;29;Febbraio;Lazio;Bologna;2;0;True;False;False;1;-1;1;3;0;228;1;2;1;1;2;X;2;1;X;X;X;X;2;2;1;X;1;2;X;X;X;X;2.0;4.0;2.0;1.0;1.0;2.0;4.0;2.0;1.0;1.0;0.0;0.0;3.0;1.0;2.0;0.0;0.0;3.0;1.0;2.0
2019/20;Sabato;29;Febbraio;Napoli;Torino;2;1;True;False;False;1;-1;1;3;0;228;1;2;1;1;1;2;X;1;X;X;X;X;2;2;2;1;X;2;X;X;X;X;2.0;2.0;4.0;2.0;1.0;2.0;2.0;4.0;2.0;1.0;1.0;0.0;0.0;3.0;1.0;1.0;0.0;0.0;3.0;1.0
2019/20;Domenica;1;Marzo;Lecce;Atalanta;2;7;False;False;True;-1;1;2;0;3;228;2;1;2;1;1;1;2;2;X;X;X;X;1;2;2;2;1;1;X;X;X;X;2.0;2.0;2.0;4.0;2.0;2.0;2.0;2.0;4.0;2.0;7.0;1.0;0.0;0.0;3.0;7.0;1.0;0.0;0.0;3.0
2019/20;Domenica;1;Marzo;Cagliari;Roma;3;4;False;False;True;-1;1;2;0;3;228;2;1;2;2;1;1;1;2;X;X;X;X;1;1;2;2;2;1;X;X;X;X;3.0;2.0;2.0;2.0;4.0;3.0;2.0;2.0;2.0;4.0;4.0;7.0;1.0;0.0;0.0;4.0;7.0;1.0;0.0;0.0
2019/20;Domenica;8;Marzo;Parma;SPAL;0;1;False;False;True;-1;1;2;0;3;228;2;1;2;2;2;1;1;2;X;X;X;X;1;1;1;2;2;1;X;X;X;X;0.0;3.0;2.0;2.0;2.0;0.0;3.0;2.0;2.0;2.0;1.0;4.0;7.0;1.0;0.0;1.0;4.0;7.0;1.0;0.0
2019/20;Domenica;8;Marzo;Milan;Genoa;1;2;False;False;True;-1;1;2;0;3;228;2;1;2;2;2;2;1;2;X;X;X;X;1;1;1;1;2;1;X;X;X;X;1.0;0.0;3.0;2.0;2.0;1.0;0.0;3.0;2.0;2.0;2.0;1.0;4.0;7.0;1.0;2.0;1.0;4.0;7.0;1.0
2019/20;Domenica;8;Marzo;Sampdoria;Hellas Verona;2;1;True;False;False;1;-1;1;3;0;228;1;2;1;2;2;2;2;1;X;X;X;X;2;1;1;1;1;2;X;X;X;X;2.0;1.0;0.0;3.0;2.0;2.0;1.0;0.0;3.0;2.0;1.0;2.0;1.0;4.0;7.0;1.0;2.0;1.0;4.0;7.0
2019/20;Domenica;8;Marzo;Udinese;Fiorentina;0;0;False;True;False;0;0;X;1;1;228;X;X;X;1;2;2;2;X;X;X;X;X;X;2;1;1;1;X;X;X;X;X;0.0;2.0;1.0;0.0;3.0;0.0;2.0;1.0;0.0;3.0;0.0;1.0;2.0;1.0;4.0;0.0;1.0;2.0;1.0;4.0
2019/20;Domenica;8;Marzo;Juventus;Inter;2;0;True;False;False;1;-1;1;3;0;228;1;2;1;X;1;2;2;1;X;X;X;X;2;X;2;1;1;2;X;X;X;X;2.0;0.0;2.0;1.0;0.0;2.0;0.0;2.0;1.0;0.0;0.0;0.0;1.0;2.0;1.0;0.0;0.0;1.0;2.0;1.0
2019/20;Lunedì;9;Marzo;Sassuolo;Brescia;3;0;True;False;False;1;-1;1;3;0;228;1;2;1;1;X;1;2;1;X;X;X;X;2;2;X;2;1;2;X;X;X;X;3.0;2.0;0.0;2.0;1.0;3.0;2.0;0.0;2.0;1.0;0.0;0.0;0.0;1.0;2.0;0.0;0.0;0.0;1.0;2.0
2019/20;Sabato;20;Giugno;Torino;Parma;1;1;False;True;False;0;0;X;1;1;228;X;X;X;1;1;X;1;X;X;X;X;X;X;2;2;X;2;X;X;X;X;X;1.0;3.0;2.0;0.0;2.0;1.0;3.0;2.0;0.0;2.0;1.0;0.0;0.0;0.0;1.0;1.0;0.0;0.0;0.0;1.0
2019/20;Sabato;20;Giugno;Hellas Verona;Cagliari;2;1;True;False;False;1;-1;1;3;0;228;1;2;1;X;1;1;X;1;X;X;X;X;2;X;2;2;X;2;X;X;X;X;2.0;1.0;3.0;2.0;0.0;2.0;1.0;3.0;2.0;0.0;1.0;1.0;0.0;0.0;0.0;1.0;1.0;0.0;0.0;0.0
2019/20;Domenica;21;Giugno;Atalanta;Sassuolo;4;1;True;False;False;1;-1;1;3;0;228;1;2;1;1;X;1;1;1;X;X;X;X;2;2;X;2;2;2;X;X;X;X;4.0;2.0;1.0;3.0;2.0;4.0;2.0;1.0;3.0;2.0;1.0;1.0;1.0;0.0;0.0;1.0;1.0;1.0;0.0;0.0
2019/20;Domenica;21;Giugno;Inter;Sampdoria;2;1;True;False;False;1;-1;1;3;0;228;1;2;1;1;1;X;1;1;X;X;X;X;2;2;2;X;2;2;X;X;X;X;2.0;4.0;2.0;1.0;3.0;2.0;4.0;2.0;1.0;3.0;1.0;1.0;1.0;1.0;0.0;1.0;1.0;1.0;1.0;0.0
2019/20;Lunedì;22;Giugno;Fiorentina;Brescia;1;1;False;True;False;0;0;X;1;1;228;X;X;X;1;1;1;X;X;X;X;X;X;X;2;2;2;X;X;X;X;X;X;1.0;2.0;4.0;2.0;1.0;1.0;2.0;4.0;2.0;1.0;1.0;1.0;1.0;1.0;1.0;1.0;1.0;1.0;1.0;1.0
2019/20;Lunedì;22;Giugno;Lecce;Milan;1;4;False;False;True;-1;1;2;0;3;228;2;1;2;X;1;1;1;2;X;X;X;X;1;X;2;2;2;1;X;X;X;X;1.0;1.0;2.0;4.0;2.0;1.0;1.0;2.0;4.0;2.0;4.0;1.0;1.0;1.0;1.0;4.0;1.0;1.0;1.0;1.0
2019/20;Lunedì;22;Giugno;Bologna;Juventus;0;2;False;False;True;-1;1;2;0;3;228;2;1;2;2;X;1;1;2;X;X;X;X;1;1;X;2;2;1;X;X;X;X;0.0;1.0;1.0;2.0;4.0;0.0;1.0;1.0;2.0;4.0;2.0;4.0;1.0;1.0;1.0;2.0;4.0;1.0;1.0;1.0
2019/20;Martedì;23;Giugno;Hellas Verona;Napoli;0;2;False;False;True;-1;1;2;0;3;228;2;1;2;2;2;X;1;2;X;X;X;X;1;1;1;X;2;1;X;X;X;X;0.0;0.0;1.0;1.0;2.0;0.0;0.0;1.0;1.0;2.0;2.0;2.0;4.0;1.0;1.0;2.0;2.0;4.0;1.0;1.0
2019/20;Martedì;23;Giugno;SPAL;Cagliari;0;1;False;False;True;-1;1;2;0;3;228;2;1;2;2;2;2;X;2;X;X;X;X;1;1;1;1;X;1;X;X;X;X;0.0;0.0;0.0;1.0;1.0;0.0;0.0;0.0;1.0;1.0;1.0;2.0;2.0;4.0;1.0;1.0;2.0;2.0;4.0;1.0
2019/20;Martedì;23;Giugno;Genoa;Parma;1;4;False;False;True;-1;1;2;0;3;228;2;1;2;2;2;2;2;2;X;X;X;X;1;1;1;1;1;1;X;X;X;X;1.0;0.0;0.0;0.0;1.0;1.0;0.0;0.0;0.0;1.0;4.0;1.0;2.0;2.0;4.0;4.0;1.0;2.0;2.0;4.0
2019/20;Martedì;23;Giugno;Torino;Udinese;1;0;True;False;False;1;-1;1;3;0;228;1;2;1;2;2;2;2;1;X;X;X;X;2;1;1;1;1;2;X;X;X;X;1.0;1.0;0.0;0.0;0.0;1.0;1.0;0.0;0.0;0.0;0.0;4.0;1.0;2.0;2.0;0.0;4.0;1.0;2.0;2.0
2019/20;Mercoledì;24;Giugno;Inter;Sassuolo;3;3;False;True;False;0;0;X;1;1;228;X;X;X;1;2;2;2;X;X;X;X;X;X;2;1;1;1;X;X;X;X;X;3.0;1.0;1.0;0.0;0.0;3.0;1.0;1.0;0.0;0.0;3.0;0.0;4.0;1.0;2.0;3.0;0.0;4.0;1.0;2.0
2019/20;Mercoledì;24;Giugno;Roma;Sampdoria;2;1;True;False;False;1;-1;1;3;0;228;1;2;1;X;1;2;2;1;X;X;X;X;2;X;2;1;1;2;X;X;X;X;2.0;3.0;1.0;1.0;0.0;2.0;3.0;1.0;1.0;0.0;1.0;3.0;0.0;4.0;1.0;1.0;3.0;0.0;4.0;1.0
2019/20;Mercoledì;24;Giugno;Atalanta;Lazio;3;2;True;False;False;1;-1;1;3;0;228;1;2;1;1;X;1;2;1;X;X;X;X;2;2;X;2;1;2;X;X;X;X;3.0;2.0;3.0;1.0;1.0;3.0;2.0;3.0;1.0;1.0;2.0;1.0;3.0;0.0;4.0;2.0;1.0;3.0;0.0;4.0
2019/20;Venerdì;26;Giugno;Juventus;Lecce;4;0;True;False;False;1;-1;1;3;0;228;1;2;1;1;1;X;1;1;X;X;X;X;2;2;2;X;2;2;X;X;X;X;4.0;3.0;2.0;3.0;1.0;4.0;3.0;2.0;3.0;1.0;0.0;2.0;1.0;3.0;0.0;0.0;2.0;1.0;3.0;0.0
2019/20;Sabato;27;Giugno;Brescia;Genoa;2;2;False;True;False;0;0;X;1;1;228;X;X;X;1;1;1;X;X;X;X;X;X;X;2;2;2;X;X;X;X;X;X;2.0;4.0;3.0;2.0;3.0;2.0;4.0;3.0;2.0;3.0;2.0;0.0;2.0;1.0;3.0;2.0;0.0;2.0;1.0;3.0
2019/20;Sabato;27;Giugno;Cagliari;Torino;4;2;True;False;False;1;-1;1;3;0;228;1;2;1;X;1;1;1;1;X;X;X;X;2;X;2;2;2;2;X;X;X;X;4.0;2.0;4.0;3.0;2.0;4.0;2.0;4.0;3.0;2.0;2.0;2.0;0.0;2.0;1.0;2.0;2.0;0.0;2.0;1.0
2019/20;Sabato;27;Giugno;Lazio;Fiorentina;2;1;True;False;False;1;-1;1;3;0;228;1;2;1;1;X;1;1;1;X;X;X;X;2;2;X;2;2;2;X;X;X;X;2.0;4.0;2.0;4.0;3.0;2.0;4.0;2.0;4.0;3.0;1.0;2.0;2.0;0.0;2.0;1.0;2.0;2.0;0.0;2.0
2019/20;Domenica;28;Giugno;Milan;Roma;2;0;True;False;False;1;-1;1;3;0;228;1;2;1;1;1;X;1;1;X;X;X;X;2;2;2;X;2;2;X;X;X;X;2.0;2.0;4.0;2.0;4.0;2.0;2.0;4.0;2.0;4.0;0.0;1.0;2.0;2.0;0.0;0.0;1.0;2.0;2.0;0.0
2019/20;Domenica;28;Giugno;Napoli;SPAL;3;1;True;False;False;1;-1;1;3;0;228;1;2;1;1;1;1;X;1;X;X;X;X;2;2;2;2;X;2;X;X;X;X;3.0;2.0;2.0;4.0;2.0;3.0;2.0;2.0;4.0;2.0;1.0;0.0;1.0;2.0;2.0;1.0;0.0;1.0;2.0;2.0
2019/20;Domenica;28;Giugno;Sampdoria;Bologna;1;2;False;False;True;-1;1;2;0;3;228;2;1;2;1;1;1;1;2;X;X;X;X;1;2;2;2;2;1;X;X;X;X;1.0;3.0;2.0;2.0;4.0;1.0;3.0;2.0;2.0;4.0;2.0;1.0;0.0;1.0;2.0;2.0;1.0;0.0;1.0;2.0
2019/20;Domenica;28;Giugno;Sassuolo;Hellas Verona;3;3;False;True;False;0;0;X;1;1;228;X;X;X;2;1;1;1;X;X;X;X;X;X;1;2;2;2;X;X;X;X;X;3.0;1.0;3.0;2.0;2.0;3.0;1.0;3.0;2.0;2.0;3.0;2.0;1.0;0.0;1.0;3.0;2.0;1.0;0.0;1.0
2019/20;Domenica;28;Giugno;Udinese;Atalanta;2;3;False;False;True;-1;1;2;0;3;228;2;1;2;X;2;1;1;2;X;X;X;X;1;X;1;2;2;1;X;X;X;X;2.0;3.0;1.0;3.0;2.0;2.0;3.0;1.0;3.0;2.0;3.0;3.0;2.0;1.0;0.0;3.0;3.0;2.0;1.0;0.0
2019/20;Domenica;28;Giugno;Parma;Inter;1;2;False;False;True;-1;1;2;0;3;228;2;1;2;2;X;2;1;2;X;X;X;X;1;1;X;1;2;1;X;X;X;X;1.0;2.0;3.0;1.0;3.0;1.0;2.0;3.0;1.0;3.0;2.0;3.0;3.0;2.0;1.0;2.0;3.0;3.0;2.0;1.0
2019/20;Martedì;30;Giugno;Torino;Lazio;1;2;False;False;True;-1;1;2;0;3;228;2;1;2;2;2;X;2;2;X;X;X;X;1;1;1;X;1;1;X;X;X;X;1.0;1.0;2.0;3.0;1.0;1.0;1.0;2.0;3.0;1.0;2.0;2.0;3.0;3.0;2.0;2.0;2.0;3.0;3.0;2.0
2019/20;Martedì;30;Giugno;Genoa;Juventus;1;3;False;False;True;-1;1;2;0;3;228;2;1;2;2;2;2;X;2;X;X;X;X;1;1;1;1;X;1;X;X;X;X;1.0;1.0;1.0;2.0;3.0;1.0;1.0;1.0;2.0;3.0;3.0;2.0;2.0;3.0;3.0;3.0;2.0;2.0;3.0;3.0
2019/20;Mercoledì;1;Luglio;Bologna;Cagliari;1;1;False;True;False;0;0;X;1;1;228;X;X;X;2;2;2;2;X;X;X;X;X;X;1;1;1;1;X;X;X;X;X;1.0;1.0;1.0;1.0;2.0;1.0;1.0;1.0;1.0;2.0;1.0;3.0;2.0;2.0;3.0;1.0;3.0;2.0;2.0;3.0
2019/20;Mercoledì;1;Luglio;Inter;Brescia;6;0;True;False;False;1;-1;1;3;0;228;1;2;1;X;2;2;2;1;X;X;X;X;2;X;1;1;1;2;X;X;X;X;6.0;1.0;1.0;1.0;1.0;6.0;1.0;1.0;1.0;1.0;0.0;1.0;3.0;2.0;2.0;0.0;1.0;3.0;2.0;2.0
2019/20;Mercoledì;1;Luglio;Fiorentina;Sassuolo;1;3;False;False;True;-1;1;2;0;3;228;2;1;2;1;X;2;2;2;X;X;X;X;1;2;X;1;1;1;X;X;X;X;1.0;6.0;1.0;1.0;1.0;1.0;6.0;1.0;1.0;1.0;3.0;0.0;1.0;3.0;2.0;3.0;0.0;1.0;3.0;2.0
2019/20;Mercoledì;1;Luglio;Hellas Verona;Parma;3;2;True;False;False;1;-1;1;3;0;228;1;2;1;2;1;X;2;1;X;X;X;X;2;1;2;X;1;2;X;X;X;X;3.0;1.0;6.0;1.0;1.0;3.0;1.0;6.0;1.0;1.0;2.0;3.0;0.0;1.0;3.0;2.0;3.0;0.0;1.0;3.0
2019/20;Mercoledì;1;Luglio;Lecce;Sampdoria;1;2;False;False;True;-1;1;2;0;3;228;2;1;2;1;2;1;X;2;X;X;X;X;1;2;1;2;X;1;X;X;X;X;1.0;3.0;1.0;6.0;1.0;1.0;3.0;1.0;6.0;1.0;2.0;2.0;3.0;0.0;1.0;2.0;2.0;3.0;0.0;1.0
2019/20;Mercoledì;1;Luglio;SPAL;Milan;2;2;False;True;False;0;0;X;1;1;228;X;X;X;2;1;2;1;X;X;X;X;X;X;1;2;1;2;X;X;X;X;X;2.0;1.0;3.0;1.0;6.0;2.0;1.0;3.0;1.0;6.0;2.0;2.0;2.0;3.0;0.0;2.0;2.0;2.0;3.0;0.0
2019/20;Giovedì;2;Luglio;Atalanta;Napoli;2;0;True;False;False;1;-1;1;3;0;228;1;2;1;X;2;1;2;1;X;X;X;X;2;X;1;2;1;2;X;X;X;X;2.0;2.0;1.0;3.0;1.0;2.0;2.0;1.0;3.0;1.0;0.0;2.0;2.0;2.0;3.0;0.0;2.0;2.0;2.0;3.0
2019/20;Giovedì;2;Luglio;Roma;Udinese;0;2;False;False;True;-1;1;2;0;3;228;2;1;2;1;X;2;1;2;X;X;X;X;1;2;X;1;2;1;X;X;X;X;0.0;2.0;2.0;1.0;3.0;0.0;2.0;2.0;1.0;3.0;2.0;0.0;2.0;2.0;2.0;2.0;0.0;2.0;2.0;2.0
2019/20;Sabato;4;Luglio;Juventus;Torino;4;1;True;False;False;1;-1;1;3;0;228;1;2;1;2;1;X;2;1;X;X;X;X;2;1;2;X;1;2;X;X;X;X;4.0;0.0;2.0;2.0;1.0;4.0;0.0;2.0;2.0;1.0;1.0;2.0;0.0;2.0;2.0;1.0;2.0;0.0;2.0;2.0
2019/20;Sabato;4;Luglio;Sassuolo;Lecce;4;2;True;False;False;1;-1;1;3;0;228;1;2;1;1;2;1;X;1;X;X;X;X;2;2;1;2;X;2;X;X;X;X;4.0;4.0;0.0;2.0;2.0;4.0;4.0;0.0;2.0;2.0;2.0;1.0;2.0;0.0;2.0;2.0;1.0;2.0;0.0;2.0
2019/20;Sabato;4;Luglio;Lazio;Milan;0;3;False;False;True;-1;1;2;0;3;228;2;1;2;1;1;2;1;2;X;X;X;X;1;2;2;1;2;1;X;X;X;X;0.0;4.0;4.0;0.0;2.0;0.0;4.0;4.0;0.0;2.0;3.0;2.0;1.0;2.0;0.0;3.0;2.0;1.0;2.0;0.0
2019/20;Domenica;5;Luglio;Inter;Bologna;1;2;False;False;True;-1;1;2;0;3;228;2;1;2;2;1;1;2;2;X;X;X;X;1;1;2;2;1;1;X;X;X;X;1.0;0.0;4.0;4.0;0.0;1.0;0.0;4.0;4.0;0.0;2.0;3.0;2.0;1.0;2.0;2.0;3.0;2.0;1.0;2.0
2019/20;Domenica;5;Luglio;Brescia;Hellas Verona;2;0;True;False;False;1;-1;1;3;0;228;1;2;1;2;2;1;1;1;X;X;X;X;2;1;1;2;2;2;X;X;X;X;2.0;1.0;0.0;4.0;4.0;2.0;1.0;0.0;4.0;4.0;0.0;2.0;3.0;2.0;1.0;0.0;2.0;3.0;2.0;1.0
2019/20;Domenica;5;Luglio;Cagliari;Atalanta;0;1;False;False;True;-1;1;2;0;3;228;2;1;2;1;2;2;1;2;X;X;X;X;1;2;1;1;2;1;X;X;X;X;0.0;2.0;1.0;0.0;4.0;0.0;2.0;1.0;0.0;4.0;1.0;0.0;2.0;3.0;2.0;1.0;0.0;2.0;3.0;2.0
2019/20;Domenica;5;Luglio;Parma;Fiorentina;1;2;False;False;True;-1;1;2;0;3;228;2;1;2;2;1;2;2;2;X;X;X;X;1;1;2;1;1;1;X;X;X;X;1.0;0.0;2.0;1.0;0.0;1.0;0.0;2.0;1.0;0.0;2.0;1.0;0.0;2.0;3.0;2.0;1.0;0.0;2.0;3.0
2019/20;Domenica;5;Luglio;Sampdoria;SPAL;3;0;True;False;False;1;-1;1;3;0;228;1;2;1;2;2;1;2;1;X;X;X;X;2;1;1;2;1;2;X;X;X;X;3.0;1.0;0.0;2.0;1.0;3.0;1.0;0.0;2.0;1.0;0.0;2.0;1.0;0.0;2.0;0.0;2.0;1.0;0.0;2.0
2019/20;Domenica;5;Luglio;Udinese;Genoa;2;2;False;True;False;0;0;X;1;1;228;X;X;X;1;2;2;1;X;X;X;X;X;X;2;1;1;2;X;X;X;X;X;2.0;3.0;1.0;0.0;2.0;2.0;3.0;1.0;0.0;2.0;2.0;0.0;2.0;1.0;0.0;2.0;0.0;2.0;1.0;0.0
2019/20;Domenica;5;Luglio;Napoli;Roma;2;1;True;False;False;1;-1;1;3;0;228;1;2;1;X;1;2;2;1;X;X;X;X;2;X;2;1;1;2;X;X;X;X;2.0;2.0;3.0;1.0;0.0;2.0;2.0;3.0;1.0;0.0;1.0;2.0;0.0;2.0;1.0;1.0;2.0;0.0;2.0;1.0
2019/20;Martedì;7;Luglio;Lecce;Lazio;2;1;True;False;False;1;-1;1;3;0;228;1;2;1;1;X;1;2;1;X;X;X;X;2;2;X;2;1;2;X;X;X;X;2.0;2.0;2.0;3.0;1.0;2.0;2.0;2.0;3.0;1.0;1.0;1.0;2.0;0.0;2.0;1.0;1.0;2.0;0.0;2.0
2019/20;Martedì;7;Luglio;Milan;Juventus;4;2;True;False;False;1;-1;1;3;0;228;1;2;1;1;1;X;1;1;X;X;X;X;2;2;2;X;2;2;X;X;X;X;4.0;2.0;2.0;2.0;3.0;4.0;2.0;2.0;2.0;3.0;2.0;1.0;1.0;2.0;0.0;2.0;1.0;1.0;2.0;0.0
2019/20;Mercoledì;8;Luglio;Fiorentina;Cagliari;0;0;False;True;False;0;0;X;1;1;228;X;X;X;1;1;1;X;X;X;X;X;X;X;2;2;2;X;X;X;X;X;X;0.0;4.0;2.0;2.0;2.0;0.0;4.0;2.0;2.0;2.0;0.0;2.0;1.0;1.0;2.0;0.0;2.0;1.0;1.0;2.0
2019/20;Mercoledì;8;Luglio;Genoa;Napoli;1;2;False;False;True;-1;1;2;0;3;228;2;1;2;X;1;1;1;2;X;X;X;X;1;X;2;2;2;1;X;X;X;X;1.0;0.0;4.0;2.0;2.0;1.0;0.0;4.0;2.0;2.0;2.0;0.0;2.0;1.0;1.0;2.0;0.0;2.0;1.0;1.0
2019/20;Mercoledì;8;Luglio;Roma;Parma;2;1;True;False;False;1;-1;1;3;0;228;1;2;1;2;X;1;1;1;X;X;X;X;2;1;X;2;2;2;X;X;X;X;2.0;1.0;0.0;4.0;2.0;2.0;1.0;0.0;4.0;2.0;1.0;2.0;0.0;2.0;1.0;1.0;2.0;0.0;2.0;1.0
2019/20;Mercoledì;8;Luglio;Atalanta;Sampdoria;2;0;True;False;False;1;-1;1;3;0;228;1;2;1;1;2;X;1;1;X;X;X;X;2;2;1;X;2;2;X;X;X;X;2.0;2.0;1.0;0.0;4.0;2.0;2.0;1.0;0.0;4.0;0.0;1.0;2.0;0.0;2.0;0.0;1.0;2.0;0.0;2.0
2019/20;Mercoledì;8;Luglio;Bologna;Sassuolo;1;2;False;False;True;-1;1;2;0;3;228;2;1;2;1;1;2;X;2;X;X;X;X;1;2;2;1;X;1;X;X;X;X;1.0;2.0;2.0;1.0;0.0;1.0;2.0;2.0;1.0;0.0;2.0;0.0;1.0;2.0;0.0;2.0;0.0;1.0;2.0;0.0
2019/20;Mercoledì;8;Luglio;Torino;Brescia;3;1;True;False;False;1;-1;1;3;0;228;1;2;1;2;1;1;2;1;X;X;X;X;2;1;2;2;1;2;X;X;X;X;3.0;1.0;2.0;2.0;1.0;3.0;1.0;2.0;2.0;1.0;1.0;2.0;0.0;1.0;2.0;1.0;2.0;0.0;1.0;2.0
2019/20;Giovedì;9;Luglio;SPAL;Udinese;0;3;False;False;True;-1;1;2;0;3;228;2;1;2;1;2;1;1;2;X;X;X;X;1;2;1;2;2;1;X;X;X;X;0.0;3.0;1.0;2.0;2.0;0.0;3.0;1.0;2.0;2.0;3.0;1.0;2.0;0.0;1.0;3.0;1.0;2.0;0.0;1.0
2019/20;Giovedì;9;Luglio;Hellas Verona;Inter;2;2;False;True;False;0;0;X;1;1;228;X;X;X;2;1;2;1;X;X;X;X;X;X;1;2;1;2;X;X;X;X;X;2.0;0.0;3.0;1.0;2.0;2.0;0.0;3.0;1.0;2.0;2.0;3.0;1.0;2.0;0.0;2.0;3.0;1.0;2.0;0.0
2019/20;Sabato;11;Luglio;Lazio;Sassuolo;1;2;False;False;True;-1;1;2;0;3;228;2;1;2;X;2;1;2;2;X;X;X;X;1;X;1;2;1;1;X;X;X;1;1.0;2.0;0.0;3.0;1.0;1.0;2.0;0.0;3.0;1.0;2.0;2.0;3.0;1.0;2.0;2.0;2.0;3.0;1.0;2.0
2019/20;Sabato;11;Luglio;Brescia;Roma;0;3;False;False;True;-1;1;2;0;3;228;2;1;2;2;X;2;1;2;X;X;X;X;1;1;X;1;2;1;X;X;X;X;0.0;1.0;2.0;0.0;3.0;0.0;1.0;2.0;0.0;3.0;3.0;2.0;2.0;3.0;1.0;3.0;2.0;2.0;3.0;1.0
2019/20;Sabato;11;Luglio;Juventus;Atalanta;2;2;False;True;False;0;0;X;1;1;228;X;X;X;2;2;X;2;X;X;X;X;X;X;1;1;X;1;X;X;X;X;X;2.0;0.0;1.0;2.0;0.0;2.0;0.0;1.0;2.0;0.0;2.0;3.0;2.0;2.0;3.0;2.0;3.0;2.0;2.0;3.0
2019/20;Domenica;12;Luglio;Genoa;SPAL;2;0;True;False;False;1;-1;1;3;0;228;1;2;1;X;2;2;X;1;X;X;X;X;2;X;1;1;X;2;X;X;X;X;2.0;2.0;0.0;1.0;2.0;2.0;2.0;0.0;1.0;2.0;0.0;2.0;3.0;2.0;2.0;0.0;2.0;3.0;2.0;2.0
2019/20;Domenica;12;Luglio;Cagliari;Lecce;0;0;False;True;False;0;0;X;1;1;228;X;X;X;1;X;2;2;X;X;X;X;X;X;2;X;1;1;X;X;X;X;X;0.0;2.0;2.0;0.0;1.0;0.0;2.0;2.0;0.0;1.0;0.0;0.0;2.0;3.0;2.0;0.0;0.0;2.0;3.0;2.0
2019/20;Domenica;12;Luglio;Fiorentina;Hellas Verona;1;1;False;True;False;0;0;X;1;1;228;X;X;X;X;1;X;2;X;X;X;X;X;X;X;2;X;1;X;X;X;X;X;1.0;0.0;2.0;2.0;0.0;1.0;0.0;2.0;2.0;0.0;1.0;0.0;0.0;2.0;3.0;1.0;0.0;0.0;2.0;3.0
2019/20;Domenica;12;Luglio;Parma;Bologna;2;2;False;True;False;0;0;X;1;1;228;X;X;X;X;X;1;X;X;X;X;X;X;X;X;X;2;X;X;X;X;X;X;2.0;1.0;0.0;2.0;2.0;2.0;1.0;0.0;2.0;2.0;2.0;1.0;0.0;0.0;2.0;2.0;1.0;0.0;0.0;2.0
2019/20;Domenica;12;Luglio;Udinese;Sampdoria;1;3;False;False;True;-1;1;2;0;3;228;2;1;2;X;X;X;1;2;X;X;X;X;1;X;X;X;2;1;X;X;X;X;1.0;2.0;1.0;0.0;2.0;1.0;2.0;1.0;0.0;2.0;3.0;2.0;1.0;0.0;0.0;3.0;2.0;1.0;0.0;0.0
2019/20;Domenica;12;Luglio;Napoli;Milan;2;2;False;True;False;0;0;X;1;1;228;X;X;X;2;X;X;X;X;X;X;X;X;X;1;X;X;X;X;X;X;X;X;2.0;1.0;2.0;1.0;0.0;2.0;1.0;2.0;1.0;0.0;2.0;3.0;2.0;1.0;0.0;2.0;3.0;2.0;1.0;0.0
2019/20;Lunedì;13;Luglio;Inter;Torino;3;1;True;False;False;1;-1;1;3;0;228;1;2;1;X;2;X;X;1;X;X;X;X;2;X;1;X;X;2;X;X;X;X;3.0;2.0;1.0;2.0;1.0;3.0;2.0;1.0;2.0;1.0;1.0;2.0;3.0;2.0;1.0;1.0;2.0;3.0;2.0;1.0
2019/20;Martedì;14;Luglio;Atalanta;Brescia;6;2;True;False;False;1;-1;1;3;0;228;1;2;1;1;X;2;X;1;X;X;X;X;2;2;X;1;X;2;X;X;X;X;6.0;3.0;2.0;1.0;2.0;6.0;3.0;2.0;1.0;2.0;2.0;1.0;2.0;3.0;2.0;2.0;1.0;2.0;3.0;2.0
2019/20;Mercoledì;15;Luglio;Milan;Parma;3;1;True;False;False;1;-1;1;3;0;228;1;2;1;1;1;X;2;1;X;X;X;X;2;2;2;X;1;2;X;X;X;X;3.0;6.0;3.0;2.0;1.0;3.0;6.0;3.0;2.0;1.0;1.0;2.0;1.0;2.0;3.0;1.0;2.0;1.0;2.0;3.0
2019/20;Mercoledì;15;Luglio;Bologna;Napoli;1;1;False;True;False;0;0;X;1;1;228;X;X;X;1;1;1;X;X;X;X;X;X;X;2;2;2;X;X;X;X;X;X;1.0;3.0;6.0;3.0;2.0;1.0;3.0;6.0;3.0;2.0;1.0;1.0;2.0;1.0;2.0;1.0;1.0;2.0;1.0;2.0
2019/20;Mercoledì;15;Luglio;Sampdoria;Cagliari;3;0;True;False;False;1;-1;1;3;0;228;1;2;1;X;1;1;1;1;X;X;X;X;2;X;2;2;2;2;X;X;X;X;3.0;1.0;3.0;6.0;3.0;3.0;1.0;3.0;6.0;3.0;0.0;1.0;1.0;2.0;1.0;0.0;1.0;1.0;2.0;1.0
2019/20;Mercoledì;15;Luglio;Roma;Hellas Verona;2;1;True;False;False;1;-1;1;3;0;228;1;2;1;1;X;1;1;1;X;X;X;X;2;2;X;2;2;2;X;X;X;X;2.0;3.0;1.0;3.0;6.0;2.0;3.0;1.0;3.0;6.0;1.0;0.0;1.0;1.0;2.0;1.0;0.0;1.0;1.0;2.0
2019/20;Mercoledì;15;Luglio;Lecce;Fiorentina;1;3;False;False;True;-1;1;2;0;3;228;2;1;2;1;1;X;1;2;X;X;X;X;1;2;2;X;2;1;X;X;X;X;1.0;2.0;3.0;1.0;3.0;1.0;2.0;3.0;1.0;3.0;3.0;1.0;0.0;1.0;1.0;3.0;1.0;0.0;1.0;1.0
2019/20;Mercoledì;15;Luglio;Sassuolo;Juventus;3;3;False;True;False;0;0;X;1;1;228;X;X;X;2;1;1;X;X;X;X;X;X;X;1;2;2;X;X;X;X;X;X;3.0;1.0;2.0;3.0;1.0;3.0;1.0;2.0;3.0;1.0;3.0;3.0;1.0;0.0;1.0;3.0;3.0;1.0;0.0;1.0
2019/20;Mercoledì;15;Luglio;Udinese;Lazio;0;0;False;True;False;0;0;X;1;1;228;X;X;X;X;2;1;1;X;X;X;X;X;X;X;1;2;2;X;X;X;X;X;0.0;3.0;1.0;2.0;3.0;0.0;3.0;1.0;2.0;3.0;0.0;3.0;3.0;1.0;0.0;0.0;3.0;3.0;1.0;0.0
2019/20;Giovedì;16;Luglio;Torino;Genoa;3;0;True;False;False;1;-1;1;3;0;228;1;2;1;X;X;2;1;1;X;X;X;X;2;X;X;1;2;2;X;X;X;X;3.0;0.0;3.0;1.0;2.0;3.0;0.0;3.0;1.0;2.0;0.0;0.0;3.0;3.0;1.0;0.0;0.0;3.0;3.0;1.0
2019/20;Giovedì;16;Luglio;SPAL;Inter;0;4;False;False;True;-1;1;2;0;3;228;2;1;2;1;X;X;2;2;X;X;X;X;1;2;X;X;1;1;X;X;X;X;0.0;3.0;0.0;3.0;1.0;0.0;3.0;0.0;3.0;1.0;4.0;0.0;0.0;3.0;3.0;4.0;0.0;0.0;3.0;3.0
2019/20;Sabato;18;Luglio;Hellas Verona;Atalanta;1;1;False;True;False;0;0;X;1;1;228;X;X;X;2;1;X;X;X;X;X;X;X;X;1;2;X;X;X;X;X;X;X;1.0;0.0;3.0;0.0;3.0;1.0;0.0;3.0;0.0;3.0;1.0;4.0;0.0;0.0;3.0;1.0;4.0;0.0;0.0;3.0
2019/20;Sabato;18;Luglio;Cagliari;Sassuolo;1;1;False;True;False;0;0;X;1;1;228;X;X;X;X;2;1;X;X;X;X;X;X;X;X;1;2;X;X;X;X;X;X;1.0;1.0;0.0;3.0;0.0;1.0;1.0;0.0;3.0;0.0;1.0;1.0;4.0;0.0;0.0;1.0;1.0;4.0;0.0;0.0
2019/20;Sabato;18;Luglio;Milan;Bologna;5;1;True;False;False;1;-1;1;3;0;228;1;2;1;X;X;2;1;1;X;X;X;X;2;X;X;1;2;2;X;X;X;X;5.0;1.0;1.0;0.0;3.0;5.0;1.0;1.0;0.0;3.0;1.0;1.0;1.0;4.0;0.0;1.0;1.0;1.0;4.0;0.0
2019/20;Domenica;19;Luglio;Parma;Sampdoria;2;3;False;False;True;-1;1;2;0;3;228;2;1;2;1;X;X;2;2;X;X;X;X;1;2;X;X;1;1;X;X;X;X;2.0;5.0;1.0;1.0;0.0;2.0;5.0;1.0;1.0;0.0;3.0;1.0;1.0;1.0;4.0;3.0;1.0;1.0;1.0;4.0
2019/20;Domenica;19;Luglio;Brescia;SPAL;2;1;True;False;False;1;-1;1;3;0;228;1;2;1;2;1;X;X;1;X;X;X;X;2;1;2;X;X;2;X;X;X;X;2.0;2.0;5.0;1.0;1.0;2.0;2.0;5.0;1.0;1.0;1.0;3.0;1.0;1.0;1.0;1.0;3.0;1.0;1.0;1.0
2019/20;Domenica;19;Luglio;Fiorentina;Torino;2;0;True;False;False;1;-1;1;3;0;228;1;2;1;1;2;1;X;1;X;X;X;X;2;2;1;2;X;2;X;X;X;X;2.0;2.0;2.0;5.0;1.0;2.0;2.0;2.0;5.0;1.0;0.0;1.0;3.0;1.0;1.0;0.0;1.0;3.0;1.0;1.0
2019/20;Domenica;19;Luglio;Genoa;Lecce;2;1;True;False;False;1;-1;1;3;0;228;1;2;1;1;1;2;1;1;X;X;X;X;2;2;2;1;2;2;X;X;X;X;2.0;2.0;2.0;2.0;5.0;2.0;2.0;2.0;2.0;5.0;1.0;0.0;1.0;3.0;1.0;1.0;0.0;1.0;3.0;1.0
2019/20;Domenica;19;Luglio;Napoli;Udinese;2;1;True;False;False;1;-1;1;3;0;228;1;2;1;1;1;1;2;1;X;X;X;X;2;2;2;2;1;2;X;X;X;X;2.0;2.0;2.0;2.0;2.0;2.0;2.0;2.0;2.0;2.0;1.0;1.0;0.0;1.0;3.0;1.0;1.0;0.0;1.0;3.0
2019/20;Domenica;19;Luglio;Roma;Inter;2;2;False;True;False;0;0;X;1;1;228;X;X;X;1;1;1;1;X;X;X;X;X;X;2;2;2;2;X;X;X;X;X;2.0;2.0;2.0;2.0;2.0;2.0;2.0;2.0;2.0;2.0;2.0;1.0;1.0;0.0;1.0;2.0;1.0;1.0;0.0;1.0
2019/20;Lunedì;20;Luglio;Juventus;Lazio;2;1;True;False;False;1;-1;1;3;0;228;1;2;1;X;1;1;1;1;X;X;X;X;2;X;2;2;2;2;X;X;X;X;2.0;2.0;2.0;2.0;2.0;2.0;2.0;2.0;2.0;2.0;1.0;2.0;1.0;1.0;0.0;1.0;2.0;1.0;1.0;0.0
2019/20;Martedì;21;Luglio;Atalanta;Bologna;1;0;True;False;False;1;-1;1;3;0;228;1;2;1;1;X;1;1;1;X;X;X;X;2;2;X;2;2;2;X;X;X;X;1.0;2.0;2.0;2.0;2.0;1.0;2.0;2.0;2.0;2.0;0.0;1.0;2.0;1.0;1.0;0.0;1.0;2.0;1.0;1.0
2019/20;Martedì;21;Luglio;Sassuolo;Milan;1;2;False;False;True;-1;1;2;0;3;228;2;1;2;1;1;X;1;2;X;X;X;X;1;2;2;X;2;1;X;X;X;X;1.0;1.0;2.0;2.0;2.0;1.0;1.0;2.0;2.0;2.0;2.0;0.0;1.0;2.0;1.0;2.0;0.0;1.0;2.0;1.0
2019/20;Mercoledì;22;Luglio;Parma;Napoli;2;1;True;False;False;1;-1;1;3;0;228;1;2;1;2;1;1;X;1;X;X;X;X;2;1;2;2;X;2;X;X;X;X;2.0;1.0;1.0;2.0;2.0;2.0;1.0;1.0;2.0;2.0;1.0;2.0;0.0;1.0;2.0;1.0;2.0;0.0;1.0;2.0
2019/20;Mercoledì;22;Luglio;Inter;Fiorentina;0;0;False;True;False;0;0;X;1;1;228;X;X;X;1;2;1;1;X;X;X;X;X;X;2;1;2;2;X;X;X;X;X;0.0;2.0;1.0;1.0;2.0;0.0;2.0;1.0;1.0;2.0;0.0;1.0;2.0;0.0;1.0;0.0;1.0;2.0;0.0;1.0
2019/20;Mercoledì;22;Luglio;Lecce;Brescia;3;1;True;False;False;1;-1;1;3;0;228;1;2;1;X;1;2;1;1;X;X;X;X;2;X;2;1;2;2;X;X;X;X;3.0;0.0;2.0;1.0;1.0;3.0;0.0;2.0;1.0;1.0;1.0;0.0;1.0;2.0;0.0;1.0;0.0;1.0;2.0;0.0
2019/20;Mercoledì;22;Luglio;Sampdoria;Genoa;1;2;False;False;True;-1;1;2;0;3;228;2;1;2;1;X;1;2;2;X;X;X;X;1;2;X;2;1;1;X;X;X;X;1.0;3.0;0.0;2.0;1.0;1.0;3.0;0.0;2.0;1.0;2.0;1.0;0.0;1.0;2.0;2.0;1.0;0.0;1.0;2.0
2019/20;Mercoledì;22;Luglio;SPAL;Roma;1;6;False;False;True;-1;1;2;0;3;228;2;1;2;2;1;X;1;2;X;X;X;X;1;1;2;X;2;1;X;X;X;X;1.0;1.0;3.0;0.0;2.0;1.0;1.0;3.0;0.0;2.0;6.0;2.0;1.0;0.0;1.0;6.0;2.0;1.0;0.0;1.0
2019/20;Mercoledì;22;Luglio;Torino;Hellas Verona;1;1;False;True;False;0;0;X;1;1;228;X;X;X;2;2;1;X;X;X;X;X;X;X;1;1;2;X;X;X;X;X;X;1.0;1.0;1.0;3.0;0.0;1.0;1.0;1.0;3.0;0.0;1.0;6.0;2.0;1.0;0.0;1.0;6.0;2.0;1.0;0.0
2019/20;Giovedì;23;Luglio;Udinese;Juventus;2;1;True;False;False;1;-1;1;3;0;228;1;2;1;X;2;2;1;1;X;X;X;X;2;X;1;1;2;2;X;X;X;X;2.0;1.0;1.0;1.0;3.0;2.0;1.0;1.0;1.0;3.0;1.0;1.0;6.0;2.0;1.0;1.0;1.0;6.0;2.0;1.0
2019/20;Giovedì;23;Luglio;Lazio;Cagliari;2;1;True;False;False;1;-1;1;3;0;228;1;2;1;1;X;2;2;1;X;X;X;X;2;2;X;1;1;2;X;X;X;X;2.0;2.0;1.0;1.0;1.0;2.0;2.0;1.0;1.0;1.0;1.0;1.0;1.0;6.0;2.0;1.0;1.0;1.0;6.0;2.0
2019/20;Venerdì;24;Luglio;Milan;Atalanta;1;1;False;True;False;0;0;X;1;1;228;X;X;X;1;1;X;2;X;X;X;X;X;X;2;2;X;1;X;X;X;X;X;1.0;2.0;2.0;1.0;1.0;1.0;2.0;2.0;1.0;1.0;1.0;1.0;1.0;1.0;6.0;1.0;1.0;1.0;1.0;6.0
2019/20;Sabato;25;Luglio;Brescia;Parma;1;2;False;False;True;-1;1;2;0;3;228;2;1;2;X;1;1;X;2;X;X;X;X;1;X;2;2;X;1;X;X;X;X;1.0;1.0;2.0;2.0;1.0;1.0;1.0;2.0;2.0;1.0;2.0;1.0;1.0;1.0;1.0;2.0;1.0;1.0;1.0;1.0
2019/20;Sabato;25;Luglio;Genoa;Inter;0;3;False;False;True;-1;1;2;0;3;228;2;1;2;2;X;1;1;2;X;X;X;X;1;1;X;2;2;1;X;X;X;X;0.0;1.0;1.0;2.0;2.0;0.0;1.0;1.0;2.0;2.0;3.0;2.0;1.0;1.0;1.0;3.0;2.0;1.0;1.0;1.0
2019/20;Sabato;25;Luglio;Napoli;Sassuolo;2;0;True;False;False;1;-1;1;3;0;228;1;2;1;2;2;X;1;1;X;X;X;X;2;1;1;X;2;2;X;X;X;X;2.0;0.0;1.0;1.0;2.0;2.0;0.0;1.0;1.0;2.0;0.0;3.0;2.0;1.0;1.0;0.0;3.0;2.0;1.0;1.0
2019/20;Domenica;26;Luglio;Bologna;Lecce;3;2;True;False;False;1;-1;1;3;0;228;1;2;1;1;2;2;X;1;X;X;X;X;2;2;1;1;X;2;X;X;X;X;3.0;2.0;0.0;1.0;1.0;3.0;2.0;0.0;1.0;1.0;2.0;0.0;3.0;2.0;1.0;2.0;0.0;3.0;2.0;1.0
2019/20;Domenica;26;Luglio;Roma;Fiorentina;2;1;True;False;False;1;-1;1;3;0;228;1;2;1;1;1;2;2;1;X;X;X;X;2;2;2;1;1;2;X;X;X;X;2.0;3.0;2.0;0.0;1.0;2.0;3.0;2.0;0.0;1.0;1.0;2.0;0.0;3.0;2.0;1.0;2.0;0.0;3.0;2.0
2019/20;Domenica;26;Luglio;Cagliari;Udinese;0;1;False;False;True;-1;1;2;0;3;228;2;1;2;1;1;1;2;2;X;X;X;X;1;2;2;2;1;1;X;X;X;X;0.0;2.0;3.0;2.0;0.0;0.0;2.0;3.0;2.0;0.0;1.0;1.0;2.0;0.0;3.0;1.0;1.0;2.0;0.0;3.0
2019/20;Domenica;26;Luglio;Hellas Verona;Lazio;1;5;False;False;True;-1;1;2;0;3;228;2;1;2;2;1;1;1;2;X;X;X;X;1;1;2;2;2;1;X;X;X;X;1.0;0.0;2.0;3.0;2.0;1.0;0.0;2.0;3.0;2.0;5.0;1.0;1.0;2.0;0.0;5.0;1.0;1.0;2.0;0.0
2019/20;Domenica;26;Luglio;SPAL;Torino;1;1;False;True;False;0;0;X;1;1;228;X;X;X;2;2;1;1;X;X;X;X;X;X;1;1;2;2;X;X;X;X;X;1.0;1.0;0.0;2.0;3.0;1.0;1.0;0.0;2.0;3.0;1.0;5.0;1.0;1.0;2.0;1.0;5.0;1.0;1.0;2.0
2019/20;Domenica;26;Luglio;Juventus;Sampdoria;2;0;True;False;False;1;-1;1;3;0;228;1;2;1;X;2;2;1;1;X;X;X;X;2;X;1;1;2;2;X;X;X;X;2.0;1.0;1.0;0.0;2.0;2.0;1.0;1.0;0.0;2.0;0.0;1.0;5.0;1.0;1.0;0.0;1.0;5.0;1.0;1.0
2019/20;Martedì;28;Luglio;Parma;Atalanta;1;2;False;False;True;-1;1;2;0;3;228;2;1;2;1;X;2;2;2;X;X;X;X;1;2;X;1;1;1;X;X;X;X;1.0;2.0;1.0;1.0;0.0;1.0;2.0;1.0;1.0;0.0;2.0;0.0;1.0;5.0;1.0;2.0;0.0;1.0;5.0;1.0
2019/20;Martedì;28;Luglio;Inter;Napoli;2;0;True;False;False;1;-1;1;3;0;228;1;2;1;2;1;X;2;1;X;X;X;X;2;1;2;X;1;2;X;X;X;X;2.0;1.0;2.0;1.0;1.0;2.0;1.0;2.0;1.0;1.0;0.0;2.0;0.0;1.0;5.0;0.0;2.0;0.0;1.0;5.0
2019/20;Mercoledì;29;Luglio;Hellas Verona;SPAL;3;0;True;False;False;1;-1;1;3;0;228;1;2;1;1;2;1;X;1;X;X;X;X;2;2;1;2;X;2;X;X;X;X;3.0;2.0;1.0;2.0;1.0;3.0;2.0;1.0;2.0;1.0;0.0;0.0;2.0;0.0;1.0;0.0;0.0;2.0;0.0;1.0
2019/20;Mercoledì;29;Luglio;Lazio;Brescia;2;0;True;False;False;1;-1;1;3;0;228;1;2;1;1;1;2;1;1;X;X;X;X;2;2;2;1;2;2;X;X;X;X;2.0;3.0;2.0;1.0;2.0;2.0;3.0;2.0;1.0;2.0;0.0;0.0;0.0;2.0;0.0;0.0;0.0;0.0;2.0;0.0
2019/20;Mercoledì;29;Luglio;Sampdoria;Milan;1;4;False;False;True;-1;1;2;0;3;228;2;1;2;1;1;1;2;2;X;X;X;X;1;2;2;2;1;1;X;X;X;X;1.0;2.0;3.0;2.0;1.0;1.0;2.0;3.0;2.0;1.0;4.0;0.0;0.0;0.0;2.0;4.0;0.0;0.0;0.0;2.0
2019/20;Mercoledì;29;Luglio;Sassuolo;Genoa;5;0;True;False;False;1;-1;1;3;0;228;1;2;1;2;1;1;1;1;X;X;X;X;2;1;2;2;2;2;X;X;X;X;5.0;1.0;2.0;3.0;2.0;5.0;1.0;2.0;3.0;2.0;0.0;4.0;0.0;0.0;0.0;0.0;4.0;0.0;0.0;0.0
2019/20;Mercoledì;29;Luglio;Udinese;Lecce;1;2;False;False;True;-1;1;2;0;3;228;2;1;2;1;2;1;1;2;X;X;X;X;1;2;1;2;2;1;X;X;X;X;1.0;5.0;1.0;2.0;3.0;1.0;5.0;1.0;2.0;3.0;2.0;0.0;4.0;0.0;0.0;2.0;0.0;4.0;0.0;0.0
2019/20;Mercoledì;29;Luglio;Cagliari;Juventus;2;0;True;False;False;1;-1;1;3;0;228;1;2;1;2;1;2;1;1;X;X;X;X;2;1;2;1;2;2;X;X;X;X;2.0;1.0;5.0;1.0;2.0;2.0;1.0;5.0;1.0;2.0;0.0;2.0;0.0;4.0;0.0;0.0;2.0;0.0;4.0;0.0
2019/20;Mercoledì;29;Luglio;Fiorentina;Bologna;4;0;True;False;False;1;-1;1;3;0;228;1;2;1;1;2;1;2;1;X;X;X;X;2;2;1;2;1;2;X;X;X;X;4.0;2.0;1.0;5.0;1.0;4.0;2.0;1.0;5.0;1.0;0.0;0.0;2.0;0.0;4.0;0.0;0.0;2.0;0.0;4.0
2019/20;Mercoledì;29;Luglio;Torino;Roma;2;3;False;False;True;-1;1;2;0;3;228;2;1;2;1;1;2;1;2;X;X;X;X;1;2;2;1;2;1;X;X;X;X;2.0;4.0;2.0;1.0;5.0;2.0;4.0;2.0;1.0;5.0;3.0;0.0;0.0;2.0;0.0;3.0;0.0;0.0;2.0;0.0
2019/20;Sabato;1;Agosto;Brescia;Sampdoria;1;1;False;True;False;0;0;X;1;1;228;X;X;X;2;1;1;2;X;X;X;X;X;X;1;2;2;1;X;X;X;X;X;1.0;2.0;4.0;2.0;1.0;1.0;2.0;4.0;2.0;1.0;1.0;3.0;0.0;0.0;2.0;1.0;3.0;0.0;0.0;2.0
2019/20;Sabato;1;Agosto;Milan;Cagliari;3;0;True;False;False;1;-1;1;3;0;228;1;2;1;X;2;1;1;1;X;X;X;X;2;X;1;2;2;2;X;X;X;X;3.0;1.0;2.0;4.0;2.0;3.0;1.0;2.0;4.0;2.0;0.0;1.0;3.0;0.0;0.0;0.0;1.0;3.0;0.0;0.0
2019/20;Sabato;1;Agosto;Atalanta;Inter;0;2;False;False;True;-1;1;2;0;3;228;2;1;2;1;X;2;1;2;X;X;X;X;1;2;X;1;2;1;X;X;X;X;0.0;3.0;1.0;2.0;4.0;0.0;3.0;1.0;2.0;4.0;2.0;0.0;1.0;3.0;0.0;2.0;0.0;1.0;3.0;0.0
2019/20;Sabato;1;Agosto;Juventus;Roma;1;3;False;False;True;-1;1;2;0;3;228;2;1;2;2;1;X;2;2;X;X;X;X;1;1;2;X;1;1;X;X;X;1;1.0;0.0;3.0;1.0;2.0;1.0;0.0;3.0;1.0;2.0;3.0;2.0;0.0;1.0;3.0;3.0;2.0;0.0;1.0;3.0
2019/20;Sabato;1;Agosto;Napoli;Lazio;3;1;True;False;False;1;-1;1;3;0;228;1;2;1;2;2;1;X;1;X;X;X;X;2;1;1;2;X;2;X;X;X;X;3.0;1.0;0.0;3.0;1.0;3.0;1.0;0.0;3.0;1.0;1.0;3.0;2.0;0.0;1.0;1.0;3.0;2.0;0.0;1.0
2019/20;Domenica;2;Agosto;SPAL;Fiorentina;1;3;False;False;True;-1;1;2;0;3;228;2;1;2;1;2;2;1;2;X;X;X;X;1;2;1;1;2;1;X;X;X;X;1.0;3.0;1.0;0.0;3.0;1.0;3.0;1.0;0.0;3.0;3.0;1.0;3.0;2.0;0.0;3.0;1.0;3.0;2.0;0.0
2019/20;Domenica;2;Agosto;Bologna;Torino;1;1;False;True;False;0;0;X;1;1;228;X;X;X;2;1;2;2;X;X;X;X;X;X;1;2;1;1;X;X;X;X;X;1.0;1.0;3.0;1.0;0.0;1.0;1.0;3.0;1.0;0.0;1.0;3.0;1.0;3.0;2.0;1.0;3.0;1.0;3.0;2.0
2019/20;Domenica;2;Agosto;Genoa;Hellas Verona;3;0;True;False;False;1;-1;1;3;0;228;1;2;1;X;2;1;2;1;X;X;X;X;2;X;1;2;1;2;X;X;X;X;3.0;1.0;1.0;3.0;1.0;3.0;1.0;1.0;3.0;1.0;0.0;1.0;3.0;1.0;3.0;0.0;1.0;3.0;1.0;3.0
2019/20;Domenica;2;Agosto;Lecce;Parma;3;4;False;False;True;-1;1;2;0;3;228;2;1;2;1;X;2;1;2;X;X;X;X;1;2;X;1;2;1;X;X;X;X;3.0;3.0;1.0;1.0;3.0;3.0;3.0;1.0;1.0;3.0;4.0;0.0;1.0;3.0;1.0;4.0;0.0;1.0;3.0;1.0
2019/20;Domenica;2;Agosto;Sassuolo;Udinese;0;1;False;False;True;-1;1;2;0;3;228;2;1;2;2;1;X;2;2;X;X;X;X;1;1;2;X;1;1;X;X;X;X;0.0;3.0;3.0;1.0;1.0;0.0;3.0;3.0;1.0;1.0;1.0;4.0;0.0;1.0;3.0;1.0;4.0;0.0;1.0;3.0
2020/21;Sabato;19;Settembre;Fiorentina;Torino;1;0;True;False;False;1;-1;1;3;0;228;1;2;1;2;2;1;X;1;X;X;X;X;2;1;1;2;X;2;X;X;X;X;1.0;0.0;3.0;3.0;1.0;1.0;0.0;3.0;3.0;1.0;0.0;1.0;4.0;0.0;1.0;0.0;1.0;4.0;0.0;1.0
2020/21;Sabato;19;Settembre;Hellas Verona;Roma;3;0;True;False;False;1;-1;1;3;0;228;1;2;1;1;2;2;1;1;X;X;X;X;2;2;1;1;2;2;X;X;X;X;3.0;1.0;0.0;3.0;3.0;3.0;1.0;0.0;3.0;3.0;0.0;0.0;1.0;4.0;0.0;0.0;0.0;1.0;4.0;0.0
2020/21;Domenica;20;Settembre;Parma;Napoli;0;2;False;False;True;-1;1;2;0;3;228;2;1;2;1;1;2;2;2;X;X;X;X;1;2;2;1;1;1;X;X;X;X;0.0;3.0;1.0;0.0;3.0;0.0;3.0;1.0;0.0;3.0;2.0;0.0;0.0;1.0;4.0;2.0;0.0;0.0;1.0;4.0
2020/21;Domenica;20;Settembre;Genoa;Crotone;4;1;True;False;False;1;-1;1;3;0;228;1;2;1;2;1;1;2;1;X;X;X;X;2;1;2;2;1;2;X;X;X;X;4.0;0.0;3.0;1.0;0.0;4.0;0.0;3.0;1.0;0.0;1.0;2.0;0.0;0.0;1.0;1.0;2.0;0.0;0.0;1.0
2020/21;Domenica;20;Settembre;Sassuolo;Cagliari;1;1;False;True;False;0;0;X;1;1;228;X;X;X;1;2;1;1;X;X;X;X;X;X;2;1;2;2;X;X;X;X;X;1.0;4.0;0.0;3.0;1.0;1.0;4.0;0.0;3.0;1.0;1.0;1.0;2.0;0.0;0.0;1.0;1.0;2.0;0.0;0.0
2020/21;Domenica;20;Settembre;Juventus;Sampdoria;3;0;True;False;False;1;-1;1;3;0;228;1;2;1;X;1;2;1;1;X;X;X;X;2;X;2;1;2;2;X;X;X;X;3.0;1.0;4.0;0.0;3.0;3.0;1.0;4.0;0.0;3.0;0.0;1.0;1.0;2.0;0.0;0.0;1.0;1.0;2.0;0.0
2020/21;Lunedì;21;Settembre;Milan;Bologna;2;0;True;False;False;1;-1;1;3;0;228;1;2;1;1;X;1;2;1;X;X;X;X;2;2;X;2;1;2;X;X;X;X;2.0;3.0;1.0;4.0;0.0;2.0;3.0;1.0;4.0;0.0;0.0;0.0;1.0;1.0;2.0;0.0;0.0;1.0;1.0;2.0
2020/21;Sabato;26;Settembre;Torino;Atalanta;2;4;False;False;True;-1;1;2;0;3;228;2;1;2;1;1;X;1;2;X;X;X;X;1;2;2;X;2;1;X;X;X;X;2.0;2.0;3.0;1.0;4.0;2.0;2.0;3.0;1.0;4.0;4.0;0.0;0.0;1.0;1.0;4.0;0.0;0.0;1.0;1.0
2020/21;Sabato;26;Settembre;Cagliari;Lazio;0;2;False;False;True;-1;1;2;0;3;228;2;1;2;2;1;1;X;2;X;X;X;X;1;1;2;2;X;1;X;X;X;X;0.0;2.0;2.0;3.0;1.0;0.0;2.0;2.0;3.0;1.0;2.0;4.0;0.0;0.0;1.0;2.0;4.0;0.0;0.0;1.0
2020/21;Sabato;26;Settembre;Sampdoria;Benevento;2;3;False;False;True;-1;1;2;0;3;228;2;1;2;2;2;1;1;2;X;X;X;X;1;1;1;2;2;1;X;X;X;X;2.0;0.0;2.0;2.0;3.0;2.0;0.0;2.0;2.0;3.0;3.0;2.0;4.0;0.0;0.0;3.0;2.0;4.0;0.0;0.0
2020/21;Sabato;26;Settembre;Inter;Fiorentina;4;3;True;False;False;1;-1;1;3;0;228;1;2;1;2;2;2;1;1;X;X;X;X;2;1;1;1;2;2;X;X;X;X;4.0;2.0;0.0;2.0;2.0;4.0;2.0;0.0;2.0;2.0;3.0;3.0;2.0;4.0;0.0;3.0;3.0;2.0;4.0;0.0
2020/21;Domenica;27;Settembre;Spezia;Sassuolo;1;4;False;False;True;-1;1;2;0;3;228;2;1;2;1;2;2;2;2;X;X;X;X;1;2;1;1;1;1;X;X;X;X;1.0;4.0;2.0;0.0;2.0;1.0;4.0;2.0;0.0;2.0;4.0;3.0;3.0;2.0;4.0;4.0;3.0;3.0;2.0;4.0
2020/21;Domenica;27;Settembre;Hellas Verona;Udinese;1;0;True;False;False;1;-1;1;3;0;228;1;2;1;2;1;2;2;1;X;X;X;X;2;1;2;1;1;2;X;X;X;X;1.0;1.0;4.0;2.0;0.0;1.0;1.0;4.0;2.0;0.0;0.0;4.0;3.0;3.0;2.0;0.0;4.0;3.0;3.0;2.0
2020/21;Domenica;27;Settembre;Crotone;Milan;0;2;False;False;True;-1;1;2;0;3;228;2;1;2;1;2;1;2;2;X;X;X;X;1;2;1;2;1;1;X;X;X;X;0.0;1.0;1.0;4.0;2.0;0.0;1.0;1.0;4.0;2.0;2.0;0.0;4.0;3.0;3.0;2.0;0.0;4.0;3.0;3.0
2020/21;Domenica;27;Settembre;Napoli;Genoa;6;0;True;False;False;1;-1;1;3;0;228;1;2;1;2;1;2;1;1;X;X;X;X;2;1;2;1;2;2;X;X;X;X;6.0;0.0;1.0;1.0;4.0;6.0;0.0;1.0;1.0;4.0;0.0;2.0;0.0;4.0;3.0;0.0;2.0;0.0;4.0;3.0
2020/21;Domenica;27;Settembre;Roma;Juventus;2;2;False;True;False;0;0;X;1;1;228;X;X;X;1;2;1;2;X;X;X;X;X;X;2;1;2;1;X;X;X;X;X;2.0;6.0;0.0;1.0;1.0;2.0;6.0;0.0;1.0;1.0;2.0;0.0;2.0;0.0;4.0;2.0;0.0;2.0;0.0;4.0
2020/21;Lunedì;28;Settembre;Bologna;Parma;4;1;True;False;False;1;-1;1;3;0;228;1;2;1;X;1;2;1;1;X;X;X;X;2;X;2;1;2;2;X;X;X;X;4.0;2.0;6.0;0.0;1.0;4.0;2.0;6.0;0.0;1.0;1.0;2.0;0.0;2.0;0.0;1.0;2.0;0.0;2.0;0.0
2020/21;Mercoledì;30;Settembre;Benevento;Inter;2;5;False;False;True;-1;1;2;0;3;228;2;1;2;1;X;1;2;2;X;X;X;X;1;2;X;2;1;1;X;X;X;X;2.0;4.0;2.0;6.0;0.0;2.0;4.0;2.0;6.0;0.0;5.0;1.0;2.0;0.0;2.0;5.0;1.0;2.0;0.0;2.0
2020/21;Mercoledì;30;Settembre;Udinese;Spezia;0;2;False;False;True;-1;1;2;0;3;228;2;1;2;2;1;X;1;2;X;X;X;X;1;1;2;X;2;1;X;X;X;X;0.0;2.0;4.0;2.0;6.0;0.0;2.0;4.0;2.0;6.0;2.0;5.0;1.0;2.0;0.0;2.0;5.0;1.0;2.0;0.0
2020/21;Mercoledì;30;Settembre;Lazio;Atalanta;1;4;False;False;True;-1;1;2;0;3;228;2;1;2;2;2;1;X;2;X;X;X;X;1;1;1;2;X;1;X;X;X;X;1.0;0.0;2.0;4.0;2.0;1.0;0.0;2.0;4.0;2.0;4.0;2.0;5.0;1.0;2.0;4.0;2.0;5.0;1.0;2.0
2020/21;Venerdì;2;Ottobre;Fiorentina;Sampdoria;1;2;False;False;True;-1;1;2;0;3;228;2;1;2;2;2;2;1;2;X;X;X;X;1;1;1;1;2;1;X;X;X;X;1.0;1.0;0.0;2.0;4.0;1.0;1.0;0.0;2.0;4.0;2.0;4.0;2.0;5.0;1.0;2.0;4.0;2.0;5.0;1.0
2020/21;Sabato;3;Ottobre;Sassuolo;Crotone;4;1;True;False;False;1;-1;1;3;0;228;1;2;1;2;2;2;2;1;X;X;X;X;2;1;1;1;1;2;X;X;X;X;4.0;1.0;1.0;0.0;2.0;4.0;1.0;1.0;0.0;2.0;1.0;2.0;4.0;2.0;5.0;1.0;2.0;4.0;2.0;5.0
2020/21;Sabato;3;Ottobre;Udinese;Roma;0;1;False;False;True;-1;1;2;0;3;228;2;1;2;1;2;2;2;2;X;X;X;2;1;2;1;1;1;1;X;X;X;X;0.0;4.0;1.0;1.0;0.0;0.0;4.0;1.0;1.0;0.0;1.0;1.0;2.0;4.0;2.0;1.0;1.0;2.0;4.0;2.0
2020/21;Domenica;4;Ottobre;Atalanta;Cagliari;5;2;True;False;False;1;-1;1;3;0;228;1;2;1;2;1;2;2;1;X;X;X;X;2;1;2;1;1;2;X;X;X;X;5.0;0.0;4.0;1.0;1.0;5.0;0.0;4.0;1.0;1.0;2.0;1.0;1.0;2.0;4.0;2.0;1.0;1.0;2.0;4.0
2020/21;Domenica;4;Ottobre;Benevento;Bologna;1;0;True;False;False;1;-1;1;3;0;228;1;2;1;1;2;1;2;1;X;X;X;X;2;2;1;2;1;2;X;X;X;X;1.0;5.0;0.0;4.0;1.0;1.0;5.0;0.0;4.0;1.0;0.0;2.0;1.0;1.0;2.0;0.0;2.0;1.0;1.0;2.0
2020/21;Domenica;4;Ottobre;Lazio;Inter;1;1;False;True;False;0;0;X;1;1;228;X;X;X;1;1;2;1;X;X;X;X;X;X;2;2;1;2;X;X;X;X;X;1.0;1.0;5.0;0.0;4.0;1.0;1.0;5.0;0.0;4.0;1.0;0.0;2.0;1.0;1.0;1.0;0.0;2.0;1.0;1.0
2020/21;Domenica;4;Ottobre;Parma;Hellas Verona;1;0;True;False;False;1;-1;1;3;0;228;1;2;1;X;1;1;2;1;X;X;X;X;2;X;2;2;1;2;X;X;X;X;1.0;1.0;1.0;5.0;0.0;1.0;1.0;1.0;5.0;0.0;0.0;1.0;0.0;2.0;1.0;0.0;1.0;0.0;2.0;1.0
2020/21;Domenica;4;Ottobre;Milan;Spezia;3;0;True;False;False;1;-1;1;3;0;228;1;2;1;1;X;1;1;1;X;X;X;X;2;2;X;2;2;2;X;X;X;X;3.0;1.0;1.0;1.0;5.0;3.0;1.0;1.0;1.0;5.0;0.0;0.0;1.0;0.0;2.0;0.0;0.0;1.0;0.0;2.0
2020/21;Sabato;17;Ottobre;Napoli;Atalanta;4;1;True;False;False;1;-1;1;3;0;228;1;2;1;1;1;X;1;1;X;X;X;X;2;2;2;X;2;2;X;X;X;X;4.0;3.0;1.0;1.0;1.0;4.0;3.0;1.0;1.0;1.0;1.0;0.0;0.0;1.0;0.0;1.0;0.0;0.0;1.0;0.0
2020/21;Sabato;17;Ottobre;Inter;Milan;1;2;False;False;True;-1;1;2;0;3;228;2;1;2;1;1;1;X;2;X;X;X;X;1;2;2;2;X;1;X;X;X;X;1.0;4.0;3.0;1.0;1.0;1.0;4.0;3.0;1.0;1.0;2.0;1.0;0.0;0.0;1.0;2.0;1.0;0.0;0.0;1.0
2020/21;Sabato;17;Ottobre;Sampdoria;Lazio;3;0;True;False;False;1;-1;1;3;0;228;1;2;1;2;1;1;1;1;X;X;X;X;2;1;2;2;2;2;X;X;X;X;3.0;1.0;4.0;3.0;1.0;3.0;1.0;4.0;3.0;1.0;0.0;2.0;1.0;0.0;0.0;0.0;2.0;1.0;0.0;0.0
2020/21;Sabato;17;Ottobre;Crotone;Juventus;1;1;False;True;False;0;0;X;1;1;228;X;X;X;1;2;1;1;X;X;X;X;X;X;2;1;2;2;X;X;X;X;X;1.0;3.0;1.0;4.0;3.0;1.0;3.0;1.0;4.0;3.0;1.0;0.0;2.0;1.0;0.0;1.0;0.0;2.0;1.0;0.0
2020/21;Domenica;18;Ottobre;Bologna;Sassuolo;3;4;False;False;True;-1;1;2;0;3;228;2;1;2;X;1;2;1;2;X;X;X;X;1;X;2;1;2;1;X;X;X;X;3.0;1.0;3.0;1.0;4.0;3.0;1.0;3.0;1.0;4.0;4.0;1.0;0.0;2.0;1.0;4.0;1.0;0.0;2.0;1.0
2020/21;Domenica;18;Ottobre;Spezia;Fiorentina;2;2;False;True;False;0;0;X;1;1;228;X;X;X;2;X;1;2;X;X;X;X;X;X;1;X;2;1;X;X;X;X;X;2.0;3.0;1.0;3.0;1.0;2.0;3.0;1.0;3.0;1.0;2.0;4.0;1.0;0.0;2.0;2.0;4.0;1.0;0.0;2.0
2020/21;Domenica;18;Ottobre;Torino;Cagliari;2;3;False;False;True;-1;1;2;0;3;228;2;1;2;X;2;X;1;2;X;X;X;X;1;X;1;X;2;1;X;X;X;X;2.0;2.0;3.0;1.0;3.0;2.0;2.0;3.0;1.0;3.0;3.0;2.0;4.0;1.0;0.0;3.0;2.0;4.0;1.0;0.0
2020/21;Domenica;18;Ottobre;Udinese;Parma;3;2;True;False;False;1;-1;1;3;0;228;1;2;1;2;X;2;X;1;X;X;X;X;2;1;X;1;X;2;X;X;X;X;3.0;2.0;2.0;3.0;1.0;3.0;2.0;2.0;3.0;1.0;2.0;3.0;2.0;4.0;1.0;2.0;3.0;2.0;4.0;1.0
2020/21;Domenica;18;Ottobre;Roma;Benevento;5;2;True;False;False;1;-1;1;3;0;228;1;2;1;1;2;X;2;1;X;X;X;X;2;2;1;X;1;2;X;X;X;X;5.0;3.0;2.0;2.0;3.0;5.0;3.0;2.0;2.0;3.0;2.0;2.0;3.0;2.0;4.0;2.0;2.0;3.0;2.0;4.0
2020/21;Lunedì;19;Ottobre;Hellas Verona;Genoa;0;0;False;True;False;0;0;X;1;1;228;X;X;X;1;1;2;X;X;X;X;X;X;X;2;2;1;X;X;X;X;X;X;0.0;5.0;3.0;2.0;2.0;0.0;5.0;3.0;2.0;2.0;0.0;2.0;2.0;3.0;2.0;0.0;2.0;2.0;3.0;2.0
2020/21;Venerdì;23;Ottobre;Sassuolo;Torino;3;3;False;True;False;0;0;X;1;1;228;X;X;X;X;1;1;2;X;X;X;X;X;X;X;2;2;1;X;X;X;X;X;3.0;0.0;5.0;3.0;2.0;3.0;0.0;5.0;3.0;2.0;3.0;0.0;2.0;2.0;3.0;3.0;0.0;2.0;2.0;3.0
2020/21;Sabato;24;Ottobre;Atalanta;Sampdoria;1;3;False;False;True;-1;1;2;0;3;228;2;1;2;X;X;1;1;2;X;X;X;X;1;X;X;2;2;1;X;X;X;X;1.0;3.0;0.0;5.0;3.0;1.0;3.0;0.0;5.0;3.0;3.0;3.0;0.0;2.0;2.0;3.0;3.0;0.0;2.0;2.0
2020/21;Sabato;24;Ottobre;Genoa;Inter;0;2;False;False;True;-1;1;2;0;3;228;2;1;2;2;X;X;1;2;X;X;X;X;1;1;X;X;2;1;X;X;X;X;0.0;1.0;3.0;0.0;5.0;0.0;1.0;3.0;0.0;5.0;2.0;3.0;3.0;0.0;2.0;2.0;3.0;3.0;0.0;2.0
2020/21;Sabato;24;Ottobre;Lazio;Bologna;2;1;True;False;False;1;-1;1;3;0;228;1;2;1;2;2;X;X;1;X;X;X;X;2;1;1;X;X;2;X;X;X;X;2.0;0.0;1.0;3.0;0.0;2.0;0.0;1.0;3.0;0.0;1.0;2.0;3.0;3.0;0.0;1.0;2.0;3.0;3.0;0.0
2020/21;Domenica;25;Ottobre;Cagliari;Crotone;4;2;True;False;False;1;-1;1;3;0;228;1;2;1;1;2;2;X;1;X;X;X;X;2;2;1;1;X;2;X;X;X;X;4.0;2.0;0.0;1.0;3.0;4.0;2.0;0.0;1.0;3.0;2.0;1.0;2.0;3.0;3.0;2.0;1.0;2.0;3.0;3.0
2020/21;Domenica;25;Ottobre;Benevento;Napoli;1;2;False;False;True;-1;1;2;0;3;228;2;1;2;1;1;2;2;2;X;X;X;X;1;2;2;1;1;1;X;X;X;X;1.0;4.0;2.0;0.0;1.0;1.0;4.0;2.0;0.0;1.0;2.0;2.0;1.0;2.0;3.0;2.0;2.0;1.0;2.0;3.0
2020/21;Domenica;25;Ottobre;Parma;Spezia;2;2;False;True;False;0;0;X;1;1;228;X;X;X;2;1;1;2;X;X;X;X;X;X;1;2;2;1;X;X;X;X;X;2.0;1.0;4.0;2.0;0.0;2.0;1.0;4.0;2.0;0.0;2.0;2.0;2.0;1.0;2.0;2.0;2.0;2.0;1.0;2.0
2020/21;Domenica;25;Ottobre;Fiorentina;Udinese;3;2;True;False;False;1;-1;1;3;0;228;1;2;1;X;2;1;1;1;X;X;X;X;2;X;1;2;2;2;X;X;X;X;3.0;2.0;1.0;4.0;2.0;3.0;2.0;1.0;4.0;2.0;2.0;2.0;2.0;2.0;1.0;2.0;2.0;2.0;2.0;1.0
2020/21;Domenica;25;Ottobre;Juventus;Hellas Verona;1;1;False;True;False;0;0;X;1;1;228;X;X;X;1;X;2;1;X;X;X;X;X;X;2;X;1;2;X;X;X;X;X;1.0;3.0;2.0;1.0;4.0;1.0;3.0;2.0;1.0;4.0;1.0;2.0;2.0;2.0;2.0;1.0;2.0;2.0;2.0;2.0
2020/21;Lunedì;26;Ottobre;Milan;Roma;3;3;False;True;False;0;0;X;1;1;228;X;X;X;X;1;X;2;X;X;X;X;X;X;X;2;X;1;X;X;X;X;X;3.0;1.0;3.0;2.0;1.0;3.0;1.0;3.0;2.0;1.0;3.0;1.0;2.0;2.0;2.0;3.0;1.0;2.0;2.0;2.0
2020/21;Sabato;31;Ottobre;Crotone;Atalanta;1;2;False;False;True;-1;1;2;0;3;228;2;1;2;X;X;1;X;2;X;X;X;X;1;X;X;2;X;1;X;X;X;X;1.0;3.0;1.0;3.0;2.0;1.0;3.0;1.0;3.0;2.0;2.0;3.0;1.0;2.0;2.0;2.0;3.0;1.0;2.0;2.0
2020/21;Sabato;31;Ottobre;Inter;Parma;2;2;False;True;False;0;0;X;1;1;228;X;X;X;2;X;X;1;X;X;X;X;X;X;1;X;X;2;X;X;X;X;X;2.0;1.0;3.0;1.0;3.0;2.0;1.0;3.0;1.0;3.0;2.0;2.0;3.0;1.0;2.0;2.0;2.0;3.0;1.0;2.0
2020/21;Sabato;31;Ottobre;Bologna;Cagliari;3;2;True;False;False;1;-1;1;3;0;228;1;2;1;X;2;X;X;1;X;X;X;X;2;X;1;X;X;2;X;X;X;X;3.0;2.0;1.0;3.0;1.0;3.0;2.0;1.0;3.0;1.0;2.0;2.0;2.0;3.0;1.0;2.0;2.0;2.0;3.0;1.0
2020/21;Domenica;1;Novmbre;Udinese;Milan;1;2;False;False;True;-1;1;2;0;3;228;2;1;2;1;X;2;X;2;X;X;X;X;1;2;X;1;X;1;X;X;X;X;1.0;3.0;2.0;1.0;3.0;1.0;3.0;2.0;1.0;3.0;2.0;2.0;2.0;2.0;3.0;2.0;2.0;2.0;2.0;3.0
2020/21;Domenica;1;Novmbre;Spezia;Juventus;1;4;False;False;True;-1;1;2;0;3;228;2;1;2;2;1;X;2;2;X;X;X;X;1;1;2;X;1;1;X;X;X;X;1.0;1.0;3.0;2.0;1.0;1.0;1.0;3.0;2.0;1.0;4.0;2.0;2.0;2.0;2.0;4.0;2.0;2.0;2.0;2.0
2020/21;Domenica;1;Novmbre;Torino;Lazio;3;4;False;False;True;-1;1;2;0;3;228;2;1;2;2;2;1;X;2;X;X;X;X;1;1;1;2;X;1;X;X;X;X;3.0;1.0;1.0;3.0;2.0;3.0;1.0;1.0;3.0;2.0;4.0;4.0;2.0;2.0;2.0;4.0;4.0;2.0;2.0;2.0
2020/21;Domenica;1;Novmbre;Roma;Fiorentina;2;0;True;False;False;1;-1;1;3;0;228;1;2;1;2;2;2;1;1;X;X;X;X;2;1;1;1;2;2;X;X;X;X;2.0;3.0;1.0;1.0;3.0;2.0;3.0;1.0;1.0;3.0;0.0;4.0;4.0;2.0;2.0;0.0;4.0;4.0;2.0;2.0
2020/21;Domenica;1;Novmbre;Napoli;Sassuolo;0;2;False;False;True;-1;1;2;0;3;228;2;1;2;1;2;2;2;2;X;X;X;X;1;2;1;1;1;1;X;X;X;X;0.0;2.0;3.0;1.0;1.0;0.0;2.0;3.0;1.0;1.0;2.0;0.0;4.0;4.0;2.0;2.0;0.0;4.0;4.0;2.0
2020/21;Domenica;1;Novmbre;Sampdoria;Genoa;1;1;False;True;False;0;0;X;1;1;228;X;X;X;2;1;2;2;X;X;X;X;X;X;1;2;1;1;X;X;X;X;X;1.0;0.0;2.0;3.0;1.0;1.0;0.0;2.0;3.0;1.0;1.0;2.0;0.0;4.0;4.0;1.0;2.0;0.0;4.0;4.0
2020/21;Lunedì;2;Novmbre;Hellas Verona;Benevento;3;1;True;False;False;1;-1;1;3;0;228;1;2;1;X;2;1;2;1;X;X;X;X;2;X;1;2;1;2;X;X;X;X;3.0;1.0;0.0;2.0;3.0;3.0;1.0;0.0;2.0;3.0;1.0;1.0;2.0;0.0;4.0;1.0;1.0;2.0;0.0;4.0
2020/21;Mercoledì;4;Novmbre;Genoa;Torino;1;2;False;False;True;-1;1;2;0;3;228;2;1;2;1;X;2;1;2;X;X;X;X;1;2;X;1;2;1;X;X;X;X;1.0;3.0;1.0;0.0;2.0;1.0;3.0;1.0;0.0;2.0;2.0;1.0;1.0;2.0;0.0;2.0;1.0;1.0;2.0;0.0
2020/21;Venerdì;6;Novmbre;Sassuolo;Udinese;0;0;False;True;False;0;0;X;1;1;228;X;X;X;2;1;X;2;X;X;X;X;X;X;1;2;X;1;X;X;X;X;X;0.0;1.0;3.0;1.0;0.0;0.0;1.0;3.0;1.0;0.0;0.0;2.0;1.0;1.0;2.0;0.0;2.0;1.0;1.0;2.0
2020/21;Sabato;7;Novmbre;Cagliari;Sampdoria;2;0;True;False;False;1;-1;1;3;0;228;1;2;1;X;2;1;X;1;X;X;X;X;2;X;1;2;X;2;X;X;X;X;2.0;0.0;1.0;3.0;1.0;2.0;0.0;1.0;3.0;1.0;0.0;0.0;2.0;1.0;1.0;0.0;0.0;2.0;1.0;1.0
2020/21;Sabato;7;Novmbre;Benevento;Spezia;0;3;False;False;True;-1;1;2;0;3;228;2;1;2;1;X;2;1;2;X;X;X;X;1;2;X;1;2;1;X;X;X;X;0.0;2.0;0.0;1.0;3.0;0.0;2.0;0.0;1.0;3.0;3.0;0.0;0.0;2.0;1.0;3.0;0.0;0.0;2.0;1.0
2020/21;Sabato;7;Novmbre;Parma;Fiorentina;0;0;False;True;False;0;0;X;1;1;228;X;X;X;2;1;X;2;X;X;X;X;X;X;1;2;X;1;X;X;X;X;X;0.0;0.0;2.0;0.0;1.0;0.0;0.0;2.0;0.0;1.0;0.0;3.0;0.0;0.0;2.0;0.0;3.0;0.0;0.0;2.0
2020/21;Domenica;8;Novmbre;Lazio;Juventus;1;1;False;True;False;0;0;X;1;1;228;X;X;X;X;2;1;X;X;X;X;X;X;X;X;1;2;X;X;X;X;X;X;1.0;0.0;0.0;2.0;0.0;1.0;0.0;0.0;2.0;0.0;1.0;0.0;3.0;0.0;0.0;1.0;0.0;3.0;0.0;0.0
2020/21;Domenica;8;Novmbre;Atalanta;Inter;1;1;False;True;False;0;0;X;1;1;228;X;X;X;X;X;2;1;X;X;X;X;X;X;X;X;1;2;X;X;X;X;X;1.0;1.0;0.0;0.0;2.0;1.0;1.0;0.0;0.0;2.0;1.0;1.0;0.0;3.0;0.0;1.0;1.0;0.0;3.0;0.0
2020/21;Domenica;8;Novmbre;Genoa;Roma;1;3;False;False;True;-1;1;2;0;3;228;2;1;2;X;X;X;2;2;X;X;X;X;1;X;X;X;1;1;X;X;X;X;1.0;1.0;1.0;0.0;0.0;1.0;1.0;1.0;0.0;0.0;3.0;1.0;1.0;0.0;3.0;3.0;1.0;1.0;0.0;3.0
2020/21;Domenica;8;Novmbre;Torino;Crotone;0;0;False;True;False;0;0;X;1;1;228;X;X;X;2;X;X;X;X;X;X;X;X;X;1;X;X;X;X;X;X;X;X;0.0;1.0;1.0;1.0;0.0;0.0;1.0;1.0;1.0;0.0;0.0;3.0;1.0;1.0;0.0;0.0;3.0;1.0;1.0;0.0
2020/21;Domenica;8;Novmbre;Bologna;Napoli;0;1;False;False;True;-1;1;2;0;3;228;2;1;2;X;2;X;X;2;X;X;X;X;1;X;1;X;X;1;X;X;X;X;0.0;0.0;1.0;1.0;1.0;0.0;0.0;1.0;1.0;1.0;1.0;0.0;3.0;1.0;1.0;1.0;0.0;3.0;1.0;1.0
2020/21;Domenica;8;Novmbre;Milan;Hellas Verona;2;2;False;True;False;0;0;X;1;1;228;X;X;X;2;X;2;X;X;X;X;X;X;X;1;X;1;X;X;X;X;X;X;2.0;0.0;0.0;1.0;1.0;2.0;0.0;0.0;1.0;1.0;2.0;1.0;0.0;3.0;1.0;2.0;1.0;0.0;3.0;1.0
2020/21;Sabato;21;Novmbre;Crotone;Lazio;0;2;False;False;True;-1;1;2;0;3;228;2;1;2;X;2;X;2;2;X;X;X;X;1;X;1;X;1;1;X;X;X;X;0.0;2.0;0.0;0.0;1.0;0.0;2.0;0.0;0.0;1.0;2.0;2.0;1.0;0.0;3.0;2.0;2.0;1.0;0.0;3.0
2020/21;Sabato;21;Novmbre;Spezia;Atalanta;0;0;False;True;False;0;0;X;1;1;228;X;X;X;2;X;2;X;X;X;X;X;X;X;1;X;1;X;X;X;X;X;X;0.0;0.0;2.0;0.0;0.0;0.0;0.0;2.0;0.0;0.0;0.0;2.0;2.0;1.0;0.0;0.0;2.0;2.0;1.0;0.0
2020/21;Sabato;21;Novmbre;Juventus;Cagliari;2;0;True;False;False;1;-1;1;3;0;228;1;2;1;X;2;X;2;1;X;X;X;X;2;X;1;X;1;2;X;X;X;X;2.0;0.0;0.0;2.0;0.0;2.0;0.0;0.0;2.0;0.0;0.0;0.0;2.0;2.0;1.0;0.0;0.0;2.0;2.0;1.0
2020/21;Domenica;22;Novmbre;Fiorentina;Benevento;0;1;False;False;True;-1;1;2;0;3;228;2;1;2;1;X;2;X;2;X;X;X;X;1;2;X;1;X;1;X;X;X;X;0.0;2.0;0.0;0.0;2.0;0.0;2.0;0.0;0.0;2.0;1.0;0.0;0.0;2.0;2.0;1.0;0.0;0.0;2.0;2.0
2020/21;Domenica;22;Novmbre;Roma;Parma;3;0;True;False;False;1;-1;1;3;0;228;1;2;1;2;1;X;2;1;X;X;X;X;2;1;2;X;1;2;X;X;X;X;3.0;0.0;2.0;0.0;0.0;3.0;0.0;2.0;0.0;0.0;0.0;1.0;0.0;0.0;2.0;0.0;1.0;0.0;0.0;2.0
2020/21;Domenica;22;Novmbre;Hellas Verona;Sassuolo;0;2;False;False;True;-1;1;2;0;3;228;2;1;2;1;2;1;X;2;X;X;X;X;1;2;1;2;X;1;X;X;X;X;0.0;3.0;0.0;2.0;0.0;0.0;3.0;0.0;2.0;0.0;2.0;0.0;1.0;0.0;0.0;2.0;0.0;1.0;0.0;0.0
2020/21;Domenica;22;Novmbre;Inter;Torino;4;2;True;False;False;1;-1;1;3;0;228;1;2;1;2;1;2;1;1;X;X;X;X;2;1;2;1;2;2;X;X;X;X;4.0;0.0;3.0;0.0;2.0;4.0;0.0;3.0;0.0;2.0;2.0;2.0;0.0;1.0;0.0;2.0;2.0;0.0;1.0;0.0
2020/21;Domenica;22;Novmbre;Sampdoria;Bologna;1;2;False;False;True;-1;1;2;0;3;228;2;1;2;1;2;1;2;2;X;X;X;X;1;2;1;2;1;1;X;X;X;X;1.0;4.0;0.0;3.0;0.0;1.0;4.0;0.0;3.0;0.0;2.0;2.0;2.0;0.0;1.0;2.0;2.0;2.0;0.0;1.0
2020/21;Domenica;22;Novmbre;Udinese;Genoa;1;0;True;False;False;1;-1;1;3;0;228;1;2;1;2;1;2;1;1;X;X;X;X;2;1;2;1;2;2;X;X;X;X;1.0;1.0;4.0;0.0;3.0;1.0;1.0;4.0;0.0;3.0;0.0;2.0;2.0;2.0;0.0;0.0;2.0;2.0;2.0;0.0
2020/21;Domenica;22;Novmbre;Napoli;Milan;1;3;False;False;True;-1;1;2;0;3;228;2;1;2;1;2;1;2;2;X;X;X;X;1;2;1;2;1;1;X;X;X;X;1.0;1.0;1.0;4.0;0.0;1.0;1.0;1.0;4.0;0.0;3.0;0.0;2.0;2.0;2.0;3.0;0.0;2.0;2.0;2.0
2020/21;Sabato;28;Novmbre;Sassuolo;Inter;0;3;False;False;True;-1;1;2;0;3;228;2;1;2;2;1;2;1;2;X;X;X;X;1;1;2;1;2;1;X;X;X;X;0.0;1.0;1.0;1.0;4.0;0.0;1.0;1.0;1.0;4.0;3.0;3.0;0.0;2.0;2.0;3.0;3.0;0.0;2.0;2.0
2020/21;Sabato;28;Novmbre;Benevento;Juventus;1;1;False;True;False;0;0;X;1;1;228;X;X;X;2;2;1;2;X;X;X;X;X;X;1;1;2;1;X;X;X;X;X;1.0;0.0;1.0;1.0;1.0;1.0;0.0;1.0;1.0;1.0;1.0;3.0;3.0;0.0;2.0;1.0;3.0;3.0;0.0;2.0
2020/21;Sabato;28;Novmbre;Atalanta;Hellas Verona;0;2;False;False;True;-1;1;2;0;3;228;2;1;2;X;2;2;1;2;X;X;X;X;1;X;1;1;2;1;X;X;X;X;0.0;1.0;0.0;1.0;1.0;0.0;1.0;0.0;1.0;1.0;2.0;1.0;3.0;3.0;0.0;2.0;1.0;3.0;3.0;0.0
2020/21;Domenica;29;Novmbre;Lazio;Udinese;1;3;False;False;True;-1;1;2;0;3;228;2;1;2;2;X;2;2;2;X;X;X;X;1;1;X;1;1;1;X;X;X;X;1.0;0.0;1.0;0.0;1.0;1.0;0.0;1.0;0.0;1.0;3.0;2.0;1.0;3.0;3.0;3.0;2.0;1.0;3.0;3.0
2020/21;Domenica;29;Novmbre;Milan;Fiorentina;2;0;True;False;False;1;-1;1;3;0;228;1;2;1;2;2;X;2;1;X;X;X;X;2;1;1;X;1;2;X;X;X;X;2.0;1.0;0.0;1.0;0.0;2.0;1.0;0.0;1.0;0.0;0.0;3.0;2.0;1.0;3.0;0.0;3.0;2.0;1.0;3.0
2020/21;Domenica;29;Novmbre;Bologna;Crotone;1;0;True;False;False;1;-1;1;3;0;228;1;2;1;1;2;2;X;1;X;X;X;X;2;2;1;1;X;2;X;X;X;X;1.0;2.0;1.0;0.0;1.0;1.0;2.0;1.0;0.0;1.0;0.0;0.0;3.0;2.0;1.0;0.0;0.0;3.0;2.0;1.0
2020/21;Domenica;29;Novmbre;Cagliari;Spezia;2;2;False;True;False;0;0;X;1;1;228;X;X;X;1;1;2;2;X;X;X;X;X;X;2;2;1;1;X;X;X;X;X;2.0;1.0;2.0;1.0;0.0;2.0;1.0;2.0;1.0;0.0;2.0;0.0;0.0;3.0;2.0;2.0;0.0;0.0;3.0;2.0
2020/21;Domenica;29;Novmbre;Napoli;Roma;4;0;True;False;False;1;-1;1;3;0;228;1;2;1;X;1;1;2;1;X;X;X;X;2;X;2;2;1;2;X;X;X;X;4.0;2.0;1.0;2.0;1.0;4.0;2.0;1.0;2.0;1.0;0.0;2.0;0.0;0.0;3.0;0.0;2.0;0.0;0.0;3.0
2020/21;Lunedì;30;Novmbre;Torino;Sampdoria;2;2;False;True;False;0;0;X;1;1;228;X;X;X;1;X;1;1;X;X;X;X;X;X;2;X;2;2;X;X;X;X;X;2.0;4.0;2.0;1.0;2.0;2.0;4.0;2.0;1.0;2.0;2.0;0.0;2.0;0.0;0.0;2.0;0.0;2.0;0.0;0.0
2020/21;Lunedì;30;Novmbre;Genoa;Parma;1;2;False;False;True;-1;1;2;0;3;228;2;1;2;X;1;X;1;2;X;X;X;X;1;X;2;X;2;1;X;X;X;X;1.0;2.0;4.0;2.0;1.0;1.0;2.0;4.0;2.0;1.0;2.0;2.0;0.0;2.0;0.0;2.0;2.0;0.0;2.0;0.0
2020/21;Sabato;5;Dicembre;Spezia;Lazio;1;2;False;False;True;-1;1;2;0;3;228;2;1;2;2;X;1;X;2;X;X;X;X;1;1;X;2;X;1;X;X;X;X;1.0;1.0;2.0;4.0;2.0;1.0;1.0;2.0;4.0;2.0;2.0;2.0;2.0;0.0;2.0;2.0;2.0;2.0;0.0;2.0
2020/21;Sabato;5;Dicembre;Juventus;Torino;2;1;True;False;False;1;-1;1;3;0;228;1;2;1;2;2;X;1;1;X;X;X;X;2;1;1;X;2;2;X;X;X;X;2.0;1.0;1.0;2.0;4.0;2.0;1.0;1.0;2.0;4.0;1.0;2.0;2.0;2.0;0.0;1.0;2.0;2.0;2.0;0.0
2020/21;Sabato;5;Dicembre;Inter;Bologna;3;1;True;False;False;1;-1;1;3;0;228;1;2;1;1;2;2;X;1;X;X;X;X;2;2;1;1;X;2;X;X;X;X;3.0;2.0;1.0;1.0;2.0;3.0;2.0;1.0;1.0;2.0;1.0;1.0;2.0;2.0;2.0;1.0;1.0;2.0;2.0;2.0
2020/21;Domenica;6;Dicembre;Hellas Verona;Cagliari;1;1;False;True;False;0;0;X;1;1;228;X;X;X;1;1;2;2;X;X;X;X;X;X;2;2;1;1;X;X;X;X;X;1.0;3.0;2.0;1.0;1.0;1.0;3.0;2.0;1.0;1.0;1.0;1.0;1.0;2.0;2.0;1.0;1.0;1.0;2.0;2.0
2020/21;Domenica;6;Dicembre;Roma;Sassuolo;0;0;False;True;False;0;0;X;1;1;228;X;X;X;X;1;1;2;X;X;X;X;X;X;X;2;2;1;X;X;X;X;X;0.0;1.0;3.0;2.0;1.0;0.0;1.0;3.0;2.0;1.0;0.0;1.0;1.0;1.0;2.0;0.0;1.0;1.0;1.0;2.0
2020/21;Domenica;6;Dicembre;Parma;Benevento;0;0;False;True;False;0;0;X;1;1;228;X;X;X;X;X;1;1;X;X;X;X;X;X;X;X;2;2;X;X;X;X;X;0.0;0.0;1.0;3.0;2.0;0.0;0.0;1.0;3.0;2.0;0.0;0.0;1.0;1.0;1.0;0.0;0.0;1.0;1.0;1.0
2020/21;Domenica;6;Dicembre;Crotone;Napoli;0;4;False;False;True;-1;1;2;0;3;228;2;1;2;X;X;X;1;2;X;X;X;X;1;X;X;X;2;1;X;X;X;X;0.0;0.0;0.0;1.0;3.0;0.0;0.0;0.0;1.0;3.0;4.0;0.0;0.0;1.0;1.0;4.0;0.0;0.0;1.0;1.0
2020/21;Domenica;6;Dicembre;Sampdoria;Milan;1;2;False;False;True;-1;1;2;0;3;228;2;1;2;2;X;X;X;2;X;X;X;X;1;1;X;X;X;1;X;X;X;X;1.0;0.0;0.0;0.0;1.0;1.0;0.0;0.0;0.0;1.0;2.0;4.0;0.0;0.0;1.0;2.0;4.0;0.0;0.0;1.0
2020/21;Lunedì;7;Dicembre;Fiorentina;Genoa;1;1;False;True;False;0;0;X;1;1;228;X;X;X;2;2;X;X;X;X;X;X;X;X;1;1;X;X;X;X;X;X;X;1.0;1.0;0.0;0.0;0.0;1.0;1.0;0.0;0.0;0.0;1.0;2.0;4.0;0.0;0.0;1.0;2.0;4.0;0.0;0.0
2020/21;Venerdì;11;Dicembre;Sassuolo;Benevento;1;0;True;False;False;1;-1;1;3;0;228;1;2;1;X;2;2;X;1;X;X;X;X;2;X;1;1;X;2;X;X;X;X;1.0;1.0;1.0;0.0;0.0;1.0;1.0;1.0;0.0;0.0;0.0;1.0;2.0;4.0;0.0;0.0;1.0;2.0;4.0;0.0
2020/21;Sabato;12;Dicembre;Crotone;Spezia;4;1;True;False;False;1;-1;1;3;0;228;1;2;1;1;X;2;2;1;X;X;X;2;2;2;X;1;1;2;X;X;X;X;4.0;1.0;1.0;1.0;0.0;4.0;1.0;1.0;1.0;0.0;1.0;0.0;1.0;2.0;4.0;1.0;0.0;1.0;2.0;4.0
2020/21;Sabato;12;Dicembre;Torino;Udinese;2;3;False;False;True;-1;1;2;0;3;228;2;1;2;1;1;X;2;2;X;X;X;X;1;2;2;X;1;1;X;X;X;X;2.0;4.0;1.0;1.0;1.0;2.0;4.0;1.0;1.0;1.0;3.0;1.0;0.0;1.0;2.0;3.0;1.0;0.0;1.0;2.0
2020/21;Sabato;12;Dicembre;Lazio;Hellas Verona;1;2;False;False;True;-1;1;2;0;3;228;2;1;2;2;1;1;X;2;X;X;X;X;1;1;2;2;X;1;X;X;X;X;1.0;2.0;4.0;1.0;1.0;1.0;2.0;4.0;1.0;1.0;2.0;3.0;1.0;0.0;1.0;2.0;3.0;1.0;0.0;1.0
2020/21;Domenica;13;Dicembre;Cagliari;Inter;1;3;False;False;True;-1;1;2;0;3;228;2;1;2;2;2;1;1;2;X;X;X;X;1;1;1;2;2;1;X;X;X;X;1.0;1.0;2.0;4.0;1.0;1.0;1.0;2.0;4.0;1.0;3.0;2.0;3.0;1.0;0.0;3.0;2.0;3.0;1.0;0.0
2020/21;Domenica;13;Dicembre;Atalanta;Fiorentina;3;0;True;False;False;1;-1;1;3;0;228;1;2;1;2;2;2;1;1;X;X;X;X;2;1;1;1;2;2;X;X;X;X;3.0;1.0;1.0;2.0;4.0;3.0;1.0;1.0;2.0;4.0;0.0;3.0;2.0;3.0;1.0;0.0;3.0;2.0;3.0;1.0
2020/21;Domenica;13;Dicembre;Bologna;Roma;1;5;False;False;True;-1;1;2;0;3;228;2;1;2;1;2;2;2;2;X;X;X;X;1;2;1;1;1;1;X;X;X;X;1.0;3.0;1.0;1.0;2.0;1.0;3.0;1.0;1.0;2.0;5.0;0.0;3.0;2.0;3.0;5.0;0.0;3.0;2.0;3.0
2020/21;Domenica;13;Dicembre;Napoli;Sampdoria;2;1;True;False;False;1;-1;1;3;0;228;1;2;1;2;1;2;2;1;X;X;X;X;2;1;2;1;1;2;X;X;X;X;2.0;1.0;3.0;1.0;1.0;2.0;1.0;3.0;1.0;1.0;1.0;5.0;0.0;3.0;2.0;1.0;5.0;0.0;3.0;2.0
2020/21;Domenica;13;Dicembre;Genoa;Juventus;1;3;False;False;True;-1;1;2;0;3;228;2;1;2;1;2;1;2;2;X;X;X;X;1;2;1;2;1;1;X;X;X;X;1.0;2.0;1.0;3.0;1.0;1.0;2.0;1.0;3.0;1.0;3.0;1.0;5.0;0.0;3.0;3.0;1.0;5.0;0.0;3.0
2020/21;Domenica;13;Dicembre;Milan;Parma;2;2;False;True;False;0;0;X;1;1;228;X;X;X;2;1;2;1;X;X;X;X;X;X;1;2;1;2;X;X;X;X;X;2.0;1.0;2.0;1.0;3.0;2.0;1.0;2.0;1.0;3.0;2.0;3.0;1.0;5.0;0.0;2.0;3.0;1.0;5.0;0.0
2020/21;Martedì;15;Dicembre;Udinese;Crotone;0;0;False;True;False;0;0;X;1;1;228;X;X;X;X;2;1;2;X;X;X;X;X;X;X;1;2;1;X;X;X;X;X;0.0;2.0;1.0;2.0;1.0;0.0;2.0;1.0;2.0;1.0;0.0;2.0;3.0;1.0;5.0;0.0;2.0;3.0;1.0;5.0
2020/21;Martedì;15;Dicembre;Benevento;Lazio;1;1;False;True;False;0;0;X;1;1;228;X;X;X;X;X;2;1;X;X;X;X;X;X;X;X;1;2;X;X;X;X;X;1.0;0.0;2.0;1.0;2.0;1.0;0.0;2.0;1.0;2.0;1.0;0.0;2.0;3.0;1.0;1.0;0.0;2.0;3.0;1.0
2020/21;Mercoledì;16;Dicembre;Juventus;Atalanta;1;1;False;True;False;0;0;X;1;1;228;X;X;X;X;X;X;2;X;X;X;X;X;X;X;X;X;1;X;X;X;X;X;1.0;1.0;0.0;2.0;1.0;1.0;1.0;0.0;2.0;1.0;1.0;1.0;0.0;2.0;3.0;1.0;1.0;0.0;2.0;3.0
2020/21;Mercoledì;16;Dicembre;Fiorentina;Sassuolo;1;1;False;True;False;0;0;X;1;1;228;X;X;X;X;X;X;X;X;X;X;X;X;X;X;X;X;X;X;X;X;X;X;1.0;1.0;1.0;0.0;2.0;1.0;1.0;1.0;0.0;2.0;1.0;1.0;1.0;0.0;2.0;1.0;1.0;1.0;0.0;2.0
2020/21;Mercoledì;16;Dicembre;Genoa;Milan;2;2;False;True;False;0;0;X;1;1;228;X;X;X;X;X;X;X;X;X;X;X;X;X;X;X;X;X;X;X;X;X;X;2.0;1.0;1.0;1.0;0.0;2.0;1.0;1.0;1.0;0.0;2.0;1.0;1.0;1.0;0.0;2.0;1.0;1.0;1.0;0.0
2020/21;Mercoledì;16;Dicembre;Hellas Verona;Sampdoria;1;2;False;False;True;-1;1;2;0;3;228;2;1;2;X;X;X;X;2;X;X;X;X;1;X;X;X;X;1;X;X;X;X;1.0;2.0;1.0;1.0;1.0;1.0;2.0;1.0;1.0;1.0;2.0;2.0;1.0;1.0;1.0;2.0;2.0;1.0;1.0;1.0
2020/21;Mercoledì;16;Dicembre;Inter;Napoli;1;0;True;False;False;1;-1;1;3;0;228;1;2;1;2;X;X;X;1;X;X;X;X;2;1;X;X;X;2;X;X;X;X;1.0;1.0;2.0;1.0;1.0;1.0;1.0;2.0;1.0;1.0;0.0;2.0;2.0;1.0;1.0;0.0;2.0;2.0;1.0;1.0
2020/21;Mercoledì;16;Dicembre;Parma;Cagliari;0;0;False;True;False;0;0;X;1;1;228;X;X;X;1;2;X;X;X;X;X;X;X;X;2;1;X;X;X;X;X;X;X;0.0;1.0;1.0;2.0;1.0;0.0;1.0;1.0;2.0;1.0;0.0;0.0;2.0;2.0;1.0;0.0;0.0;2.0;2.0;1.0
2020/21;Mercoledì;16;Dicembre;Spezia;Bologna;2;2;False;True;False;0;0;X;1;1;228;X;X;X;X;1;2;X;X;X;X;X;X;X;X;2;1;X;X;X;X;X;X;2.0;0.0;1.0;1.0;2.0;2.0;0.0;1.0;1.0;2.0;2.0;0.0;0.0;2.0;2.0;2.0;0.0;0.0;2.0;2.0
2020/21;Giovedì;17;Dicembre;Roma;Torino;3;1;True;False;False;1;-1;1;3;0;228;1;2;1;X;X;1;2;1;X;X;X;X;2;X;X;2;1;2;X;X;X;X;3.0;2.0;0.0;1.0;1.0;3.0;2.0;0.0;1.0;1.0;1.0;2.0;0.0;0.0;2.0;1.0;2.0;0.0;0.0;2.0
2020/21;Sabato;19;Dicembre;Fiorentina;Hellas Verona;1;1;False;True;False;0;0;X;1;1;228;X;X;X;1;X;X;1;X;X;X;X;X;X;2;X;X;2;X;X;X;X;X;1.0;3.0;2.0;0.0;1.0;1.0;3.0;2.0;0.0;1.0;1.0;1.0;2.0;0.0;0.0;1.0;1.0;2.0;0.0;0.0
2020/21;Sabato;19;Dicembre;Sampdoria;Crotone;3;1;True;False;False;1;-1;1;3;0;228;1;2;1;X;1;X;X;1;X;X;X;X;2;X;2;X;X;2;X;X;X;X;3.0;1.0;3.0;2.0;0.0;3.0;1.0;3.0;2.0;0.0;1.0;1.0;1.0;2.0;0.0;1.0;1.0;1.0;2.0;0.0
2020/21;Sabato;19;Dicembre;Parma;Juventus;0;4;False;False;True;-1;1;2;0;3;228;2;1;2;1;X;1;X;2;X;X;X;X;1;2;X;2;X;1;X;X;X;X;0.0;3.0;1.0;3.0;2.0;0.0;3.0;1.0;3.0;2.0;4.0;1.0;1.0;1.0;2.0;4.0;1.0;1.0;1.0;2.0
2020/21;Domenica;20;Dicembre;Torino;Bologna;1;1;False;True;False;0;0;X;1;1;228;X;X;X;2;1;X;1;X;X;X;X;X;X;1;2;X;2;X;X;X;X;X;1.0;0.0;3.0;1.0;3.0;1.0;0.0;3.0;1.0;3.0;1.0;4.0;1.0;1.0;1.0;1.0;4.0;1.0;1.0;1.0
2020/21;Domenica;20;Dicembre;Benevento;Genoa;2;0;True;False;False;1;-1;1;3;0;228;1;2;1;X;2;1;X;1;X;X;X;X;2;X;1;2;X;2;X;X;X;X;2.0;1.0;0.0;3.0;1.0;2.0;1.0;0.0;3.0;1.0;0.0;1.0;4.0;1.0;1.0;0.0;1.0;4.0;1.0;1.0
2020/21;Domenica;20;Dicembre;Cagliari;Udinese;1;1;False;True;False;0;0;X;1;1;228;X;X;X;1;X;2;1;X;X;X;X;X;X;2;X;1;2;X;X;X;X;X;1.0;2.0;1.0;0.0;3.0;1.0;2.0;1.0;0.0;3.0;1.0;0.0;1.0;4.0;1.0;1.0;0.0;1.0;4.0;1.0
2020/21;Domenica;20;Dicembre;Inter;Spezia;2;1;True;False;False;1;-1;1;3;0;228;1;2;1;X;1;X;2;1;X;X;X;X;2;X;2;X;1;2;X;X;X;X;2.0;1.0;2.0;1.0;0.0;2.0;1.0;2.0;1.0;0.0;1.0;1.0;0.0;1.0;4.0;1.0;1.0;0.0;1.0;4.0
2020/21;Domenica;20;Dicembre;Sassuolo;Milan;1;2;False;False;True;-1;1;2;0;3;228;2;1;2;1;X;1;X;2;X;X;X;X;1;2;X;2;X;1;X;X;X;X;1.0;2.0;1.0;2.0;1.0;1.0;2.0;1.0;2.0;1.0;2.0;1.0;1.0;0.0;1.0;2.0;1.0;1.0;0.0;1.0
2020/21;Domenica;20;Dicembre;Atalanta;Roma;4;1;True;False;False;1;-1;1;3;0;228;1;2;1;2;1;X;1;1;X;X;X;X;2;1;2;X;2;2;X;X;X;X;4.0;1.0;2.0;1.0;2.0;4.0;1.0;2.0;1.0;2.0;1.0;2.0;1.0;1.0;0.0;1.0;2.0;1.0;1.0;0.0
2020/21;Domenica;20;Dicembre;Lazio;Napoli;2;0;True;False;False;1;-1;1;3;0;228;1;2;1;1;2;1;X;1;X;X;X;X;2;2;1;2;X;2;X;X;X;X;2.0;4.0;1.0;2.0;1.0;2.0;4.0;1.0;2.0;1.0;0.0;1.0;2.0;1.0;1.0;0.0;1.0;2.0;1.0;1.0
2020/21;Martedì;22;Dicembre;Crotone;Parma;2;1;True;False;False;1;-1;1;3;0;228;1;2;1;1;1;2;1;1;X;X;X;X;2;2;2;1;2;2;X;X;X;X;2.0;2.0;4.0;1.0;2.0;2.0;2.0;4.0;1.0;2.0;1.0;0.0;1.0;2.0;1.0;1.0;0.0;1.0;2.0;1.0
2020/21;Martedì;22;Dicembre;Juventus;Fiorentina;0;3;False;False;True;-1;1;2;0;3;228;2;1;2;1;1;1;2;2;X;X;X;X;1;2;2;2;1;1;X;X;X;X;0.0;2.0;2.0;4.0;1.0;0.0;2.0;2.0;4.0;1.0;3.0;1.0;0.0;1.0;2.0;3.0;1.0;0.0;1.0;2.0
2020/21;Mercoledì;23;Dicembre;Hellas Verona;Inter;1;2;False;False;True;-1;1;2;0;3;228;2;1;2;2;1;1;1;2;X;X;X;X;1;1;2;2;2;1;X;X;X;X;1.0;0.0;2.0;2.0;4.0;1.0;0.0;2.0;2.0;4.0;2.0;3.0;1.0;0.0;1.0;2.0;3.0;1.0;0.0;1.0
2020/21;Mercoledì;23;Dicembre;Milan;Lazio;3;2;True;False;False;1;-1;1;3;0;228;1;2;1;2;2;1;1;1;X;X;X;X;2;1;1;2;2;2;X;X;X;X;3.0;1.0;0.0;2.0;2.0;3.0;1.0;0.0;2.0;2.0;2.0;2.0;3.0;1.0;0.0;2.0;2.0;3.0;1.0;0.0
2020/21;Mercoledì;23;Dicembre;Roma;Cagliari;3;2;True;False;False;1;-1;1;3;0;228;1;2;1;1;2;2;1;1;X;X;X;X;2;2;1;1;2;2;X;X;X;X;3.0;3.0;1.0;0.0;2.0;3.0;3.0;1.0;0.0;2.0;2.0;2.0;2.0;3.0;1.0;2.0;2.0;2.0;3.0;1.0
2020/21;Mercoledì;23;Dicembre;Bologna;Atalanta;2;2;False;True;False;0;0;X;1;1;228;X;X;X;1;1;2;2;X;X;X;X;X;X;2;2;1;1;X;X;X;X;X;2.0;3.0;3.0;1.0;0.0;2.0;3.0;3.0;1.0;0.0;2.0;2.0;2.0;2.0;3.0;2.0;2.0;2.0;2.0;3.0
2020/21;Mercoledì;23;Dicembre;Napoli;Torino;1;1;False;True;False;0;0;X;1;1;228;X;X;X;X;1;1;2;X;X;X;X;X;X;X;2;2;1;X;X;X;X;X;1.0;2.0;3.0;3.0;1.0;1.0;2.0;3.0;3.0;1.0;1.0;2.0;2.0;2.0;2.0;1.0;2.0;2.0;2.0;2.0
2020/21;Mercoledì;23;Dicembre;Sampdoria;Sassuolo;2;3;False;False;True;-1;1;2;0;3;228;2;1;2;X;X;1;1;2;X;X;X;X;1;X;X;2;2;1;X;X;X;X;2.0;1.0;2.0;3.0;3.0;2.0;1.0;2.0;3.0;3.0;3.0;1.0;2.0;2.0;2.0;3.0;1.0;2.0;2.0;2.0
2020/21;Mercoledì;23;Dicembre;Spezia;Genoa;1;2;False;False;True;-1;1;2;0;3;228;2;1;2;2;X;X;1;2;X;X;X;X;1;1;X;X;2;1;X;X;X;X;1.0;2.0;1.0;2.0;3.0;1.0;2.0;1.0;2.0;3.0;2.0;3.0;1.0;2.0;2.0;2.0;3.0;1.0;2.0;2.0
2020/21;Mercoledì;23;Dicembre;Udinese;Benevento;0;2;False;False;True;-1;1;2;0;3;228;2;1;2;2;2;X;X;2;X;X;X;X;1;1;1;X;X;1;X;X;X;X;0.0;1.0;2.0;1.0;2.0;0.0;1.0;2.0;1.0;2.0;2.0;2.0;3.0;1.0;2.0;2.0;2.0;3.0;1.0;2.0
2020/21;Domenica;3;Gennaio;Inter;Crotone;6;2;True;False;False;1;-1;1;3;0;228;1;2;1;2;2;2;X;1;X;X;X;X;2;1;1;1;X;2;X;X;X;X;6.0;0.0;1.0;2.0;1.0;6.0;0.0;1.0;2.0;1.0;2.0;2.0;2.0;3.0;1.0;2.0;2.0;2.0;3.0;1.0
2020/21;Domenica;3;Gennaio;Roma;Sampdoria;1;0;True;False;False;1;-1;1;3;0;228;1;2;1;1;2;2;2;1;X;X;X;X;2;2;1;1;1;2;X;X;X;X;1.0;6.0;0.0;1.0;2.0;1.0;6.0;0.0;1.0;2.0;0.0;2.0;2.0;2.0;3.0;0.0;2.0;2.0;2.0;3.0
2020/21;Domenica;3;Gennaio;Atalanta;Sassuolo;5;1;True;False;False;1;-1;1;3;0;228;1;2;1;1;1;2;2;1;X;X;X;X;2;2;2;1;1;2;X;X;X;X;5.0;1.0;6.0;0.0;1.0;5.0;1.0;6.0;0.0;1.0;1.0;0.0;2.0;2.0;2.0;1.0;0.0;2.0;2.0;2.0
2020/21;Domenica;3;Gennaio;Cagliari;Napoli;1;4;False;False;True;-1;1;2;0;3;228;2;1;2;1;1;1;2;2;X;X;X;X;1;2;2;2;1;1;X;X;X;X;1.0;5.0;1.0;6.0;0.0;1.0;5.0;1.0;6.0;0.0;4.0;1.0;0.0;2.0;2.0;4.0;1.0;0.0;2.0;2.0
2020/21;Domenica;3;Gennaio;Fiorentina;Bologna;0;0;False;True;False;0;0;X;1;1;228;X;X;X;2;1;1;1;X;X;X;X;X;X;1;2;2;2;X;X;X;X;X;0.0;1.0;5.0;1.0;6.0;0.0;1.0;5.0;1.0;6.0;0.0;4.0;1.0;0.0;2.0;0.0;4.0;1.0;0.0;2.0
2020/21;Domenica;3;Gennaio;Genoa;Lazio;1;1;False;True;False;0;0;X;1;1;228;X;X;X;X;2;1;1;X;X;X;X;X;X;X;1;2;2;X;X;X;X;X;1.0;0.0;1.0;5.0;1.0;1.0;0.0;1.0;5.0;1.0;1.0;0.0;4.0;1.0;0.0;1.0;0.0;4.0;1.0;0.0
2020/21;Domenica;3;Gennaio;Parma;Torino;0;3;False;False;True;-1;1;2;0;3;228;2;1;2;X;X;2;1;2;X;X;X;X;1;X;X;1;2;1;X;X;X;X;0.0;1.0;0.0;1.0;5.0;0.0;1.0;0.0;1.0;5.0;3.0;1.0;0.0;4.0;1.0;3.0;1.0;0.0;4.0;1.0
2020/21;Domenica;3;Gennaio;Spezia;Hellas Verona;0;1;False;False;True;-1;1;2;0;3;228;2;1;2;2;X;X;2;2;X;X;X;X;1;1;X;X;1;1;X;X;X;X;0.0;0.0;1.0;0.0;1.0;0.0;0.0;1.0;0.0;1.0;1.0;3.0;1.0;0.0;4.0;1.0;3.0;1.0;0.0;4.0
2020/21;Domenica;3;Gennaio;Benevento;Milan;0;2;False;False;True;-1;1;2;0;3;228;2;1;2;2;2;X;X;2;X;X;X;X;1;1;1;X;X;1;X;X;X;X;0.0;0.0;0.0;1.0;0.0;0.0;0.0;0.0;1.0;0.0;2.0;1.0;3.0;1.0;0.0;2.0;1.0;3.0;1.0;0.0
2020/21;Domenica;3;Gennaio;Juventus;Udinese;4;1;True;False;False;1;-1;1;3;0;228;1;2;1;2;2;2;X;1;X;X;X;X;2;1;1;1;X;2;X;X;X;X;4.0;0.0;0.0;0.0;1.0;4.0;0.0;0.0;0.0;1.0;1.0;2.0;1.0;3.0;1.0;1.0;2.0;1.0;3.0;1.0
2020/21;Mercoledì;6;Gennaio;Cagliari;Benevento;1;2;False;False;True;-1;1;2;0;3;228;2;1;2;1;2;2;2;2;X;X;X;X;1;2;1;1;1;1;X;X;X;X;1.0;4.0;0.0;0.0;0.0;1.0;4.0;0.0;0.0;0.0;2.0;1.0;2.0;1.0;3.0;2.0;1.0;2.0;1.0;3.0
2020/21;Mercoledì;6;Gennaio;Atalanta;Parma;3;0;True;False;False;1;-1;1;3;0;228;1;2;1;2;1;2;2;1;X;X;X;X;2;1;2;1;1;2;X;X;X;X;3.0;1.0;4.0;0.0;0.0;3.0;1.0;4.0;0.0;0.0;0.0;2.0;1.0;2.0;1.0;0.0;2.0;1.0;2.0;1.0
2020/21;Mercoledì;6;Gennaio;Bologna;Udinese;2;2;False;True;False;0;0;X;1;1;228;X;X;X;1;2;1;2;X;X;X;X;X;X;2;1;2;1;X;X;X;2;X;2.0;3.0;1.0;4.0;0.0;2.0;3.0;1.0;4.0;0.0;2.0;0.0;2.0;1.0;2.0;2.0;0.0;2.0;1.0;2.0
2020/21;Mercoledì;6;Gennaio;Crotone;Roma;1;3;False;False;True;-1;1;2;0;3;228;2;1;2;X;1;2;1;2;X;X;X;X;1;X;2;1;2;1;X;X;X;X;1.0;2.0;3.0;1.0;4.0;1.0;2.0;3.0;1.0;4.0;3.0;2.0;0.0;2.0;1.0;3.0;2.0;0.0;2.0;1.0
2020/21;Mercoledì;6;Gennaio;Lazio;Fiorentina;2;1;True;False;False;1;-1;1;3;0;228;1;2;1;2;X;1;2;1;X;X;X;X;2;1;X;2;1;2;X;X;X;X;2.0;1.0;2.0;3.0;1.0;2.0;1.0;2.0;3.0;1.0;1.0;3.0;2.0;0.0;2.0;1.0;3.0;2.0;0.0;2.0
2020/21;Mercoledì;6;Gennaio;Sampdoria;Inter;2;1;True;False;False;1;-1;1;3;0;228;1;2;1;1;2;X;1;1;X;X;X;X;2;2;1;X;2;2;X;X;X;X;2.0;2.0;1.0;2.0;3.0;2.0;2.0;1.0;2.0;3.0;1.0;1.0;3.0;2.0;0.0;1.0;1.0;3.0;2.0;0.0
2020/21;Mercoledì;6;Gennaio;Sassuolo;Genoa;2;1;True;False;False;1;-1;1;3;0;228;1;2;1;1;1;2;X;1;X;X;X;X;2;2;2;1;X;2;X;X;X;X;2.0;2.0;2.0;1.0;2.0;2.0;2.0;2.0;1.0;2.0;1.0;1.0;1.0;3.0;2.0;1.0;1.0;1.0;3.0;2.0
2020/21;Mercoledì;6;Gennaio;Torino;Hellas Verona;1;1;False;True;False;0;0;X;1;1;228;X;X;X;1;1;1;2;X;X;X;X;X;X;2;2;2;1;X;X;X;X;X;1.0;2.0;2.0;2.0;1.0;1.0;2.0;2.0;2.0;1.0;1.0;1.0;1.0;1.0;3.0;1.0;1.0;1.0;1.0;3.0
2020/21;Mercoledì;6;Gennaio;Napoli;Spezia;1;2;False;False;True;-1;1;2;0;3;228;2;1;2;X;1;1;1;2;X;X;X;X;1;X;2;2;2;1;X;X;X;X;1.0;1.0;2.0;2.0;2.0;1.0;1.0;2.0;2.0;2.0;2.0;1.0;1.0;1.0;1.0;2.0;1.0;1.0;1.0;1.0
2020/21;Mercoledì;6;Gennaio;Milan;Juventus;1;3;False;False;True;-1;1;2;0;3;228;2;1;2;2;X;1;1;2;X;X;X;X;1;1;X;2;2;1;X;X;X;X;1.0;1.0;1.0;2.0;2.0;1.0;1.0;1.0;2.0;2.0;3.0;2.0;1.0;1.0;1.0;3.0;2.0;1.0;1.0;1.0
2020/21;Sabato;9;Gennaio;Benevento;Atalanta;1;4;False;False;True;-1;1;2;0;3;228;2;1;2;2;2;X;1;2;X;X;X;X;1;1;1;X;2;1;X;X;X;X;1.0;1.0;1.0;1.0;2.0;1.0;1.0;1.0;1.0;2.0;4.0;3.0;2.0;1.0;1.0;4.0;3.0;2.0;1.0;1.0
2020/21;Sabato;9;Gennaio;Genoa;Bologna;2;0;True;False;False;1;-1;1;3;0;228;1;2;1;2;2;2;X;1;X;X;X;X;2;1;1;1;X;2;X;X;X;X;2.0;1.0;1.0;1.0;1.0;2.0;1.0;1.0;1.0;1.0;0.0;4.0;3.0;2.0;1.0;0.0;4.0;3.0;2.0;1.0
2020/21;Sabato;9;Gennaio;Milan;Torino;2;0;True;False;False;1;-1;1;3;0;228;1;2;1;1;2;2;2;1;X;X;2;X;2;2;1;1;1;2;X;X;X;X;2.0;2.0;1.0;1.0;1.0;2.0;2.0;1.0;1.0;1.0;0.0;0.0;4.0;3.0;2.0;0.0;0.0;4.0;3.0;2.0
2020/21;Domenica;10;Gennaio;Roma;Inter;2;2;False;True;False;0;0;X;1;1;228;X;X;X;1;1;2;2;X;X;X;X;X;X;2;2;1;1;X;X;X;X;X;2.0;2.0;2.0;1.0;1.0;2.0;2.0;2.0;1.0;1.0;2.0;0.0;0.0;4.0;3.0;2.0;0.0;0.0;4.0;3.0
2020/21;Domenica;10;Gennaio;Hellas Verona;Crotone;2;1;True;False;False;1;-1;1;3;0;228;1;2;1;X;1;1;2;1;X;X;X;X;2;X;2;2;1;2;X;X;X;X;2.0;2.0;2.0;2.0;1.0;2.0;2.0;2.0;2.0;1.0;1.0;2.0;0.0;0.0;4.0;1.0;2.0;0.0;0.0;4.0
2020/21;Domenica;10;Gennaio;Parma;Lazio;0;2;False;False;True;-1;1;2;0;3;228;2;1;2;1;X;1;1;2;X;X;X;X;1;2;X;2;2;1;X;X;X;X;0.0;2.0;2.0;2.0;2.0;0.0;2.0;2.0;2.0;2.0;2.0;1.0;2.0;0.0;0.0;2.0;1.0;2.0;0.0;0.0
2020/21;Domenica;10;Gennaio;Udinese;Napoli;1;2;False;False;True;-1;1;2;0;3;228;2;1;2;2;1;X;1;2;X;X;X;X;1;1;2;X;2;1;X;X;X;X;1.0;0.0;2.0;2.0;2.0;1.0;0.0;2.0;2.0;2.0;2.0;2.0;1.0;2.0;0.0;2.0;2.0;1.0;2.0;0.0
2020/21;Domenica;10;Gennaio;Fiorentina;Cagliari;1;0;True;False;False;1;-1;1;3;0;228;1;2;1;2;2;1;X;1;X;X;X;X;2;1;1;2;X;2;X;X;X;X;1.0;1.0;0.0;2.0;2.0;1.0;1.0;0.0;2.0;2.0;0.0;2.0;2.0;1.0;2.0;0.0;2.0;2.0;1.0;2.0
2020/21;Domenica;10;Gennaio;Juventus;Sassuolo;3;1;True;False;False;1;-1;1;3;0;228;1;2;1;1;2;2;1;1;X;X;X;X;2;2;1;1;2;2;X;X;X;X;3.0;1.0;1.0;0.0;2.0;3.0;1.0;1.0;0.0;2.0;1.0;0.0;2.0;2.0;1.0;1.0;0.0;2.0;2.0;1.0
2020/21;Lunedì;11;Gennaio;Spezia;Sampdoria;2;1;True;False;False;1;-1;1;3;0;228;1;2;1;1;1;2;2;1;X;X;X;X;2;2;2;1;1;2;X;X;X;X;2.0;3.0;1.0;1.0;0.0;2.0;3.0;1.0;1.0;0.0;1.0;1.0;0.0;2.0;2.0;1.0;1.0;0.0;2.0;2.0
2020/21;Venerdì;15;Gennaio;Lazio;Roma;3;0;True;False;False;1;-1;1;3;0;228;1;2;1;1;1;1;2;1;X;X;X;X;2;2;2;2;1;2;X;X;X;X;3.0;2.0;3.0;1.0;1.0;3.0;2.0;3.0;1.0;1.0;0.0;1.0;1.0;0.0;2.0;0.0;1.0;1.0;0.0;2.0
2020/21;Sabato;16;Gennaio;Bologna;Hellas Verona;1;0;True;False;False;1;-1;1;3;0;228;1;2;1;1;1;1;1;1;X;X;X;X;2;2;2;2;2;2;X;X;X;X;1.0;3.0;2.0;3.0;1.0;1.0;3.0;2.0;3.0;1.0;0.0;0.0;1.0;1.0;0.0;0.0;0.0;1.0;1.0;0.0
2020/21;Sabato;16;Gennaio;Torino;Spezia;0;0;False;True;False;0;0;X;1;1;228;X;X;X;1;1;1;1;X;X;X;X;X;X;2;2;2;2;X;X;X;X;X;0.0;1.0;3.0;2.0;3.0;0.0;1.0;3.0;2.0;3.0;0.0;0.0;0.0;1.0;1.0;0.0;0.0;0.0;1.0;1.0
2020/21;Sabato;16;Gennaio;Sampdoria;Udinese;2;1;True;False;False;1;-1;1;3;0;228;1;2;1;X;1;1;1;1;X;X;X;X;2;X;2;2;2;2;X;X;X;X;2.0;0.0;1.0;3.0;2.0;2.0;0.0;1.0;3.0;2.0;1.0;0.0;0.0;0.0;1.0;1.0;0.0;0.0;0.0;1.0
2020/21;Domenica;17;Gennaio;Napoli;Fiorentina;6;0;True;False;False;1;-1;1;3;0;228;1;2;1;1;X;1;1;1;X;X;X;X;2;2;X;2;2;2;X;X;X;X;6.0;2.0;0.0;1.0;3.0;6.0;2.0;0.0;1.0;3.0;0.0;1.0;0.0;0.0;0.0;0.0;1.0;0.0;0.0;0.0
2020/21;Domenica;17;Gennaio;Crotone;Benevento;4;1;True;False;False;1;-1;1;3;0;228;1;2;1;1;1;X;1;1;X;X;X;X;2;2;2;X;2;2;X;X;X;X;4.0;6.0;2.0;0.0;1.0;4.0;6.0;2.0;0.0;1.0;1.0;0.0;1.0;0.0;0.0;1.0;0.0;1.0;0.0;0.0
2020/21;Domenica;17;Gennaio;Sassuolo;Parma;1;1;False;True;False;0;0;X;1;1;228;X;X;X;1;1;1;X;X;X;X;X;X;X;2;2;2;X;X;X;X;X;X;1.0;4.0;6.0;2.0;0.0;1.0;4.0;6.0;2.0;0.0;1.0;1.0;0.0;1.0;0.0;1.0;1.0;0.0;1.0;0.0
2020/21;Domenica;17;Gennaio;Atalanta;Genoa;0;0;False;True;False;0;0;X;1;1;228;X;X;X;X;1;1;1;X;X;X;X;X;X;X;2;2;2;X;X;X;X;X;0.0;1.0;4.0;6.0;2.0;0.0;1.0;4.0;6.0;2.0;0.0;1.0;1.0;0.0;1.0;0.0;1.0;1.0;0.0;1.0
2020/21;Domenica;17;Gennaio;Inter;Juventus;2;0;True;False;False;1;-1;1;3;0;228;1;2;1;X;X;1;1;1;X;X;X;X;2;X;X;2;2;2;X;X;X;X;2.0;0.0;1.0;4.0;6.0;2.0;0.0;1.0;4.0;6.0;0.0;0.0;1.0;1.0;0.0;0.0;0.0;1.0;1.0;0.0
2020/21;Lunedì;18;Gennaio;Cagliari;Milan;0;2;False;False;True;-1;1;2;0;3;228;2;1;2;1;X;X;1;2;X;X;X;X;1;2;X;X;2;1;X;X;X;X;0.0;2.0;0.0;1.0;4.0;0.0;2.0;0.0;1.0;4.0;2.0;0.0;0.0;1.0;1.0;2.0;0.0;0.0;1.0;1.0
2020/21;Mercoledì;20;Gennaio;Udinese;Atalanta;1;1;False;True;False;0;0;X;1;1;228;X;X;X;2;1;X;X;X;X;X;X;X;X;1;2;X;X;X;X;X;X;X;1.0;0.0;2.0;0.0;1.0;1.0;0.0;2.0;0.0;1.0;1.0;2.0;0.0;0.0;1.0;1.0;2.0;0.0;0.0;1.0
2020/21;Venerdì;22;Gennaio;Benevento;Torino;2;2;False;True;False;0;0;X;1;1;228;X;X;X;X;2;1;X;X;X;X;X;X;X;X;1;2;X;X;X;X;X;X;2.0;1.0;0.0;2.0;0.0;2.0;1.0;0.0;2.0;0.0;2.0;1.0;2.0;0.0;0.0;2.0;1.0;2.0;0.0;0.0
2020/21;Sabato;23;Gennaio;Roma;Spezia;4;3;True;False;False;1;-1;1;3;0;228;1;2;1;X;X;2;1;1;X;X;X;X;2;X;X;1;2;2;X;X;X;X;4.0;2.0;1.0;0.0;2.0;4.0;2.0;1.0;0.0;2.0;3.0;2.0;1.0;2.0;0.0;3.0;2.0;1.0;2.0;0.0
2020/21;Sabato;23;Gennaio;Milan;Atalanta;0;3;False;False;True;-1;1;2;0;3;228;2;1;2;1;X;X;2;2;X;X;X;X;1;2;X;X;1;1;X;X;X;X;0.0;4.0;2.0;1.0;0.0;0.0;4.0;2.0;1.0;0.0;3.0;3.0;2.0;1.0;2.0;3.0;3.0;2.0;1.0;2.0
2020/21;Sabato;23;Gennaio;Udinese;Inter;0;0;False;True;False;0;0;X;1;1;228;X;X;X;2;1;X;X;X;X;X;X;X;X;1;2;X;X;X;X;X;X;X;0.0;0.0;4.0;2.0;1.0;0.0;0.0;4.0;2.0;1.0;0.0;3.0;3.0;2.0;1.0;0.0;3.0;3.0;2.0;1.0
2020/21;Sabato;23;Gennaio;Fiorentina;Crotone;2;1;True;False;False;1;-1;1;3;0;228;1;2;1;X;2;1;X;1;X;X;X;X;2;X;1;2;X;2;X;X;X;X;2.0;0.0;0.0;4.0;2.0;2.0;0.0;0.0;4.0;2.0;1.0;0.0;3.0;3.0;2.0;1.0;0.0;3.0;3.0;2.0
2020/21;Domenica;24;Gennaio;Juventus;Bologna;2;0;True;False;False;1;-1;1;3;0;228;1;2;1;1;X;2;1;1;X;X;X;X;2;2;X;1;2;2;X;X;X;X;2.0;2.0;0.0;0.0;4.0;2.0;2.0;0.0;0.0;4.0;0.0;1.0;0.0;3.0;3.0;0.0;1.0;0.0;3.0;3.0
2020/21;Domenica;24;Gennaio;Genoa;Cagliari;1;0;True;False;False;1;-1;1;3;0;228;1;2;1;1;1;X;2;1;X;X;X;X;2;2;2;X;1;2;X;X;X;X;1.0;2.0;2.0;0.0;0.0;1.0;2.0;2.0;0.0;0.0;0.0;0.0;1.0;0.0;3.0;0.0;0.0;1.0;0.0;3.0
2020/21;Domenica;24;Gennaio;Hellas Verona;Napoli;3;1;True;False;False;1;-1;1;3;0;228;1;2;1;1;1;1;X;1;X;X;X;X;2;2;2;2;X;2;X;X;X;X;3.0;1.0;2.0;2.0;0.0;3.0;1.0;2.0;2.0;0.0;1.0;0.0;0.0;1.0;0.0;1.0;0.0;0.0;1.0;0.0
2020/21;Domenica;24;Gennaio;Lazio;Sassuolo;2;1;True;False;False;1;-1;1;3;0;228;1;2;1;1;1;1;1;1;X;X;X;X;2;2;2;2;2;2;X;X;X;X;2.0;3.0;1.0;2.0;2.0;2.0;3.0;1.0;2.0;2.0;1.0;1.0;0.0;0.0;1.0;1.0;1.0;0.0;0.0;1.0
2020/21;Domenica;24;Gennaio;Parma;Sampdoria;0;2;False;False;True;-1;1;2;0;3;228;2;1;2;1;1;1;1;2;X;X;X;X;1;2;2;2;2;1;X;X;X;X;0.0;2.0;3.0;1.0;2.0;0.0;2.0;3.0;1.0;2.0;2.0;1.0;1.0;0.0;0.0;2.0;1.0;1.0;0.0;0.0
2020/21;Venerdì;29;Gennaio;Torino;Fiorentina;1;1;False;True;False;0;0;X;1;1;228;X;X;X;2;1;1;1;X;X;X;X;X;X;1;2;2;2;X;X;X;X;X;1.0;0.0;2.0;3.0;1.0;1.0;0.0;2.0;3.0;1.0;1.0;2.0;1.0;1.0;0.0;1.0;2.0;1.0;1.0;0.0
2020/21;Sabato;30;Gennaio;Bologna;Milan;1;2;False;False;True;-1;1;2;0;3;228;2;1;2;X;2;1;1;2;X;X;X;X;1;X;1;2;2;1;X;X;X;X;1.0;1.0;0.0;2.0;3.0;1.0;1.0;0.0;2.0;3.0;2.0;1.0;2.0;1.0;1.0;2.0;1.0;2.0;1.0;1.0
2020/21;Sabato;30;Gennaio;Sampdoria;Juventus;0;2;False;False;True;-1;1;2;0;3;228;2;1;2;2;X;2;1;2;X;X;X;X;1;1;X;1;2;1;X;X;X;X;0.0;1.0;1.0;0.0;2.0;0.0;1.0;1.0;0.0;2.0;2.0;2.0;1.0;2.0;1.0;2.0;2.0;1.0;2.0;1.0
2020/21;Sabato;30;Gennaio;Inter;Benevento;4;0;True;False;False;1;-1;1;3;0;228;1;2;1;2;2;X;2;1;X;X;X;X;2;1;1;X;1;2;X;X;X;X;4.0;0.0;1.0;1.0;0.0;4.0;0.0;1.0;1.0;0.0;0.0;2.0;2.0;1.0;2.0;0.0;2.0;2.0;1.0;2.0
2020/21;Domenica;31;Gennaio;Spezia;Udinese;0;1;False;False;True;-1;1;2;0;3;228;2;1;2;1;2;2;X;2;X;X;X;X;1;2;1;1;X;1;X;X;X;X;0.0;4.0;0.0;1.0;1.0;0.0;4.0;0.0;1.0;1.0;1.0;0.0;2.0;2.0;1.0;1.0;0.0;2.0;2.0;1.0
2020/21;Domenica;31;Gennaio;Atalanta;Lazio;1;3;False;False;True;-1;1;2;0;3;228;2;1;2;2;1;2;2;2;X;X;X;X;1;1;2;1;1;1;X;X;X;X;1.0;0.0;4.0;0.0;1.0;1.0;0.0;4.0;0.0;1.0;3.0;1.0;0.0;2.0;2.0;3.0;1.0;0.0;2.0;2.0
2020/21;Domenica;31;Gennaio;Cagliari;Sassuolo;1;1;False;True;False;0;0;X;1;1;228;X;X;X;2;2;1;2;X;X;X;X;X;X;1;1;2;1;X;X;X;X;X;1.0;1.0;0.0;4.0;0.0;1.0;1.0;0.0;4.0;0.0;1.0;3.0;1.0;0.0;2.0;1.0;3.0;1.0;0.0;2.0
2020/21;Domenica;31;Gennaio;Crotone;Genoa;0;3;False;False;True;-1;1;2;0;3;228;2;1;2;X;2;2;1;2;X;X;X;X;1;X;1;1;2;1;X;X;X;X;0.0;1.0;1.0;0.0;4.0;0.0;1.0;1.0;0.0;4.0;3.0;1.0;3.0;1.0;0.0;3.0;1.0;3.0;1.0;0.0
2020/21;Domenica;31;Gennaio;Napoli;Parma;2;0;True;False;False;1;-1;1;3;0;228;1;2;1;2;X;2;2;1;X;X;X;X;2;1;X;1;1;2;X;X;X;X;2.0;0.0;1.0;1.0;0.0;2.0;0.0;1.0;1.0;0.0;0.0;3.0;1.0;3.0;1.0;0.0;3.0;1.0;3.0;1.0
2020/21;Domenica;31;Gennaio;Roma;Hellas Verona;3;1;True;False;False;1;-1;1;3;0;228;1;2;1;1;2;X;2;1;X;X;X;X;2;2;1;X;1;2;X;X;X;X;3.0;2.0;0.0;1.0;1.0;3.0;2.0;0.0;1.0;1.0;1.0;0.0;3.0;1.0;3.0;1.0;0.0;3.0;1.0;3.0
2020/21;Venerdì;5;Febbraio;Fiorentina;Inter;0;2;False;False;True;-1;1;2;0;3;228;2;1;2;1;1;2;X;2;X;X;X;X;1;2;2;1;X;1;X;X;X;X;0.0;3.0;2.0;0.0;1.0;0.0;3.0;2.0;0.0;1.0;2.0;1.0;0.0;3.0;1.0;2.0;1.0;0.0;3.0;1.0
2020/21;Sabato;6;Febbraio;Atalanta;Torino;3;3;False;True;False;0;0;X;1;1;228;X;X;X;2;1;1;2;X;X;X;X;X;X;1;2;2;1;X;X;X;X;X;3.0;0.0;3.0;2.0;0.0;3.0;0.0;3.0;2.0;0.0;3.0;2.0;1.0;0.0;3.0;3.0;2.0;1.0;0.0;3.0
2020/21;Sabato;6;Febbraio;Sassuolo;Spezia;1;2;False;False;True;-1;1;2;0;3;228;2;1;2;X;2;1;1;2;X;X;X;X;1;X;1;2;2;1;X;X;X;X;1.0;3.0;0.0;3.0;2.0;1.0;3.0;0.0;3.0;2.0;2.0;3.0;2.0;1.0;0.0;2.0;3.0;2.0;1.0;0.0
2020/21;Sabato;6;Febbraio;Juventus;Roma;2;0;True;False;False;1;-1;1;3;0;228;1;2;1;2;X;2;1;1;X;X;X;X;2;1;X;1;2;2;X;X;X;X;2.0;1.0;3.0;0.0;3.0;2.0;1.0;3.0;0.0;3.0;0.0;2.0;3.0;2.0;1.0;0.0;2.0;3.0;2.0;1.0
2020/21;Sabato;6;Febbraio;Genoa;Napoli;2;1;True;False;False;1;-1;1;3;0;228;1;2;1;1;2;X;2;1;X;X;X;X;2;2;1;X;1;2;X;X;X;X;2.0;2.0;1.0;3.0;0.0;2.0;2.0;1.0;3.0;0.0;1.0;0.0;2.0;3.0;2.0;1.0;0.0;2.0;3.0;2.0
2020/21;Domenica;7;Febbraio;Benevento;Sampdoria;1;1;False;True;False;0;0;X;1;1;228;X;X;X;1;1;2;X;X;X;X;X;X;X;2;2;1;X;X;X;X;X;X;1.0;2.0;2.0;1.0;3.0;1.0;2.0;2.0;1.0;3.0;1.0;1.0;0.0;2.0;3.0;1.0;1.0;0.0;2.0;3.0
2020/21;Domenica;7;Febbraio;Milan;Crotone;4;0;True;False;False;1;-1;1;3;0;228;1;2;1;X;1;1;2;1;X;X;X;X;2;X;2;2;1;2;X;X;X;X;4.0;1.0;2.0;2.0;1.0;4.0;1.0;2.0;2.0;1.0;0.0;1.0;1.0;0.0;2.0;0.0;1.0;1.0;0.0;2.0
2020/21;Domenica;7;Febbraio;Udinese;Hellas Verona;2;0;True;False;False;1;-1;1;3;0;228;1;2;1;1;X;1;1;1;X;X;X;X;2;2;X;2;2;2;X;X;X;X;2.0;4.0;1.0;2.0;2.0;2.0;4.0;1.0;2.0;2.0;0.0;0.0;1.0;1.0;0.0;0.0;0.0;1.0;1.0;0.0
2020/21;Domenica;7;Febbraio;Parma;Bologna;0;3;False;False;True;-1;1;2;0;3;228;2;1;2;1;1;X;1;2;X;X;X;X;1;2;2;X;2;1;X;X;X;X;0.0;2.0;4.0;1.0;2.0;0.0;2.0;4.0;1.0;2.0;3.0;0.0;0.0;1.0;1.0;3.0;0.0;0.0;1.0;1.0
2020/21;Domenica;7;Febbraio;Lazio;Cagliari;1;0;True;False;False;1;-1;1;3;0;228;1;2;1;2;1;1;X;1;X;X;X;X;2;1;2;2;X;2;X;X;X;X;1.0;0.0;2.0;4.0;1.0;1.0;0.0;2.0;4.0;1.0;0.0;3.0;0.0;0.0;1.0;0.0;3.0;0.0;0.0;1.0
2020/21;Venerdì;12;Febbraio;Bologna;Benevento;1;1;False;True;False;0;0;X;1;1;228;X;X;X;1;2;1;1;X;X;X;X;X;X;2;1;2;2;X;X;X;X;X;1.0;1.0;0.0;2.0;4.0;1.0;1.0;0.0;2.0;4.0;1.0;0.0;3.0;0.0;0.0;1.0;0.0;3.0;0.0;0.0
2020/21;Sabato;13;Febbraio;Torino;Genoa;0;0;False;True;False;0;0;X;1;1;228;X;X;X;X;1;2;1;X;X;X;X;X;X;X;2;1;2;X;X;X;X;X;0.0;1.0;1.0;0.0;2.0;0.0;1.0;1.0;0.0;2.0;0.0;1.0;0.0;3.0;0.0;0.0;1.0;0.0;3.0;0.0
2020/21;Sabato;13;Febbraio;Napoli;Juventus;1;0;True;False;False;1;-1;1;3;0;228;1;2;1;X;X;1;2;1;X;X;X;X;2;X;X;2;1;2;X;X;X;X;1.0;0.0;1.0;1.0;0.0;1.0;0.0;1.0;1.0;0.0;0.0;0.0;1.0;0.0;3.0;0.0;0.0;1.0;0.0;3.0
2020/21;Sabato;13;Febbraio;Spezia;Milan;2;0;True;False;False;1;-1;1;3;0;228;1;2;1;1;X;X;1;1;X;X;X;X;2;2;X;X;2;2;X;X;X;X;2.0;1.0;0.0;1.0;1.0;2.0;1.0;0.0;1.0;1.0;0.0;0.0;0.0;1.0;0.0;0.0;0.0;0.0;1.0;0.0
2020/21;Domenica;14;Febbraio;Roma;Udinese;3;0;True;False;False;1;-1;1;3;0;228;1;2;1;1;1;X;X;1;X;X;X;X;2;2;2;X;X;2;X;X;X;X;3.0;2.0;1.0;0.0;1.0;3.0;2.0;1.0;0.0;1.0;0.0;0.0;0.0;0.0;1.0;0.0;0.0;0.0;0.0;1.0
2020/21;Domenica;14;Febbraio;Cagliari;Atalanta;0;1;False;False;True;-1;1;2;0;3;228;2;1;2;1;1;1;X;2;X;X;X;X;1;2;2;2;X;1;X;X;X;X;0.0;3.0;2.0;1.0;0.0;0.0;3.0;2.0;1.0;0.0;1.0;0.0;0.0;0.0;0.0;1.0;0.0;0.0;0.0;0.0
2020/21;Domenica;14;Febbraio;Sampdoria;Fiorentina;2;1;True;False;False;1;-1;1;3;0;228;1;2;1;2;1;1;1;1;X;X;X;X;2;1;2;2;2;2;X;X;X;X;2.0;0.0;3.0;2.0;1.0;2.0;0.0;3.0;2.0;1.0;1.0;1.0;0.0;0.0;0.0;1.0;1.0;0.0;0.0;0.0
2020/21;Domenica;14;Febbraio;Crotone;Sassuolo;1;2;False;False;True;-1;1;2;0;3;228;2;1;2;1;2;1;1;2;X;X;X;X;1;2;1;2;2;1;X;X;X;X;1.0;2.0;0.0;3.0;2.0;1.0;2.0;0.0;3.0;2.0;2.0;1.0;1.0;0.0;0.0;2.0;1.0;1.0;0.0;0.0
2020/21;Domenica;14;Febbraio;Inter;Lazio;3;1;True;False;False;1;-1;1;3;0;228;1;2;1;2;1;2;1;1;X;X;X;X;2;1;2;1;2;2;X;X;X;X;3.0;1.0;2.0;0.0;3.0;3.0;1.0;2.0;0.0;3.0;1.0;2.0;1.0;1.0;0.0;1.0;2.0;1.0;1.0;0.0
2020/21;Lunedì;15;Febbraio;Hellas Verona;Parma;2;1;True;False;False;1;-1;1;3;0;228;1;2;1;1;2;1;2;1;X;X;X;X;2;2;1;2;1;2;X;X;X;X;2.0;3.0;1.0;2.0;0.0;2.0;3.0;1.0;2.0;0.0;1.0;1.0;2.0;1.0;1.0;1.0;1.0;2.0;1.0;1.0
2020/21;Venerdì;19;Febbraio;Fiorentina;Spezia;3;0;True;False;False;1;-1;1;3;0;228;1;2;1;1;1;2;1;1;X;X;X;X;2;2;2;1;2;2;X;X;X;X;3.0;2.0;3.0;1.0;2.0;3.0;2.0;3.0;1.0;2.0;0.0;1.0;1.0;2.0;1.0;0.0;1.0;1.0;2.0;1.0
2020/21;Venerdì;19;Febbraio;Cagliari;Torino;0;1;False;False;True;-1;1;2;0;3;228;2;1;2;1;1;1;2;2;X;X;X;X;1;2;2;2;1;1;X;X;X;X;0.0;3.0;2.0;3.0;1.0;0.0;3.0;2.0;3.0;1.0;1.0;0.0;1.0;1.0;2.0;1.0;0.0;1.0;1.0;2.0
2020/21;Sabato;20;Febbraio;Lazio;Sampdoria;1;0;True;False;False;1;-1;1;3;0;228;1;2;1;2;1;1;1;1;X;X;X;X;2;1;2;2;2;2;X;X;X;X;1.0;0.0;3.0;2.0;3.0;1.0;0.0;3.0;2.0;3.0;0.0;1.0;0.0;1.0;1.0;0.0;1.0;0.0;1.0;1.0
2020/21;Sabato;20;Febbraio;Genoa;Hellas Verona;2;2;False;True;False;0;0;X;1;1;228;X;X;X;1;2;1;1;X;X;X;X;X;X;2;1;2;2;X;X;X;X;X;2.0;1.0;0.0;3.0;2.0;2.0;1.0;0.0;3.0;2.0;2.0;0.0;1.0;0.0;1.0;2.0;0.0;1.0;0.0;1.0
2020/21;Sabato;20;Febbraio;Sassuolo;Bologna;1;1;False;True;False;0;0;X;1;1;228;X;X;X;X;1;2;1;X;X;X;X;X;X;X;2;1;2;X;X;X;X;X;1.0;2.0;1.0;0.0;3.0;1.0;2.0;1.0;0.0;3.0;1.0;2.0;0.0;1.0;0.0;1.0;2.0;0.0;1.0;0.0
2020/21;Domenica;21;Febbraio;Parma;Udinese;2;2;False;True;False;0;0;X;1;1;228;X;X;X;X;X;1;2;X;X;X;X;X;X;X;X;2;1;X;X;X;X;X;2.0;1.0;2.0;1.0;0.0;2.0;1.0;2.0;1.0;0.0;2.0;1.0;2.0;0.0;1.0;2.0;1.0;2.0;0.0;1.0
2020/21;Domenica;21;Febbraio;Milan;Inter;0;3;False;False;True;-1;1;2;0;3;228;2;1;2;X;X;X;1;2;X;X;X;X;1;X;X;X;2;1;X;X;X;X;0.0;2.0;1.0;2.0;1.0;0.0;2.0;1.0;2.0;1.0;3.0;2.0;1.0;2.0;0.0;3.0;2.0;1.0;2.0;0.0
2020/21;Domenica;21;Febbraio;Atalanta;Napoli;4;2;True;False;False;1;-1;1;3;0;228;1;2;1;2;X;X;X;1;X;X;X;X;2;1;X;X;X;2;X;X;X;X;4.0;0.0;2.0;1.0;2.0;4.0;0.0;2.0;1.0;2.0;2.0;3.0;2.0;1.0;2.0;2.0;3.0;2.0;1.0;2.0
2020/21;Domenica;21;Febbraio;Benevento;Roma;0;0;False;True;False;0;0;X;1;1;228;X;X;X;1;2;X;X;X;X;X;X;X;X;2;1;X;X;X;X;X;X;X;0.0;4.0;0.0;2.0;1.0;0.0;4.0;0.0;2.0;1.0;0.0;2.0;3.0;2.0;1.0;0.0;2.0;3.0;2.0;1.0
2020/21;Lunedì;22;Febbraio;Juventus;Crotone;3;0;True;False;False;1;-1;1;3;0;228;1;2;1;X;1;2;X;1;X;X;X;X;2;X;2;1;X;2;X;X;X;X;3.0;0.0;4.0;0.0;2.0;3.0;0.0;4.0;0.0;2.0;0.0;0.0;2.0;3.0;2.0;0.0;0.0;2.0;3.0;2.0
2020/21;Sabato;27;Febbraio;Spezia;Parma;2;2;False;True;False;0;0;X;1;1;228;X;X;X;1;X;1;2;X;X;X;X;X;X;2;X;2;1;X;X;X;X;X;2.0;3.0;0.0;4.0;0.0;2.0;3.0;0.0;4.0;0.0;2.0;0.0;0.0;2.0;3.0;2.0;0.0;0.0;2.0;3.0
2020/21;Sabato;27;Febbraio;Bologna;Lazio;2;0;True;False;False;1;-1;1;3;0;228;1;2;1;X;1;X;1;1;X;X;X;X;2;X;2;X;2;2;X;X;X;X;2.0;2.0;3.0;0.0;4.0;2.0;2.0;3.0;0.0;4.0;0.0;2.0;0.0;0.0;2.0;0.0;2.0;0.0;0.0;2.0
2020/21;Sabato;27;Febbraio;Hellas Verona;Juventus;1;1;False;True;False;0;0;X;1;1;228;X;X;X;1;X;1;X;X;X;X;X;X;X;2;X;2;X;X;X;X;X;X;1.0;2.0;2.0;3.0;0.0;1.0;2.0;2.0;3.0;0.0;1.0;0.0;2.0;0.0;0.0;1.0;0.0;2.0;0.0;0.0
2020/21;Domenica;28;Febbraio;Sampdoria;Atalanta;0;2;False;False;True;-1;1;2;0;3;228;2;1;2;X;1;X;1;2;X;X;X;X;1;X;2;X;2;1;X;X;X;X;0.0;1.0;2.0;2.0;3.0;0.0;1.0;2.0;2.0;3.0;2.0;1.0;0.0;2.0;0.0;2.0;1.0;0.0;2.0;0.0
2020/21;Domenica;28;Febbraio;Crotone;Cagliari;0;2;False;False;True;-1;1;2;0;3;228;2;1;2;2;X;1;X;2;X;X;X;X;1;1;X;2;X;1;X;X;X;X;0.0;0.0;1.0;2.0;2.0;0.0;0.0;1.0;2.0;2.0;2.0;2.0;1.0;0.0;2.0;2.0;2.0;1.0;0.0;2.0
2020/21;Domenica;28;Febbraio;Inter;Genoa;3;0;True;False;False;1;-1;1;3;0;228;1;2;1;2;2;X;1;1;X;X;X;X;2;1;1;X;2;2;X;X;X;X;3.0;0.0;0.0;1.0;2.0;3.0;0.0;0.0;1.0;2.0;0.0;2.0;2.0;1.0;0.0;0.0;2.0;2.0;1.0;0.0
2020/21;Domenica;28;Febbraio;Udinese;Fiorentina;1;0;True;False;False;1;-1;1;3;0;228;1;2;1;1;2;2;X;1;X;X;X;X;2;2;1;1;X;2;X;X;X;X;1.0;3.0;0.0;0.0;1.0;1.0;3.0;0.0;0.0;1.0;0.0;0.0;2.0;2.0;1.0;0.0;0.0;2.0;2.0;1.0
2020/21;Domenica;28;Febbraio;Napoli;Benevento;2;0;True;False;False;1;-1;1;3;0;228;1;2;1;1;1;2;2;1;X;X;X;X;2;2;2;1;1;2;X;X;X;X;2.0;1.0;3.0;0.0;0.0;2.0;1.0;3.0;0.0;0.0;0.0;0.0;0.0;2.0;2.0;0.0;0.0;0.0;2.0;2.0
2020/21;Domenica;28;Febbraio;Roma;Milan;1;2;False;False;True;-1;1;2;0;3;228;2;1;2;1;1;1;2;2;X;X;X;X;1;2;2;2;1;1;X;X;X;X;1.0;2.0;1.0;3.0;0.0;1.0;2.0;1.0;3.0;0.0;2.0;0.0;0.0;0.0;2.0;2.0;0.0;0.0;0.0;2.0
2020/21;Martedì;2;Marzo;Juventus;Spezia;3;0;True;False;False;1;-1;1;3;0;228;1;2;1;2;1;1;1;1;X;X;X;X;2;1;2;2;2;2;X;X;X;X;3.0;1.0;2.0;1.0;3.0;3.0;1.0;2.0;1.0;3.0;0.0;2.0;0.0;0.0;0.0;0.0;2.0;0.0;0.0;0.0
2020/21;Mercoledì;3;Marzo;Sassuolo;Napoli;3;3;False;True;False;0;0;X;1;1;228;X;X;X;1;2;1;1;X;X;X;X;X;X;2;1;2;2;X;X;X;X;X;3.0;3.0;1.0;2.0;1.0;3.0;3.0;1.0;2.0;1.0;3.0;0.0;2.0;0.0;0.0;3.0;0.0;2.0;0.0;0.0
2020/21;Mercoledì;3;Marzo;Milan;Udinese;1;1;False;True;False;0;0;X;1;1;228;X;X;X;X;1;2;1;X;X;X;X;X;X;X;2;1;2;X;X;X;X;X;1.0;3.0;3.0;1.0;2.0;1.0;3.0;3.0;1.0;2.0;1.0;3.0;0.0;2.0;0.0;1.0;3.0;0.0;2.0;0.0
2020/21;Mercoledì;3;Marzo;Atalanta;Crotone;5;1;True;False;False;1;-1;1;3;0;228;1;2;1;X;X;1;2;1;X;X;X;X;2;X;X;2;1;2;X;X;X;X;5.0;1.0;3.0;3.0;1.0;5.0;1.0;3.0;3.0;1.0;1.0;1.0;3.0;0.0;2.0;1.0;1.0;3.0;0.0;2.0
2020/21;Mercoledì;3;Marzo;Benevento;Hellas Verona;0;3;False;False;True;-1;1;2;0;3;228;2;1;2;1;X;X;1;2;X;X;X;X;1;2;X;X;2;1;X;X;X;X;0.0;5.0;1.0;3.0;3.0;0.0;5.0;1.0;3.0;3.0;3.0;1.0;1.0;3.0;0.0;3.0;1.0;1.0;3.0;0.0
2020/21;Mercoledì;3;Marzo;Cagliari;Bologna;1;0;True;False;False;1;-1;1;3;0;228;1;2;1;2;1;X;X;1;X;X;X;X;2;1;2;X;X;2;X;X;X;X;1.0;0.0;5.0;1.0;3.0;1.0;0.0;5.0;1.0;3.0;0.0;3.0;1.0;1.0;3.0;0.0;3.0;1.0;1.0;3.0
2020/21;Mercoledì;3;Marzo;Fiorentina;Roma;1;2;False;False;True;-1;1;2;0;3;228;2;1;2;1;2;1;X;2;X;X;X;X;1;2;1;2;X;1;X;X;X;X;1.0;1.0;0.0;5.0;1.0;1.0;1.0;0.0;5.0;1.0;2.0;0.0;3.0;1.0;1.0;2.0;0.0;3.0;1.0;1.0
2020/21;Mercoledì;3;Marzo;Genoa;Sampdoria;1;1;False;True;False;0;0;X;1;1;228;X;X;X;2;1;2;1;X;X;X;X;X;X;1;2;1;2;X;X;X;X;X;1.0;1.0;1.0;0.0;5.0;1.0;1.0;1.0;0.0;5.0;1.0;2.0;0.0;3.0;1.0;1.0;2.0;0.0;3.0;1.0
2020/21;Giovedì;4;Marzo;Parma;Inter;1;2;False;False;True;-1;1;2;0;3;228;2;1;2;X;2;1;2;2;X;X;X;X;1;X;1;2;1;1;X;X;X;X;1.0;1.0;1.0;1.0;0.0;1.0;1.0;1.0;1.0;0.0;2.0;1.0;2.0;0.0;3.0;2.0;1.0;2.0;0.0;3.0
2020/21;Sabato;6;Marzo;Spezia;Benevento;1;1;False;True;False;0;0;X;1;1;228;X;X;X;2;X;2;1;X;X;X;X;X;X;1;X;1;2;X;X;X;X;X;1.0;1.0;1.0;1.0;1.0;1.0;1.0;1.0;1.0;1.0;1.0;2.0;1.0;2.0;0.0;1.0;2.0;1.0;2.0;0.0
2020/21;Sabato;6;Marzo;Udinese;Sassuolo;2;0;True;False;False;1;-1;1;3;0;228;1;2;1;X;2;X;2;1;X;X;X;X;2;X;1;X;1;2;X;X;X;X;2.0;1.0;1.0;1.0;1.0;2.0;1.0;1.0;1.0;1.0;0.0;1.0;2.0;1.0;2.0;0.0;1.0;2.0;1.0;2.0
2020/21;Sabato;6;Marzo;Juventus;Lazio;3;1;True;False;False;1;-1;1;3;0;228;1;2;1;1;X;2;X;1;X;X;X;X;2;2;X;1;X;2;X;X;X;X;3.0;2.0;1.0;1.0;1.0;3.0;2.0;1.0;1.0;1.0;1.0;0.0;1.0;2.0;1.0;1.0;0.0;1.0;2.0;1.0
2020/21;Domenica;7;Marzo;Roma;Genoa;1;0;True;False;False;1;-1;1;3;0;228;1;2;1;1;1;X;2;1;X;X;X;X;2;2;2;X;1;2;X;X;X;X;1.0;3.0;2.0;1.0;1.0;1.0;3.0;2.0;1.0;1.0;0.0;1.0;0.0;1.0;2.0;0.0;1.0;0.0;1.0;2.0
2020/21;Domenica;7;Marzo;Crotone;Torino;4;2;True;False;False;1;-1;1;3;0;228;1;2;1;1;1;1;X;1;X;X;X;X;2;2;2;2;X;2;X;X;X;X;4.0;1.0;3.0;2.0;1.0;4.0;1.0;3.0;2.0;1.0;2.0;0.0;1.0;0.0;1.0;2.0;0.0;1.0;0.0;1.0
2020/21;Domenica;7;Marzo;Fiorentina;Parma;3;3;False;True;False;0;0;X;1;1;228;X;X;X;1;1;1;1;X;X;X;X;X;X;2;2;2;2;X;X;X;X;X;3.0;4.0;1.0;3.0;2.0;3.0;4.0;1.0;3.0;2.0;3.0;2.0;0.0;1.0;0.0;3.0;2.0;0.0;1.0;0.0
2020/21;Domenica;7;Marzo;Hellas Verona;Milan;0;2;False;False;True;-1;1;2;0;3;228;2;1;2;X;1;1;1;2;X;X;X;X;1;X;2;2;2;1;X;X;X;X;0.0;3.0;4.0;1.0;3.0;0.0;3.0;4.0;1.0;3.0;2.0;3.0;2.0;0.0;1.0;2.0;3.0;2.0;0.0;1.0
2020/21;Domenica;7;Marzo;Sampdoria;Cagliari;2;2;False;True;False;0;0;X;1;1;228;X;X;X;2;X;1;1;X;X;X;X;X;X;1;X;2;2;X;X;X;X;X;2.0;0.0;3.0;4.0;1.0;2.0;0.0;3.0;4.0;1.0;2.0;2.0;3.0;2.0;0.0;2.0;2.0;3.0;2.0;0.0
2020/21;Domenica;7;Marzo;Napoli;Bologna;3;1;True;False;False;1;-1;1;3;0;228;1;2;1;X;2;X;1;1;X;X;X;X;2;X;1;X;2;2;X;X;X;X;3.0;2.0;0.0;3.0;4.0;3.0;2.0;0.0;3.0;4.0;1.0;2.0;2.0;3.0;2.0;1.0;2.0;2.0;3.0;2.0
2020/21;Lunedì;8;Marzo;Inter;Atalanta;1;0;True;False;False;1;-1;1;3;0;228;1;2;1;1;X;2;X;1;X;X;X;X;2;2;X;1;X;2;X;X;X;X;1.0;3.0;2.0;0.0;3.0;1.0;3.0;2.0;0.0;3.0;0.0;1.0;2.0;2.0;3.0;0.0;1.0;2.0;2.0;3.0
2020/21;Venerdì;12;Marzo;Lazio;Crotone;3;2;True;False;False;1;-1;1;3;0;228;1;2;1;1;1;X;2;1;X;X;X;X;2;2;2;X;1;2;X;X;X;X;3.0;1.0;3.0;2.0;0.0;3.0;1.0;3.0;2.0;0.0;2.0;0.0;1.0;2.0;2.0;2.0;0.0;1.0;2.0;2.0
2020/21;Venerdì;12;Marzo;Atalanta;Spezia;3;1;True;False;False;1;-1;1;3;0;228;1;2;1;1;1;1;X;1;X;X;X;X;2;2;2;2;X;2;X;X;X;X;3.0;3.0;1.0;3.0;2.0;3.0;3.0;1.0;3.0;2.0;1.0;2.0;0.0;1.0;2.0;1.0;2.0;0.0;1.0;2.0
2020/21;Sabato;13;Marzo;Sassuolo;Hellas Verona;3;2;True;False;False;1;-1;1;3;0;228;1;2;1;1;1;1;1;1;X;X;X;X;2;2;2;2;2;2;X;X;X;X;3.0;3.0;3.0;1.0;3.0;3.0;3.0;3.0;1.0;3.0;2.0;1.0;2.0;0.0;1.0;2.0;1.0;2.0;0.0;1.0
2020/21;Sabato;13;Marzo;Benevento;Fiorentina;1;4;False;False;True;-1;1;2;0;3;228;2;1;2;1;1;1;1;2;X;X;X;X;1;2;2;2;2;1;X;X;X;X;1.0;3.0;3.0;3.0;1.0;1.0;3.0;3.0;3.0;1.0;4.0;2.0;1.0;2.0;0.0;4.0;2.0;1.0;2.0;0.0
2020/21;Sabato;13;Marzo;Genoa;Udinese;1;1;False;True;False;0;0;X;1;1;228;X;X;X;2;1;1;1;X;X;X;X;X;X;1;2;2;2;X;X;X;X;X;1.0;1.0;3.0;3.0;3.0;1.0;1.0;3.0;3.0;3.0;1.0;4.0;2.0;1.0;2.0;1.0;4.0;2.0;1.0;2.0
2020/21;Domenica;14;Marzo;Bologna;Sampdoria;3;1;True;False;False;1;-1;1;3;0;228;1;2;1;X;2;1;1;1;X;X;X;X;2;X;1;2;2;2;X;X;X;X;3.0;1.0;1.0;3.0;3.0;3.0;1.0;1.0;3.0;3.0;1.0;1.0;4.0;2.0;1.0;1.0;1.0;4.0;2.0;1.0
2020/21;Domenica;14;Marzo;Parma;Roma;2;0;True;False;False;1;-1;1;3;0;228;1;2;1;1;X;2;1;1;X;X;X;X;2;2;X;1;2;2;X;X;X;X;2.0;3.0;1.0;1.0;3.0;2.0;3.0;1.0;1.0;3.0;0.0;1.0;1.0;4.0;2.0;0.0;1.0;1.0;4.0;2.0
2020/21;Domenica;14;Marzo;Torino;Inter;1;2;False;False;True;-1;1;2;0;3;228;2;1;2;1;1;X;2;2;X;X;X;X;1;2;2;X;1;1;X;X;X;X;1.0;2.0;3.0;1.0;1.0;1.0;2.0;3.0;1.0;1.0;2.0;0.0;1.0;1.0;4.0;2.0;0.0;1.0;1.0;4.0
2020/21;Domenica;14;Marzo;Cagliari;Juventus;1;3;False;False;True;-1;1;2;0;3;228;2;1;2;2;1;1;X;2;X;X;X;X;1;1;2;2;X;1;X;X;X;X;1.0;1.0;2.0;3.0;1.0;1.0;1.0;2.0;3.0;1.0;3.0;2.0;0.0;1.0;1.0;3.0;2.0;0.0;1.0;1.0
2020/21;Domenica;14;Marzo;Milan;Napoli;0;1;False;False;True;-1;1;2;0;3;228;2;1;2;2;2;1;1;2;X;X;X;X;1;1;1;2;2;1;X;X;X;X;0.0;1.0;1.0;2.0;3.0;0.0;1.0;1.0;2.0;3.0;1.0;3.0;2.0;0.0;1.0;1.0;3.0;2.0;0.0;1.0
2020/21;Mercoledì;17;Marzo;Torino;Sassuolo;3;2;True;False;False;1;-1;1;3;0;228;1;2;1;2;2;2;1;1;X;X;2;X;2;1;1;1;2;2;X;X;X;X;3.0;0.0;1.0;1.0;2.0;3.0;0.0;1.0;1.0;2.0;2.0;1.0;3.0;2.0;0.0;2.0;1.0;3.0;2.0;0.0
2020/21;Venerdì;19;Marzo;Parma;Genoa;1;2;False;False;True;-1;1;2;0;3;228;2;1;2;1;2;2;2;2;X;X;X;X;1;2;1;1;1;1;X;X;X;X;1.0;3.0;0.0;1.0;1.0;1.0;3.0;0.0;1.0;1.0;2.0;2.0;1.0;3.0;2.0;2.0;2.0;1.0;3.0;2.0
2020/21;Sabato;20;Marzo;Crotone;Bologna;2;3;False;False;True;-1;1;2;0;3;228;2;1;2;2;1;2;2;2;X;X;X;X;1;1;2;1;1;1;X;X;X;X;2.0;1.0;3.0;0.0;1.0;2.0;1.0;3.0;0.0;1.0;3.0;2.0;2.0;1.0;3.0;3.0;2.0;2.0;1.0;3.0
2020/21;Sabato;20;Marzo;Spezia;Cagliari;2;1;True;False;False;1;-1;1;3;0;228;1;2;1;2;2;1;2;1;X;X;X;X;2;1;1;2;1;2;X;X;X;X;2.0;2.0;1.0;3.0;0.0;2.0;2.0;1.0;3.0;0.0;1.0;3.0;2.0;2.0;1.0;1.0;3.0;2.0;2.0;1.0
2020/21;Domenica;21;Marzo;Hellas Verona;Atalanta;0;2;False;False;True;-1;1;2;0;3;228;2;1;2;1;2;2;1;2;X;X;X;X;1;2;1;1;2;1;X;X;X;X;0.0;2.0;2.0;1.0;3.0;0.0;2.0;2.0;1.0;3.0;2.0;1.0;3.0;2.0;2.0;2.0;1.0;3.0;2.0;2.0
2020/21;Domenica;21;Marzo;Juventus;Benevento;0;1;False;False;True;-1;1;2;0;3;228;2;1;2;2;1;2;2;2;X;X;X;X;1;1;2;1;1;1;X;X;X;X;0.0;0.0;2.0;2.0;1.0;0.0;0.0;2.0;2.0;1.0;1.0;2.0;1.0;3.0;2.0;1.0;2.0;1.0;3.0;2.0
2020/21;Domenica;21;Marzo;Sampdoria;Torino;1;0;True;False;False;1;-1;1;3;0;228;1;2;1;2;2;1;2;1;X;X;X;X;2;1;1;2;1;2;X;X;X;X;1.0;0.0;0.0;2.0;2.0;1.0;0.0;0.0;2.0;2.0;0.0;1.0;2.0;1.0;3.0;0.0;1.0;2.0;1.0;3.0
2020/21;Domenica;21;Marzo;Udinese;Lazio;0;1;False;False;True;-1;1;2;0;3;228;2;1;2;1;2;2;1;2;X;X;X;X;1;2;1;1;2;1;X;X;X;X;0.0;1.0;0.0;0.0;2.0;0.0;1.0;0.0;0.0;2.0;1.0;0.0;1.0;2.0;1.0;1.0;0.0;1.0;2.0;1.0
2020/21;Domenica;21;Marzo;Fiorentina;Milan;2;3;False;False;True;-1;1;2;0;3;228;2;1;2;2;1;2;2;2;X;X;X;X;1;1;2;1;1;1;X;X;X;X;2.0;0.0;1.0;0.0;0.0;2.0;0.0;1.0;0.0;0.0;3.0;1.0;0.0;1.0;2.0;3.0;1.0;0.0;1.0;2.0
2020/21;Domenica;21;Marzo;Roma;Napoli;0;2;False;False;True;-1;1;2;0;3;228;2;1;2;2;2;1;2;2;X;X;X;X;1;1;1;2;1;1;X;X;X;X;0.0;2.0;0.0;1.0;0.0;0.0;2.0;0.0;1.0;0.0;2.0;3.0;1.0;0.0;1.0;2.0;3.0;1.0;0.0;1.0
2020/21;Sabato;3;Aprile;Milan;Sampdoria;1;1;False;True;False;0;0;X;1;1;228;X;X;X;2;2;2;1;X;X;X;X;X;X;1;1;1;2;X;X;X;X;X;1.0;0.0;2.0;0.0;1.0;1.0;0.0;2.0;0.0;1.0;1.0;2.0;3.0;1.0;0.0;1.0;2.0;3.0;1.0;0.0
2020/21;Sabato;3;Aprile;Atalanta;Udinese;3;2;True;False;False;1;-1;1;3;0;228;1;2;1;X;2;2;2;1;X;X;X;X;2;X;1;1;1;2;X;X;X;X;3.0;1.0;0.0;2.0;0.0;3.0;1.0;0.0;2.0;0.0;2.0;1.0;2.0;3.0;1.0;2.0;1.0;2.0;3.0;1.0
2020/21;Sabato;3;Aprile;Benevento;Parma;2;2;False;True;False;0;0;X;1;1;228;X;X;X;1;X;2;2;X;X;X;X;X;X;2;X;1;1;X;X;X;X;X;2.0;3.0;1.0;0.0;2.0;2.0;3.0;1.0;0.0;2.0;2.0;2.0;1.0;2.0;3.0;2.0;2.0;1.0;2.0;3.0
2020/21;Sabato;3;Aprile;Cagliari;Hellas Verona;0;2;False;False;True;-1;1;2;0;3;228;2;1;2;X;1;X;2;2;X;X;X;X;1;X;2;X;1;1;X;X;X;X;0.0;2.0;3.0;1.0;0.0;0.0;2.0;3.0;1.0;0.0;2.0;2.0;2.0;1.0;2.0;2.0;2.0;2.0;1.0;2.0
2020/21;Sabato;3;Aprile;Genoa;Fiorentina;1;1;False;True;False;0;0;X;1;1;228;X;X;X;2;X;1;X;X;X;X;X;X;X;1;X;2;X;X;X;X;X;X;1.0;0.0;2.0;3.0;1.0;1.0;0.0;2.0;3.0;1.0;1.0;2.0;2.0;2.0;1.0;1.0;2.0;2.0;2.0;1.0
2020/21;Sabato;3;Aprile;Lazio;Spezia;2;1;True;False;False;1;-1;1;3;0;228;1;2;1;X;2;X;1;1;X;X;X;X;2;X;1;X;2;2;X;X;X;X;2.0;1.0;0.0;2.0;3.0;2.0;1.0;0.0;2.0;3.0;1.0;1.0;2.0;2.0;2.0;1.0;1.0;2.0;2.0;2.0
2020/21;Sabato;3;Aprile;Napoli;Crotone;4;3;True;False;False;1;-1;1;3;0;228;1;2;1;1;X;2;X;1;X;X;X;X;2;2;X;1;X;2;X;X;X;X;4.0;2.0;1.0;0.0;2.0;4.0;2.0;1.0;0.0;2.0;3.0;1.0;1.0;2.0;2.0;3.0;1.0;1.0;2.0;2.0
2020/21;Sabato;3;Aprile;Sassuolo;Roma;2;2;False;True;False;0;0;X;1;1;228;X;X;X;1;1;X;2;X;X;X;X;X;X;2;2;X;1;X;X;X;X;X;2.0;4.0;2.0;1.0;0.0;2.0;4.0;2.0;1.0;0.0;2.0;3.0;1.0;1.0;2.0;2.0;3.0;1.0;1.0;2.0
2020/21;Sabato;3;Aprile;Torino;Juventus;2;2;False;True;False;0;0;X;1;1;228;X;X;X;X;1;1;X;X;X;X;X;X;X;X;2;2;X;X;X;X;X;X;2.0;2.0;4.0;2.0;1.0;2.0;2.0;4.0;2.0;1.0;2.0;2.0;3.0;1.0;1.0;2.0;2.0;3.0;1.0;1.0
2020/21;Sabato;3;Aprile;Bologna;Inter;0;1;False;False;True;-1;1;2;0;3;228;2;1;2;X;X;1;1;2;X;X;X;X;1;X;X;2;2;1;X;X;X;X;0.0;2.0;2.0;4.0;2.0;0.0;2.0;2.0;4.0;2.0;1.0;2.0;2.0;3.0;1.0;1.0;2.0;2.0;3.0;1.0
2020/21;Mercoledì;7;Aprile;Inter;Sassuolo;2;1;True;False;False;1;-1;1;3;0;228;1;2;1;2;X;X;1;1;X;X;X;X;2;1;X;X;2;2;X;X;X;X;2.0;0.0;2.0;2.0;4.0;2.0;0.0;2.0;2.0;4.0;1.0;1.0;2.0;2.0;3.0;1.0;1.0;2.0;2.0;3.0
2020/21;Mercoledì;7;Aprile;Juventus;Napoli;2;1;True;False;False;1;-1;1;3;0;228;1;2;1;1;2;X;X;1;X;X;X;X;2;2;1;X;X;2;X;X;X;X;2.0;2.0;0.0;2.0;2.0;2.0;2.0;0.0;2.0;2.0;1.0;1.0;1.0;2.0;2.0;1.0;1.0;1.0;2.0;2.0
2020/21;Sabato;10;Aprile;Spezia;Crotone;3;2;True;False;False;1;-1;1;3;0;228;1;2;1;1;1;2;X;1;X;X;X;X;2;2;2;1;X;2;X;X;X;X;3.0;2.0;2.0;0.0;2.0;3.0;2.0;2.0;0.0;2.0;2.0;1.0;1.0;1.0;2.0;2.0;1.0;1.0;1.0;2.0
2020/21;Sabato;10;Aprile;Parma;Milan;1;3;False;False;True;-1;1;2;0;3;228;2;1;2;1;1;1;2;2;X;X;X;X;1;2;2;2;1;1;X;X;X;X;1.0;3.0;2.0;2.0;0.0;1.0;3.0;2.0;2.0;0.0;3.0;2.0;1.0;1.0;1.0;3.0;2.0;1.0;1.0;1.0
2020/21;Sabato;10;Aprile;Udinese;Torino;0;1;False;False;True;-1;1;2;0;3;228;2;1;2;2;1;1;1;2;X;X;X;X;1;1;2;2;2;1;X;X;X;X;0.0;1.0;3.0;2.0;2.0;0.0;1.0;3.0;2.0;2.0;1.0;3.0;2.0;1.0;1.0;1.0;3.0;2.0;1.0;1.0
2020/21;Domenica;11;Aprile;Inter;Cagliari;1;0;True;False;False;1;-1;1;3;0;228;1;2;1;2;2;1;1;1;X;X;X;X;2;1;1;2;2;2;X;X;X;X;1.0;0.0;1.0;3.0;2.0;1.0;0.0;1.0;3.0;2.0;0.0;1.0;3.0;2.0;1.0;0.0;1.0;3.0;2.0;1.0
2020/21;Domenica;11;Aprile;Hellas Verona;Lazio;0;1;False;False;True;-1;1;2;0;3;228;2;1;2;1;2;2;1;2;X;X;X;X;1;2;1;1;2;1;X;X;X;X;0.0;1.0;0.0;1.0;3.0;0.0;1.0;0.0;1.0;3.0;1.0;0.0;1.0;3.0;2.0;1.0;0.0;1.0;3.0;2.0
2020/21;Domenica;11;Aprile;Juventus;Genoa;3;1;True;False;False;1;-1;1;3;0;228;1;2;1;2;1;2;2;1;X;X;X;X;2;1;2;1;1;2;X;X;X;X;3.0;0.0;1.0;0.0;1.0;3.0;0.0;1.0;0.0;1.0;1.0;1.0;0.0;1.0;3.0;1.0;1.0;0.0;1.0;3.0
2020/21;Domenica;11;Aprile;Sampdoria;Napoli;0;2;False;False;True;-1;1;2;0;3;228;2;1;2;1;2;1;2;2;X;X;X;X;1;2;1;2;1;1;X;X;X;X;0.0;3.0;0.0;1.0;0.0;0.0;3.0;0.0;1.0;0.0;2.0;1.0;1.0;0.0;1.0;2.0;1.0;1.0;0.0;1.0
2020/21;Domenica;11;Aprile;Roma;Bologna;1;0;True;False;False;1;-1;1;3;0;228;1;2;1;2;1;2;1;1;X;X;X;X;2;1;2;1;2;2;X;X;X;X;1.0;0.0;3.0;0.0;1.0;1.0;0.0;3.0;0.0;1.0;0.0;2.0;1.0;1.0;0.0;0.0;2.0;1.0;1.0;0.0
2020/21;Domenica;11;Aprile;Fiorentina;Atalanta;2;3;False;False;True;-1;1;2;0;3;228;2;1;2;1;2;1;2;2;X;X;X;X;1;2;1;2;1;1;X;X;X;X;2.0;1.0;0.0;3.0;0.0;2.0;1.0;0.0;3.0;0.0;3.0;0.0;2.0;1.0;1.0;3.0;0.0;2.0;1.0;1.0
2020/21;Lunedì;12;Aprile;Benevento;Sassuolo;0;1;False;False;True;-1;1;2;0;3;228;2;1;2;2;1;2;1;2;X;X;X;X;1;1;2;1;2;1;X;X;X;X;0.0;2.0;1.0;0.0;3.0;0.0;2.0;1.0;0.0;3.0;1.0;3.0;0.0;2.0;1.0;1.0;3.0;0.0;2.0;1.0
2020/21;Sabato;17;Aprile;Crotone;Udinese;1;2;False;False;True;-1;1;2;0;3;228;2;1;2;2;2;1;2;2;X;X;X;X;1;1;1;2;1;1;X;X;X;X;1.0;0.0;2.0;1.0;0.0;1.0;0.0;2.0;1.0;0.0;2.0;1.0;3.0;0.0;2.0;2.0;1.0;3.0;0.0;2.0
2020/21;Sabato;17;Aprile;Sampdoria;Hellas Verona;3;1;True;False;False;1;-1;1;3;0;228;1;2;1;2;2;2;1;1;X;X;X;X;2;1;1;1;2;2;X;X;X;X;3.0;1.0;0.0;2.0;1.0;3.0;1.0;0.0;2.0;1.0;1.0;2.0;1.0;3.0;0.0;1.0;2.0;1.0;3.0;0.0
2020/21;Sabato;17;Aprile;Sassuolo;Fiorentina;3;1;True;False;False;1;-1;1;3;0;228;1;2;1;1;2;2;2;1;X;X;X;X;2;2;1;1;1;2;X;X;X;X;3.0;3.0;1.0;0.0;2.0;3.0;3.0;1.0;0.0;2.0;1.0;1.0;2.0;1.0;3.0;1.0;1.0;2.0;1.0;3.0
2020/21;Sabato;17;Aprile;Cagliari;Parma;4;3;True;False;False;1;-1;1;3;0;228;1;2;1;1;1;2;2;1;X;X;X;X;2;2;2;1;1;2;X;X;X;X;4.0;3.0;3.0;1.0;0.0;4.0;3.0;3.0;1.0;0.0;3.0;1.0;1.0;2.0;1.0;3.0;1.0;1.0;2.0;1.0
2020/21;Domenica;18;Aprile;Milan;Genoa;2;1;True;False;False;1;-1;1;3;0;228;1;2;1;1;1;1;2;1;X;X;X;X;2;2;2;2;1;2;X;X;X;X;2.0;4.0;3.0;3.0;1.0;2.0;4.0;3.0;3.0;1.0;1.0;3.0;1.0;1.0;2.0;1.0;3.0;1.0;1.0;2.0
2020/21;Domenica;18;Aprile;Atalanta;Juventus;1;0;True;False;False;1;-1;1;3;0;228;1;2;1;1;1;1;1;1;X;X;X;X;2;2;2;2;2;2;X;X;X;X;1.0;2.0;4.0;3.0;3.0;1.0;2.0;4.0;3.0;3.0;0.0;1.0;3.0;1.0;1.0;0.0;1.0;3.0;1.0;1.0
2020/21;Domenica;18;Aprile;Bologna;Spezia;4;1;True;False;False;1;-1;1;3;0;228;1;2;1;1;1;1;1;1;X;X;X;X;2;2;2;2;2;2;X;X;X;X;4.0;1.0;2.0;4.0;3.0;4.0;1.0;2.0;4.0;3.0;1.0;0.0;1.0;3.0;1.0;1.0;0.0;1.0;3.0;1.0
2020/21;Domenica;18;Aprile;Lazio;Benevento;5;3;True;False;False;1;-1;1;3;0;228;1;2;1;1;1;1;1;1;X;X;X;X;2;2;2;2;2;2;X;X;X;X;5.0;4.0;1.0;2.0;4.0;5.0;4.0;1.0;2.0;4.0;3.0;1.0;0.0;1.0;3.0;3.0;1.0;0.0;1.0;3.0
2020/21;Domenica;18;Aprile;Torino;Roma;3;1;True;False;False;1;-1;1;3;0;228;1;2;1;1;1;1;1;1;X;X;X;X;2;2;2;2;2;2;X;X;X;X;3.0;5.0;4.0;1.0;2.0;3.0;5.0;4.0;1.0;2.0;1.0;3.0;1.0;0.0;1.0;1.0;3.0;1.0;0.0;1.0
2020/21;Domenica;18;Aprile;Napoli;Inter;1;1;False;True;False;0;0;X;1;1;228;X;X;X;1;1;1;1;X;X;X;X;X;X;2;2;2;2;X;X;X;X;X;1.0;3.0;5.0;4.0;1.0;1.0;3.0;5.0;4.0;1.0;1.0;1.0;3.0;1.0;0.0;1.0;1.0;3.0;1.0;0.0
2020/21;Martedì;20;Aprile;Hellas Verona;Fiorentina;1;2;False;False;True;-1;1;2;0;3;228;2;1;2;X;1;1;1;2;X;X;X;X;1;X;2;2;2;1;X;X;X;X;1.0;1.0;3.0;5.0;4.0;1.0;1.0;3.0;5.0;4.0;2.0;1.0;1.0;3.0;1.0;2.0;1.0;1.0;3.0;1.0
2020/21;Mercoledì;21;Aprile;Milan;Sassuolo;1;2;False;False;True;-1;1;2;0;3;228;2;1;2;2;X;1;1;2;X;X;X;X;1;1;X;2;2;1;X;X;X;X;1.0;1.0;1.0;3.0;5.0;1.0;1.0;1.0;3.0;5.0;2.0;2.0;1.0;1.0;3.0;2.0;2.0;1.0;1.0;3.0
2020/21;Mercoledì;21;Aprile;Bologna;Torino;1;1;False;True;False;0;0;X;1;1;228;X;X;X;2;2;X;1;X;X;X;X;X;X;1;1;X;2;X;X;X;X;X;1.0;1.0;1.0;1.0;3.0;1.0;1.0;1.0;1.0;3.0;1.0;2.0;2.0;1.0;1.0;1.0;2.0;2.0;1.0;1.0
2020/21;Mercoledì;21;Aprile;Crotone;Sampdoria;0;1;False;False;True;-1;1;2;0;3;228;2;1;2;X;2;2;X;2;X;X;X;X;1;X;1;1;X;1;X;X;X;X;0.0;1.0;1.0;1.0;1.0;0.0;1.0;1.0;1.0;1.0;1.0;1.0;2.0;2.0;1.0;1.0;1.0;2.0;2.0;1.0
2020/21;Mercoledì;21;Aprile;Genoa;Benevento;2;2;False;True;False;0;0;X;1;1;228;X;X;X;2;X;2;2;X;X;X;X;X;X;1;X;1;1;X;X;X;X;X;2.0;0.0;1.0;1.0;1.0;2.0;0.0;1.0;1.0;1.0;2.0;1.0;1.0;2.0;2.0;2.0;1.0;1.0;2.0;2.0
2020/21;Mercoledì;21;Aprile;Juventus;Parma;3;1;True;False;False;1;-1;1;3;0;228;1;2;1;X;2;X;2;1;X;X;X;X;2;X;1;X;1;2;X;X;X;X;3.0;2.0;0.0;1.0;1.0;3.0;2.0;0.0;1.0;1.0;1.0;2.0;1.0;1.0;2.0;1.0;2.0;1.0;1.0;2.0
2020/21;Mercoledì;21;Aprile;Spezia;Inter;1;1;False;True;False;0;0;X;1;1;228;X;X;X;1;X;2;X;X;X;X;X;X;X;2;X;1;X;X;X;X;X;X;1.0;3.0;2.0;0.0;1.0;1.0;3.0;2.0;0.0;1.0;1.0;1.0;2.0;1.0;1.0;1.0;1.0;2.0;1.0;1.0
2020/21;Mercoledì;21;Aprile;Udinese;Cagliari;0;1;False;False;True;-1;1;2;0;3;228;2;1;2;X;1;X;2;2;X;X;X;X;1;X;2;X;1;1;X;X;X;X;0.0;1.0;3.0;2.0;0.0;0.0;1.0;3.0;2.0;0.0;1.0;1.0;1.0;2.0;1.0;1.0;1.0;1.0;2.0;1.0
2020/21;Giovedì;22;Aprile;Roma;Atalanta;1;1;False;True;False;0;0;X;1;1;228;X;X;X;2;X;1;X;X;X;X;X;X;X;1;X;2;X;X;X;X;X;X;1.0;0.0;1.0;3.0;2.0;1.0;0.0;1.0;3.0;2.0;1.0;1.0;1.0;1.0;2.0;1.0;1.0;1.0;1.0;2.0
2020/21;Giovedì;22;Aprile;Napoli;Lazio;5;2;True;False;False;1;-1;1;3;0;228;1;2;1;X;2;X;1;1;X;X;X;X;2;X;1;X;2;2;X;X;X;X;5.0;1.0;0.0;1.0;3.0;5.0;1.0;0.0;1.0;3.0;2.0;1.0;1.0;1.0;1.0;2.0;1.0;1.0;1.0;1.0
2020/21;Sabato;24;Aprile;Genoa;Spezia;2;0;True;False;False;1;-1;1;3;0;228;1;2;1;1;X;2;X;1;X;X;X;X;2;2;X;1;X;2;X;X;X;X;2.0;5.0;1.0;0.0;1.0;2.0;5.0;1.0;0.0;1.0;0.0;2.0;1.0;1.0;1.0;0.0;2.0;1.0;1.0;1.0
2020/21;Sabato;24;Aprile;Parma;Crotone;3;4;False;False;True;-1;1;2;0;3;228;2;1;2;1;1;X;2;2;X;X;X;X;1;2;2;X;1;1;X;X;X;X;3.0;2.0;5.0;1.0;0.0;3.0;2.0;5.0;1.0;0.0;4.0;0.0;2.0;1.0;1.0;4.0;0.0;2.0;1.0;1.0
2020/21;Sabato;24;Aprile;Sassuolo;Sampdoria;1;0;True;False;False;1;-1;1;3;0;228;1;2;1;2;1;1;X;1;X;X;X;X;2;1;2;2;X;2;X;X;X;X;1.0;3.0;2.0;5.0;1.0;1.0;3.0;2.0;5.0;1.0;0.0;4.0;0.0;2.0;1.0;0.0;4.0;0.0;2.0;1.0
2020/21;Domenica;25;Aprile;Benevento;Udinese;2;4;False;False;True;-1;1;2;0;3;228;2;1;2;1;2;1;1;2;X;X;X;X;1;2;1;2;2;1;X;X;X;X;2.0;1.0;3.0;2.0;5.0;2.0;1.0;3.0;2.0;5.0;4.0;0.0;4.0;0.0;2.0;4.0;0.0;4.0;0.0;2.0
2020/21;Domenica;25;Aprile;Fiorentina;Juventus;1;1;False;True;False;0;0;X;1;1;228;X;X;X;2;1;2;1;X;X;X;X;X;X;1;2;1;2;X;X;X;X;X;1.0;2.0;1.0;3.0;2.0;1.0;2.0;1.0;3.0;2.0;1.0;4.0;0.0;4.0;0.0;1.0;4.0;0.0;4.0;0.0
2020/21;Domenica;25;Aprile;Inter;Hellas Verona;1;0;True;False;False;1;-1;1;3;0;228;1;2;1;X;2;1;2;1;X;X;X;X;2;X;1;2;1;2;X;X;X;X;1.0;1.0;2.0;1.0;3.0;1.0;1.0;2.0;1.0;3.0;0.0;1.0;4.0;0.0;4.0;0.0;1.0;4.0;0.0;4.0
2020/21;Domenica;25;Aprile;Cagliari;Roma;3;2;True;False;False;1;-1;1;3;0;228;1;2;1;1;X;2;1;1;X;X;X;X;2;2;X;1;2;2;X;X;X;X;3.0;1.0;1.0;2.0;1.0;3.0;1.0;1.0;2.0;1.0;2.0;0.0;1.0;4.0;0.0;2.0;0.0;1.0;4.0;0.0
2020/21;Domenica;25;Aprile;Atalanta;Bologna;5;0;True;False;False;1;-1;1;3;0;228;1;2;1;1;1;X;2;1;X;X;X;X;2;2;2;X;1;2;X;X;X;X;5.0;3.0;1.0;1.0;2.0;5.0;3.0;1.0;1.0;2.0;0.0;2.0;0.0;1.0;4.0;0.0;2.0;0.0;1.0;4.0
2020/21;Lunedì;26;Aprile;Torino;Napoli;0;2;False;False;True;-1;1;2;0;3;228;2;1;2;1;1;1;X;2;X;X;X;X;1;2;2;2;X;1;X;X;X;X;0.0;5.0;3.0;1.0;1.0;0.0;5.0;3.0;1.0;1.0;2.0;0.0;2.0;0.0;1.0;2.0;0.0;2.0;0.0;1.0
2020/21;Lunedì;26;Aprile;Lazio;Milan;3;0;True;False;False;1;-1;1;3;0;228;1;2;1;2;1;1;1;1;X;X;X;X;2;1;2;2;2;2;X;X;X;X;3.0;0.0;5.0;3.0;1.0;3.0;0.0;5.0;3.0;1.0;0.0;2.0;0.0;2.0;0.0;0.0;2.0;0.0;2.0;0.0
2020/21;Sabato;1;Maggio;Hellas Verona;Spezia;1;1;False;True;False;0;0;X;1;1;228;X;X;X;1;2;1;1;X;X;X;X;X;X;2;1;2;2;X;X;X;X;X;1.0;3.0;0.0;5.0;3.0;1.0;3.0;0.0;5.0;3.0;1.0;0.0;2.0;0.0;2.0;1.0;0.0;2.0;0.0;2.0
2020/21;Sabato;1;Maggio;Crotone;Inter;0;2;False;False;True;-1;1;2;0;3;228;2;1;2;X;1;2;1;2;X;X;X;X;1;X;2;1;2;1;X;X;X;X;0.0;1.0;3.0;0.0;5.0;0.0;1.0;3.0;0.0;5.0;2.0;1.0;0.0;2.0;0.0;2.0;1.0;0.0;2.0;0.0
2020/21;Sabato;1;Maggio;Milan;Benevento;2;0;True;False;False;1;-1;1;3;0;228;1;2;1;2;X;1;2;1;X;X;X;X;2;1;X;2;1;2;X;X;X;X;2.0;0.0;1.0;3.0;0.0;2.0;0.0;1.0;3.0;0.0;0.0;2.0;1.0;0.0;2.0;0.0;2.0;1.0;0.0;2.0
2020/21;Domenica;2;Maggio;Lazio;Genoa;4;3;True;False;False;1;-1;1;3;0;228;1;2;1;1;2;X;1;1;X;X;X;1;2;2;1;X;2;2;X;X;X;X;4.0;2.0;0.0;1.0;3.0;4.0;2.0;0.0;1.0;3.0;3.0;0.0;2.0;1.0;0.0;3.0;0.0;2.0;1.0;0.0
2020/21;Domenica;2;Maggio;Bologna;Fiorentina;3;3;False;True;False;0;0;X;1;1;228;X;X;X;1;1;2;X;X;X;X;X;X;X;2;2;1;X;X;X;X;X;X;3.0;4.0;2.0;0.0;1.0;3.0;4.0;2.0;0.0;1.0;3.0;3.0;0.0;2.0;1.0;3.0;3.0;0.0;2.0;1.0
2020/21;Domenica;2;Maggio;Napoli;Cagliari;1;1;False;True;False;0;0;X;1;1;228;X;X;X;X;1;1;2;X;X;X;X;X;X;X;2;2;1;X;X;X;X;X;1.0;3.0;4.0;2.0;0.0;1.0;3.0;4.0;2.0;0.0;1.0;3.0;3.0;0.0;2.0;1.0;3.0;3.0;0.0;2.0
2020/21;Domenica;2;Maggio;Sassuolo;Atalanta;1;1;False;True;False;0;0;X;1;1;228;X;X;X;X;X;1;1;X;X;X;X;X;X;X;X;2;2;X;X;X;X;X;1.0;1.0;3.0;4.0;2.0;1.0;1.0;3.0;4.0;2.0;1.0;1.0;3.0;3.0;0.0;1.0;1.0;3.0;3.0;0.0
2020/21;Domenica;2;Maggio;Udinese;Juventus;1;2;False;False;True;-1;1;2;0;3;228;2;1;2;X;X;X;1;2;X;X;X;X;1;X;X;X;2;1;X;X;X;X;1.0;1.0;1.0;3.0;4.0;1.0;1.0;1.0;3.0;4.0;2.0;1.0;1.0;3.0;3.0;2.0;1.0;1.0;3.0;3.0
2020/21;Domenica;2;Maggio;Sampdoria;Roma;2;0;True;False;False;1;-1;1;3;0;228;1;2;1;2;X;X;X;1;X;X;X;X;2;1;X;X;X;2;X;X;X;X;2.0;1.0;1.0;1.0;3.0;2.0;1.0;1.0;1.0;3.0;0.0;2.0;1.0;1.0;3.0;0.0;2.0;1.0;1.0;3.0
2020/21;Lunedì;3;Maggio;Torino;Parma;1;0;True;False;False;1;-1;1;3;0;228;1;2;1;1;2;X;X;1;X;X;X;X;2;2;1;X;X;2;X;X;X;X;1.0;2.0;1.0;1.0;1.0;1.0;2.0;1.0;1.0;1.0;0.0;0.0;2.0;1.0;1.0;0.0;0.0;2.0;1.0;1.0
2020/21;Sabato;8;Maggio;Spezia;Napoli;1;4;False;False;True;-1;1;2;0;3;228;2;1;2;1;1;2;X;2;X;X;X;X;1;2;2;1;X;1;X;X;X;X;1.0;1.0;2.0;1.0;1.0;1.0;1.0;2.0;1.0;1.0;4.0;0.0;0.0;2.0;1.0;4.0;0.0;0.0;2.0;1.0
2020/21;Sabato;8;Maggio;Udinese;Bologna;1;1;False;True;False;0;0;X;1;1;228;X;X;X;2;1;1;2;X;X;X;X;2;X;1;2;2;1;X;X;X;X;X;1.0;1.0;1.0;2.0;1.0;1.0;1.0;1.0;2.0;1.0;1.0;4.0;0.0;0.0;2.0;1.0;4.0;0.0;0.0;2.0
2020/21;Sabato;8;Maggio;Inter;Sampdoria;5;1;True;False;False;1;-1;1;3;0;228;1;2;1;X;2;1;1;1;X;X;X;X;2;X;1;2;2;2;X;X;X;X;5.0;1.0;1.0;1.0;2.0;5.0;1.0;1.0;1.0;2.0;1.0;1.0;4.0;0.0;0.0;1.0;1.0;4.0;0.0;0.0
2020/21;Sabato;8;Maggio;Fiorentina;Lazio;2;0;True;False;False;1;-1;1;3;0;228;1;2;1;1;X;2;1;1;X;X;X;X;2;2;X;1;2;2;X;X;X;X;2.0;5.0;1.0;1.0;1.0;2.0;5.0;1.0;1.0;1.0;0.0;1.0;1.0;4.0;0.0;0.0;1.0;1.0;4.0;0.0
2020/21;Domenica;9;Maggio;Genoa;Sassuolo;1;2;False;False;True;-1;1;2;0;3;228;2;1;2;1;1;X;2;2;X;X;X;X;1;2;2;X;1;1;X;X;X;X;1.0;2.0;5.0;1.0;1.0;1.0;2.0;5.0;1.0;1.0;2.0;0.0;1.0;1.0;4.0;2.0;0.0;1.0;1.0;4.0
2020/21;Domenica;9;Maggio;Benevento;Cagliari;1;3;False;False;True;-1;1;2;0;3;228;2;1;2;2;1;1;X;2;X;X;X;X;1;1;2;2;X;1;X;X;X;X;1.0;1.0;2.0;5.0;1.0;1.0;1.0;2.0;5.0;1.0;3.0;2.0;0.0;1.0;1.0;3.0;2.0;0.0;1.0;1.0
2020/21;Domenica;9;Maggio;Hellas Verona;Torino;1;1;False;True;False;0;0;X;1;1;228;X;X;X;2;2;1;1;X;X;X;X;X;X;1;1;2;2;X;X;X;X;X;1.0;1.0;1.0;2.0;5.0;1.0;1.0;1.0;2.0;5.0;1.0;3.0;2.0;0.0;1.0;1.0;3.0;2.0;0.0;1.0
2020/21;Domenica;9;Maggio;Parma;Atalanta;2;5;False;False;True;-1;1;2;0;3;228;2;1;2;X;2;2;1;2;X;X;X;X;1;X;1;1;2;1;X;X;X;X;2.0;1.0;1.0;1.0;2.0;2.0;1.0;1.0;1.0;2.0;5.0;1.0;3.0;2.0;0.0;5.0;1.0;3.0;2.0;0.0
2020/21;Domenica;9;Maggio;Roma;Crotone;5;0;True;False;False;1;-1;1;3;0;228;1;2;1;2;X;2;2;1;X;X;X;X;2;1;X;1;1;2;X;X;X;X;5.0;2.0;1.0;1.0;1.0;5.0;2.0;1.0;1.0;1.0;0.0;5.0;1.0;3.0;2.0;0.0;5.0;1.0;3.0;2.0
2020/21;Domenica;9;Maggio;Juventus;Milan;0;3;False;False;True;-1;1;2;0;3;228;2;1;2;1;2;X;2;2;X;X;X;X;1;2;1;X;1;1;X;X;X;X;0.0;5.0;2.0;1.0;1.0;0.0;5.0;2.0;1.0;1.0;3.0;0.0;5.0;1.0;3.0;3.0;0.0;5.0;1.0;3.0
2020/21;Martedì;11;Maggio;Napoli;Udinese;5;1;True;False;False;1;-1;1;3;0;228;1;2;1;2;1;2;X;1;X;X;X;X;2;1;2;1;X;2;X;X;X;X;5.0;0.0;5.0;2.0;1.0;5.0;0.0;5.0;2.0;1.0;1.0;3.0;0.0;5.0;1.0;1.0;3.0;0.0;5.0;1.0
2020/21;Mercoledì;12;Maggio;Cagliari;Fiorentina;0;0;False;True;False;0;0;X;1;1;228;X;X;X;1;2;1;2;X;X;X;X;X;X;2;1;2;1;X;X;X;X;X;0.0;5.0;0.0;5.0;2.0;0.0;5.0;0.0;5.0;2.0;0.0;1.0;3.0;0.0;5.0;0.0;1.0;3.0;0.0;5.0
2020/21;Mercoledì;12;Maggio;Atalanta;Benevento;2;0;True;False;False;1;-1;1;3;0;228;1;2;1;X;1;2;1;1;X;X;X;X;2;X;2;1;2;2;X;X;X;X;2.0;0.0;5.0;0.0;5.0;2.0;0.0;5.0;0.0;5.0;0.0;0.0;1.0;3.0;0.0;0.0;0.0;1.0;3.0;0.0
2020/21;Mercoledì;12;Maggio;Bologna;Genoa;0;2;False;False;True;-1;1;2;0;3;228;2;1;2;1;X;1;2;2;X;X;X;X;1;2;X;2;1;1;X;X;X;X;0.0;2.0;0.0;5.0;0.0;0.0;2.0;0.0;5.0;0.0;2.0;0.0;0.0;1.0;3.0;2.0;0.0;0.0;1.0;3.0
2020/21;Mercoledì;12;Maggio;Inter;Roma;3;1;True;False;False;1;-1;1;3;0;228;1;2;1;2;1;X;1;1;X;X;X;X;2;1;2;X;2;2;X;X;X;X;3.0;0.0;2.0;0.0;5.0;3.0;0.0;2.0;0.0;5.0;1.0;2.0;0.0;0.0;1.0;1.0;2.0;0.0;0.0;1.0
2020/21;Mercoledì;12;Maggio;Lazio;Parma;1;0;True;False;False;1;-1;1;3;0;228;1;2;1;1;2;1;X;1;X;X;X;X;2;2;1;2;X;2;X;X;X;X;1.0;3.0;0.0;2.0;0.0;1.0;3.0;0.0;2.0;0.0;0.0;1.0;2.0;0.0;0.0;0.0;1.0;2.0;0.0;0.0
2020/21;Mercoledì;12;Maggio;Sampdoria;Spezia;2;2;False;True;False;0;0;X;1;1;228;X;X;X;1;1;2;1;X;X;X;X;X;X;2;2;1;2;X;X;X;X;X;2.0;1.0;3.0;0.0;2.0;2.0;1.0;3.0;0.0;2.0;2.0;0.0;1.0;2.0;0.0;2.0;0.0;1.0;2.0;0.0
2020/21;Mercoledì;12;Maggio;Sassuolo;Juventus;1;3;False;False;True;-1;1;2;0;3;228;2;1;2;X;1;1;2;2;X;X;X;X;1;X;2;2;1;1;X;X;X;X;1.0;2.0;1.0;3.0;0.0;1.0;2.0;1.0;3.0;0.0;3.0;2.0;0.0;1.0;2.0;3.0;2.0;0.0;1.0;2.0
2020/21;Mercoledì;12;Maggio;Torino;Milan;0;7;False;False;True;-1;1;2;0;3;228;2;1;2;2;X;1;1;2;X;X;X;X;1;1;X;2;2;1;X;X;X;X;0.0;1.0;2.0;1.0;3.0;0.0;1.0;2.0;1.0;3.0;7.0;3.0;2.0;0.0;1.0;7.0;3.0;2.0;0.0;1.0
2020/21;Giovedì;13;Maggio;Crotone;Hellas Verona;2;1;True;False;False;1;-1;1;3;0;228;1;2;1;2;2;X;1;1;X;X;X;X;2;1;1;X;2;2;X;X;X;X;2.0;0.0;1.0;2.0;1.0;2.0;0.0;1.0;2.0;1.0;1.0;7.0;3.0;2.0;0.0;1.0;7.0;3.0;2.0;0.0
2020/21;Sabato;15;Maggio;Genoa;Atalanta;3;4;False;False;True;-1;1;2;0;3;228;2;1;2;1;2;2;X;2;X;X;X;X;1;2;1;1;X;1;X;X;X;X;3.0;2.0;0.0;1.0;2.0;3.0;2.0;0.0;1.0;2.0;4.0;1.0;7.0;3.0;2.0;4.0;1.0;7.0;3.0;2.0
2020/21;Sabato;15;Maggio;Spezia;Torino;4;1;True;False;False;1;-1;1;3;0;228;1;2;1;2;1;2;2;1;X;X;X;X;2;1;2;1;1;2;X;X;X;X;4.0;3.0;2.0;0.0;1.0;4.0;3.0;2.0;0.0;1.0;1.0;4.0;1.0;7.0;3.0;1.0;4.0;1.0;7.0;3.0
2020/21;Sabato;15;Maggio;Juventus;Inter;3;2;True;False;False;1;-1;1;3;0;228;1;2;1;1;2;1;2;1;X;X;X;X;2;2;1;2;1;2;X;X;X;X;3.0;4.0;3.0;2.0;0.0;3.0;4.0;3.0;2.0;0.0;2.0;1.0;4.0;1.0;7.0;2.0;1.0;4.0;1.0;7.0
2020/21;Sabato;15;Maggio;Roma;Lazio;2;0;True;False;False;1;-1;1;3;0;228;1;2;1;1;1;2;1;1;X;X;X;X;2;2;2;1;2;2;X;X;X;X;2.0;3.0;4.0;3.0;2.0;2.0;3.0;4.0;3.0;2.0;0.0;2.0;1.0;4.0;1.0;0.0;2.0;1.0;4.0;1.0
2020/21;Domenica;16;Maggio;Fiorentina;Napoli;0;2;False;False;True;-1;1;2;0;3;228;2;1;2;1;1;1;2;2;X;X;X;X;1;2;2;2;1;1;X;X;X;X;0.0;2.0;3.0;4.0;3.0;0.0;2.0;3.0;4.0;3.0;2.0;0.0;2.0;1.0;4.0;2.0;0.0;2.0;1.0;4.0
2020/21;Domenica;16;Maggio;Benevento;Crotone;1;1;False;True;False;0;0;X;1;1;228;X;X;X;2;1;1;1;X;X;X;X;X;X;1;2;2;2;X;X;X;X;X;1.0;0.0;2.0;3.0;4.0;1.0;0.0;2.0;3.0;4.0;1.0;2.0;0.0;2.0;1.0;1.0;2.0;0.0;2.0;1.0
2020/21;Domenica;16;Maggio;Udinese;Sampdoria;0;1;False;False;True;-1;1;2;0;3;228;2;1;2;X;2;1;1;2;X;X;X;X;1;X;1;2;2;1;X;X;X;X;0.0;1.0;0.0;2.0;3.0;0.0;1.0;0.0;2.0;3.0;1.0;1.0;2.0;0.0;2.0;1.0;1.0;2.0;0.0;2.0
2020/21;Domenica;16;Maggio;Parma;Sassuolo;1;3;False;False;True;-1;1;2;0;3;228;2;1;2;2;X;2;1;2;X;X;X;X;1;1;X;1;2;1;X;X;X;X;1.0;0.0;1.0;0.0;2.0;1.0;0.0;1.0;0.0;2.0;3.0;1.0;1.0;2.0;0.0;3.0;1.0;1.0;2.0;0.0
2020/21;Domenica;16;Maggio;Milan;Cagliari;0;0;False;True;False;0;0;X;1;1;228;X;X;X;2;2;X;2;X;X;X;X;X;X;1;1;X;1;X;X;X;X;X;0.0;1.0;0.0;1.0;0.0;0.0;1.0;0.0;1.0;0.0;0.0;3.0;1.0;1.0;2.0;0.0;3.0;1.0;1.0;2.0
2020/21;Lunedì;17;Maggio;Hellas Verona;Bologna;2;2;False;True;False;0;0;X;1;1;228;X;X;X;X;2;2;X;X;X;X;X;X;X;X;1;1;X;X;X;X;X;X;2.0;0.0;1.0;0.0;1.0;2.0;0.0;1.0;0.0;1.0;2.0;0.0;3.0;1.0;1.0;2.0;0.0;3.0;1.0;1.0
2020/21;Martedì;18;Maggio;Lazio;Torino;0;0;False;True;False;0;0;X;1;1;228;X;X;X;X;X;2;2;X;X;X;X;X;X;X;X;1;1;X;X;X;X;X;0.0;2.0;0.0;1.0;0.0;0.0;2.0;0.0;1.0;0.0;0.0;2.0;0.0;3.0;1.0;0.0;2.0;0.0;3.0;1.0
2020/21;Sabato;22;Maggio;Cagliari;Genoa;0;1;False;False;True;-1;1;2;0;3;228;2;1;2;X;X;X;2;2;X;X;X;X;1;X;X;X;1;1;X;X;X;X;0.0;0.0;2.0;0.0;1.0;0.0;0.0;2.0;0.0;1.0;1.0;0.0;2.0;0.0;3.0;1.0;0.0;2.0;0.0;3.0
2020/21;Sabato;22;Maggio;Crotone;Fiorentina;0;0;False;True;False;0;0;X;1;1;228;X;X;X;2;X;X;X;X;X;X;X;X;X;1;X;X;X;X;X;X;X;X;0.0;0.0;0.0;2.0;0.0;0.0;0.0;0.0;2.0;0.0;0.0;1.0;0.0;2.0;0.0;0.0;1.0;0.0;2.0;0.0
2020/21;Sabato;22;Maggio;Sampdoria;Parma;3;0;True;False;False;1;-1;1;3;0;228;1;2;1;X;2;X;X;1;X;X;X;X;2;X;1;X;X;2;X;X;X;X;3.0;0.0;0.0;0.0;2.0;3.0;0.0;0.0;0.0;2.0;0.0;0.0;1.0;0.0;2.0;0.0;0.0;1.0;0.0;2.0
2020/21;Domenica;23;Maggio;Inter;Udinese;5;1;True;False;False;1;-1;1;3;0;228;1;2;1;1;X;2;X;1;X;X;X;X;2;2;X;1;X;2;X;X;X;X;5.0;3.0;0.0;0.0;0.0;5.0;3.0;0.0;0.0;0.0;1.0;0.0;0.0;1.0;0.0;1.0;0.0;0.0;1.0;0.0
2020/21;Domenica;23;Maggio;Atalanta;Milan;0;2;False;False;True;-1;1;2;0;3;228;2;1;2;1;1;X;2;2;X;X;X;X;1;2;2;X;1;1;X;X;X;X;0.0;5.0;3.0;0.0;0.0;0.0;5.0;3.0;0.0;0.0;2.0;1.0;0.0;0.0;1.0;2.0;1.0;0.0;0.0;1.0
2020/21;Domenica;23;Maggio;Bologna;Juventus;1;4;False;False;True;-1;1;2;0;3;228;2;1;2;2;1;1;X;2;X;X;X;X;1;1;2;2;X;1;X;X;X;X;1.0;0.0;5.0;3.0;0.0;1.0;0.0;5.0;3.0;0.0;4.0;2.0;1.0;0.0;0.0;4.0;2.0;1.0;0.0;0.0
2020/21;Domenica;23;Maggio;Napoli;Hellas Verona;1;1;False;True;False;0;0;X;1;1;228;X;X;X;2;2;1;1;X;X;X;X;X;X;1;1;2;2;X;X;X;X;X;1.0;1.0;0.0;5.0;3.0;1.0;1.0;0.0;5.0;3.0;1.0;4.0;2.0;1.0;0.0;1.0;4.0;2.0;1.0;0.0
2020/21;Domenica;23;Maggio;Sassuolo;Lazio;2;0;True;False;False;1;-1;1;3;0;228;1;2;1;X;2;2;1;1;X;X;X;X;2;X;1;1;2;2;X;X;X;X;2.0;1.0;1.0;0.0;5.0;2.0;1.0;1.0;0.0;5.0;0.0;1.0;4.0;2.0;1.0;0.0;1.0;4.0;2.0;1.0
2020/21;Domenica;23;Maggio;Spezia;Roma;2;2;False;True;False;0;0;X;1;1;228;X;X;X;1;X;2;2;X;X;X;X;X;X;2;X;1;1;X;X;X;X;X;2.0;2.0;1.0;1.0;0.0;2.0;2.0;1.0;1.0;0.0;2.0;0.0;1.0;4.0;2.0;2.0;0.0;1.0;4.0;2.0
2020/21;Domenica;23;Maggio;Torino;Benevento;1;1;False;True;False;0;0;X;1;1;228;X;X;X;X;1;X;2;X;X;X;X;X;X;X;2;X;1;X;X;X;X;X;1.0;2.0;2.0;1.0;1.0;1.0;2.0;2.0;1.0;1.0;1.0;2.0;0.0;1.0;4.0;1.0;2.0;0.0;1.0;4.0
2021/22;Sabato;21;Agosto;Hellas Verona;Sassuolo;2;3;False;False;True;-1;1;2;0;3;228;2;1;2;X;X;1;X;2;X;X;X;X;1;X;X;2;X;1;X;X;X;X;2.0;1.0;2.0;2.0;1.0;2.0;1.0;2.0;2.0;1.0;3.0;1.0;2.0;0.0;1.0;3.0;1.0;2.0;0.0;1.0
2021/22;Sabato;21;Agosto;Inter;Genoa;4;0;True;False;False;1;-1;1;3;0;228;1;2;1;2;X;X;1;1;X;X;X;X;2;1;X;X;2;2;X;X;X;X;4.0;2.0;1.0;2.0;2.0;4.0;2.0;1.0;2.0;2.0;0.0;3.0;1.0;2.0;0.0;0.0;3.0;1.0;2.0;0.0
2021/22;Sabato;21;Agosto;Empoli;Lazio;1;3;False;False;True;-1;1;2;0;3;228;2;1;2;1;2;X;X;2;X;X;X;X;1;2;1;X;X;1;X;X;X;X;1.0;4.0;2.0;1.0;2.0;1.0;4.0;2.0;1.0;2.0;3.0;0.0;3.0;1.0;2.0;3.0;0.0;3.0;1.0;2.0
2021/22;Sabato;21;Agosto;Torino;Atalanta;1;2;False;False;True;-1;1;2;0;3;228;2;1;2;2;1;2;X;2;X;X;X;X;1;1;2;1;X;1;X;X;X;X;1.0;1.0;4.0;2.0;1.0;1.0;1.0;4.0;2.0;1.0;2.0;3.0;0.0;3.0;1.0;2.0;3.0;0.0;3.0;1.0
2021/22;Domenica;22;Agosto;Bologna;Salernitana;3;2;True;False;False;1;-1;1;3;0;228;1;2;1;2;2;1;2;1;X;X;X;X;2;1;1;2;1;2;X;X;X;X;3.0;1.0;1.0;4.0;2.0;3.0;1.0;1.0;4.0;2.0;2.0;2.0;3.0;0.0;3.0;2.0;2.0;3.0;0.0;3.0
2021/22;Domenica;22;Agosto;Udinese;Juventus;2;2;False;True;False;0;0;X;1;1;228;X;X;X;1;2;2;1;X;X;X;X;X;X;2;1;1;2;X;X;X;X;X;2.0;3.0;1.0;1.0;4.0;2.0;3.0;1.0;1.0;4.0;2.0;2.0;2.0;3.0;0.0;2.0;2.0;2.0;3.0;0.0
2021/22;Domenica;22;Agosto;Roma;Fiorentina;3;1;True;False;False;1;-1;1;3;0;228;1;2;1;X;1;2;2;1;X;X;X;X;2;X;2;1;1;2;X;X;X;X;3.0;2.0;3.0;1.0;1.0;3.0;2.0;3.0;1.0;1.0;1.0;2.0;2.0;2.0;3.0;1.0;2.0;2.0;2.0;3.0
2021/22;Domenica;22;Agosto;Napoli;Venezia;2;0;True;False;False;1;-1;1;3;0;228;1;2;1;1;X;1;2;1;X;X;X;X;2;2;X;2;1;2;X;X;X;X;2.0;3.0;2.0;3.0;1.0;2.0;3.0;2.0;3.0;1.0;0.0;1.0;2.0;2.0;2.0;0.0;1.0;2.0;2.0;2.0
2021/22;Lunedì;23;Agosto;Cagliari;Spezia;2;2;False;True;False;0;0;X;1;1;228;X;X;X;1;1;X;1;X;X;X;X;X;X;2;2;X;2;X;X;X;X;X;2.0;2.0;3.0;2.0;3.0;2.0;2.0;3.0;2.0;3.0;2.0;0.0;1.0;2.0;2.0;2.0;0.0;1.0;2.0;2.0
2021/22;Lunedì;23;Agosto;Sampdoria;Milan;0;1;False;False;True;-1;1;2;0;3;228;2;1;2;X;1;1;X;2;X;X;X;X;1;X;2;2;X;1;X;X;X;X;0.0;2.0;2.0;3.0;2.0;0.0;2.0;2.0;3.0;2.0;1.0;2.0;0.0;1.0;2.0;1.0;2.0;0.0;1.0;2.0
2021/22;Venerdì;27;Agosto;Udinese;Venezia;3;0;True;False;False;1;-1;1;3;0;228;1;2;1;2;X;1;1;1;X;X;X;X;2;1;X;2;2;2;X;X;2;X;3.0;0.0;2.0;2.0;3.0;3.0;0.0;2.0;2.0;3.0;0.0;1.0;2.0;0.0;1.0;0.0;1.0;2.0;0.0;1.0
2021/22;Venerdì;27;Agosto;Hellas Verona;Inter;1;3;False;False;True;-1;1;2;0;3;228;2;1;2;1;2;X;1;2;X;X;X;X;1;2;1;X;2;1;X;X;X;X;1.0;3.0;0.0;2.0;2.0;1.0;3.0;0.0;2.0;2.0;3.0;0.0;1.0;2.0;0.0;3.0;0.0;1.0;2.0;0.0
2021/22;Sabato;28;Agosto;Atalanta;Bologna;0;0;False;True;False;0;0;X;1;1;228;X;X;X;2;1;2;X;X;X;X;X;X;X;1;2;1;X;X;X;X;X;X;0.0;1.0;3.0;0.0;2.0;0.0;1.0;3.0;0.0;2.0;0.0;3.0;0.0;1.0;2.0;0.0;3.0;0.0;1.0;2.0
2021/22;Sabato;28;Agosto;Lazio;Spezia;6;1;True;False;False;1;-1;1;3;0;228;1;2;1;X;2;1;2;1;X;X;X;X;2;X;1;2;1;2;X;X;X;X;6.0;0.0;1.0;3.0;0.0;6.0;0.0;1.0;3.0;0.0;1.0;0.0;3.0;0.0;1.0;1.0;0.0;3.0;0.0;1.0
2021/22;Sabato;28;Agosto;Fiorentina;Torino;2;1;True;False;False;1;-1;1;3;0;228;1;2;1;1;X;2;1;1;X;X;X;X;2;2;X;1;2;2;X;X;X;X;2.0;6.0;0.0;1.0;3.0;2.0;6.0;0.0;1.0;3.0;1.0;1.0;0.0;3.0;0.0;1.0;1.0;0.0;3.0;0.0
2021/22;Sabato;28;Agosto;Juventus;Empoli;0;1;False;False;True;-1;1;2;0;3;228;2;1;2;1;1;X;2;2;X;X;X;X;1;2;2;X;1;1;X;X;X;X;0.0;2.0;6.0;0.0;1.0;0.0;2.0;6.0;0.0;1.0;1.0;1.0;1.0;0.0;3.0;1.0;1.0;1.0;0.0;3.0
2021/22;Domenica;29;Agosto;Genoa;Napoli;1;2;False;False;True;-1;1;2;0;3;228;2;1;2;2;1;1;X;2;X;X;X;X;1;1;2;2;X;1;X;X;X;X;1.0;0.0;2.0;6.0;0.0;1.0;0.0;2.0;6.0;0.0;2.0;1.0;1.0;1.0;0.0;2.0;1.0;1.0;1.0;0.0
2021/22;Domenica;29;Agosto;Sassuolo;Sampdoria;0;0;False;True;False;0;0;X;1;1;228;X;X;X;2;2;1;1;X;X;X;X;X;X;1;1;2;2;X;X;X;X;X;0.0;1.0;0.0;2.0;6.0;0.0;1.0;0.0;2.0;6.0;0.0;2.0;1.0;1.0;1.0;0.0;2.0;1.0;1.0;1.0
2021/22;Domenica;29;Agosto;Milan;Cagliari;4;1;True;False;False;1;-1;1;3;0;228;1;2;1;X;2;2;1;1;X;X;X;X;2;X;1;1;2;2;X;X;X;X;4.0;0.0;1.0;0.0;2.0;4.0;0.0;1.0;0.0;2.0;1.0;0.0;2.0;1.0;1.0;1.0;0.0;2.0;1.0;1.0
2021/22;Domenica;29;Agosto;Salernitana;Roma;0;4;False;False;True;-1;1;2;0;3;228;2;1;2;1;X;2;2;2;X;X;X;X;1;2;X;1;1;1;X;X;X;X;0.0;4.0;0.0;1.0;0.0;0.0;4.0;0.0;1.0;0.0;4.0;1.0;0.0;2.0;1.0;4.0;1.0;0.0;2.0;1.0
2021/22;Sabato;11;Settembre;Empoli;Venezia;1;2;False;False;True;-1;1;2;0;3;228;2;1;2;2;1;X;2;2;X;X;X;X;1;1;2;X;1;1;X;X;X;X;1.0;0.0;4.0;0.0;1.0;1.0;0.0;4.0;0.0;1.0;2.0;4.0;1.0;0.0;2.0;2.0;4.0;1.0;0.0;2.0
2021/22;Sabato;11;Settembre;Napoli;Juventus;2;1;True;False;False;1;-1;1;3;0;228;1;2;1;2;2;1;X;1;X;X;X;X;2;1;1;2;X;2;X;X;X;X;2.0;1.0;0.0;4.0;0.0;2.0;1.0;0.0;4.0;0.0;1.0;2.0;4.0;1.0;0.0;1.0;2.0;4.0;1.0;0.0
2021/22;Sabato;11;Settembre;Atalanta;Fiorentina;1;2;False;False;True;-1;1;2;0;3;228;2;1;2;1;2;2;1;2;X;X;X;X;1;2;1;1;2;1;X;X;X;X;1.0;2.0;1.0;0.0;4.0;1.0;2.0;1.0;0.0;4.0;2.0;1.0;2.0;4.0;1.0;2.0;1.0;2.0;4.0;1.0
2021/22;Domenica;12;Settembre;Sampdoria;Inter;2;2;False;True;False;0;0;X;1;1;228;X;X;X;2;1;2;2;X;X;X;X;X;X;1;2;1;1;X;X;X;X;X;2.0;1.0;2.0;1.0;0.0;2.0;1.0;2.0;1.0;0.0;2.0;2.0;1.0;2.0;4.0;2.0;2.0;1.0;2.0;4.0
2021/22;Domenica;12;Settembre;Cagliari;Genoa;2;3;False;False;True;-1;1;2;0;3;228;2;1;2;X;2;1;2;2;X;X;X;X;1;X;1;2;1;1;X;X;X;X;2.0;2.0;1.0;2.0;1.0;2.0;2.0;1.0;2.0;1.0;3.0;2.0;2.0;1.0;2.0;3.0;2.0;2.0;1.0;2.0
2021/22;Domenica;12;Settembre;Spezia;Udinese;0;1;False;False;True;-1;1;2;0;3;228;2;1;2;2;X;2;1;2;X;X;X;X;1;1;X;1;2;1;X;X;X;X;0.0;2.0;2.0;1.0;2.0;0.0;2.0;2.0;1.0;2.0;1.0;3.0;2.0;2.0;1.0;1.0;3.0;2.0;2.0;1.0
2021/22;Domenica;12;Settembre;Torino;Salernitana;4;0;True;False;False;1;-1;1;3;0;228;1;2;1;2;2;X;2;1;X;X;X;X;2;1;1;X;1;2;X;X;X;X;4.0;0.0;2.0;2.0;1.0;4.0;0.0;2.0;2.0;1.0;0.0;1.0;3.0;2.0;2.0;0.0;1.0;3.0;2.0;2.0
2021/22;Domenica;12;Settembre;Milan;Lazio;2;0;True;False;False;1;-1;1;3;0;228;1;2;1;1;2;2;X;1;X;X;X;X;2;2;1;1;X;2;X;X;X;X;2.0;4.0;0.0;2.0;2.0;2.0;4.0;0.0;2.0;2.0;0.0;0.0;1.0;3.0;2.0;0.0;0.0;1.0;3.0;2.0
2021/22;Domenica;12;Settembre;Roma;Sassuolo;2;1;True;False;False;1;-1;1;3;0;228;1;2;1;1;1;2;2;1;X;X;X;X;2;2;2;1;1;2;X;X;X;X;2.0;2.0;4.0;0.0;2.0;2.0;2.0;4.0;0.0;2.0;1.0;0.0;0.0;1.0;3.0;1.0;0.0;0.0;1.0;3.0
2021/22;Lunedì;13;Settembre;Bologna;Hellas Verona;1;0;True;False;False;1;-1;1;3;0;228;1;2;1;1;1;1;2;1;X;X;X;X;2;2;2;2;1;2;X;X;X;X;1.0;2.0;2.0;4.0;0.0;1.0;2.0;2.0;4.0;0.0;0.0;1.0;0.0;0.0;1.0;0.0;1.0;0.0;0.0;1.0
2021/22;Venerdì;17;Settembre;Sassuolo;Torino;0;1;False;False;True;-1;1;2;0;3;228;2;1;2;1;1;1;1;2;X;X;X;X;1;2;2;2;2;1;X;X;X;X;0.0;1.0;2.0;2.0;4.0;0.0;1.0;2.0;2.0;4.0;1.0;0.0;1.0;0.0;0.0;1.0;0.0;1.0;0.0;0.0
2021/22;Sabato;18;Settembre;Genoa;Fiorentina;1;2;False;False;True;-1;1;2;0;3;228;2;1;2;2;1;1;1;2;X;X;X;X;1;1;2;2;2;1;X;X;X;X;1.0;0.0;1.0;2.0;2.0;1.0;0.0;1.0;2.0;2.0;2.0;1.0;0.0;1.0;0.0;2.0;1.0;0.0;1.0;0.0
2021/22;Sabato;18;Settembre;Inter;Bologna;6;1;True;False;False;1;-1;1;3;0;228;1;2;1;2;2;1;1;1;X;X;X;X;2;1;1;2;2;2;X;X;X;X;6.0;1.0;0.0;1.0;2.0;6.0;1.0;0.0;1.0;2.0;1.0;2.0;1.0;0.0;1.0;1.0;2.0;1.0;0.0;1.0
2021/22;Sabato;18;Settembre;Salernitana;Atalanta;0;1;False;False;True;-1;1;2;0;3;228;2;1;2;1;2;2;1;2;X;X;X;X;1;2;1;1;2;1;X;X;X;X;0.0;6.0;1.0;0.0;1.0;0.0;6.0;1.0;0.0;1.0;1.0;1.0;2.0;1.0;0.0;1.0;1.0;2.0;1.0;0.0
2021/22;Domenica;19;Settembre;Empoli;Sampdoria;0;3;False;False;True;-1;1;2;0;3;228;2;1;2;2;1;2;2;2;X;X;X;X;1;1;2;1;1;1;X;X;X;X;0.0;0.0;6.0;1.0;0.0;0.0;0.0;6.0;1.0;0.0;3.0;1.0;1.0;2.0;1.0;3.0;1.0;1.0;2.0;1.0
2021/22;Domenica;19;Settembre;Venezia;Spezia;1;2;False;False;True;-1;1;2;0;3;228;2;1;2;2;2;1;2;2;X;X;X;X;1;1;1;2;1;1;X;X;X;X;1.0;0.0;0.0;6.0;1.0;1.0;0.0;0.0;6.0;1.0;2.0;3.0;1.0;1.0;2.0;2.0;3.0;1.0;1.0;2.0
2021/22;Domenica;19;Settembre;Hellas Verona;Roma;3;2;True;False;False;1;-1;1;3;0;228;1;2;1;2;2;2;1;1;X;X;X;X;2;1;1;1;2;2;X;X;X;X;3.0;1.0;0.0;0.0;6.0;3.0;1.0;0.0;0.0;6.0;2.0;2.0;3.0;1.0;1.0;2.0;2.0;3.0;1.0;1.0
2021/22;Domenica;19;Settembre;Lazio;Cagliari;2;2;False;True;False;0;0;X;1;1;228;X;X;X;1;2;2;2;X;X;X;X;X;X;2;1;1;1;X;X;X;X;X;2.0;3.0;1.0;0.0;0.0;2.0;3.0;1.0;0.0;0.0;2.0;2.0;2.0;3.0;1.0;2.0;2.0;2.0;3.0;1.0
2021/22;Domenica;19;Settembre;Juventus;Milan;1;1;False;True;False;0;0;X;1;1;228;X;X;X;X;1;2;2;X;X;X;X;X;X;X;2;1;1;X;X;X;X;X;1.0;2.0;3.0;1.0;0.0;1.0;2.0;3.0;1.0;0.0;1.0;2.0;2.0;2.0;3.0;1.0;2.0;2.0;2.0;3.0
2021/22;Lunedì;20;Settembre;Udinese;Napoli;0;4;False;False;True;-1;1;2;0;3;228;2;1;2;X;X;1;2;2;X;X;X;X;1;X;X;2;1;1;X;X;X;X;0.0;1.0;2.0;3.0;1.0;0.0;1.0;2.0;3.0;1.0;4.0;1.0;2.0;2.0;2.0;4.0;1.0;2.0;2.0;2.0
2021/22;Martedì;21;Settembre;Bologna;Genoa;2;2;False;True;False;0;0;X;1;1;228;X;X;X;2;X;X;1;X;X;X;X;X;X;1;X;X;2;X;X;X;X;X;2.0;0.0;1.0;2.0;3.0;2.0;0.0;1.0;2.0;3.0;2.0;4.0;1.0;2.0;2.0;2.0;4.0;1.0;2.0;2.0
2021/22;Martedì;21;Settembre;Atalanta;Sassuolo;2;1;True;False;False;1;-1;1;3;0;228;1;2;1;X;2;X;X;1;X;X;X;X;2;X;1;X;X;2;X;X;X;X;2.0;2.0;0.0;1.0;2.0;2.0;2.0;0.0;1.0;2.0;1.0;2.0;4.0;1.0;2.0;1.0;2.0;4.0;1.0;2.0
2021/22;Martedì;21;Settembre;Fiorentina;Inter;1;3;False;False;True;-1;1;2;0;3;228;2;1;2;1;X;2;X;2;X;X;X;X;1;2;X;1;X;1;X;X;X;X;1.0;2.0;2.0;0.0;1.0;1.0;2.0;2.0;0.0;1.0;3.0;1.0;2.0;4.0;1.0;3.0;1.0;2.0;4.0;1.0
2021/22;Mercoledì;22;Settembre;Salernitana;Hellas Verona;2;2;False;True;False;0;0;X;1;1;228;X;X;X;2;1;X;2;X;X;X;X;X;X;1;2;X;1;X;X;X;X;X;2.0;1.0;2.0;2.0;0.0;2.0;1.0;2.0;2.0;0.0;2.0;3.0;1.0;2.0;4.0;2.0;3.0;1.0;2.0;4.0
2021/22;Mercoledì;22;Settembre;Spezia;Juventus;2;3;False;False;True;-1;1;2;0;3;228;2;1;2;X;2;1;X;2;X;X;X;X;1;X;1;2;X;1;X;X;X;X;2.0;2.0;1.0;2.0;2.0;2.0;2.0;1.0;2.0;2.0;3.0;2.0;3.0;1.0;2.0;3.0;2.0;3.0;1.0;2.0
2021/22;Mercoledì;22;Settembre;Milan;Venezia;2;0;True;False;False;1;-1;1;3;0;228;1;2;1;2;X;2;1;1;X;X;X;X;2;1;X;1;2;2;X;X;X;X;2.0;2.0;2.0;1.0;2.0;2.0;2.0;2.0;1.0;2.0;0.0;3.0;2.0;3.0;1.0;0.0;3.0;2.0;3.0;1.0
2021/22;Mercoledì;22;Settembre;Cagliari;Empoli;0;2;False;False;True;-1;1;2;0;3;228;2;1;2;1;2;X;2;2;X;X;X;X;1;2;1;X;1;1;X;X;X;X;0.0;2.0;2.0;2.0;1.0;0.0;2.0;2.0;2.0;1.0;2.0;0.0;3.0;2.0;3.0;2.0;0.0;3.0;2.0;3.0
2021/22;Giovedì;23;Settembre;Sampdoria;Napoli;0;4;False;False;True;-1;1;2;0;3;228;2;1;2;2;1;2;X;2;X;X;X;X;1;1;2;1;X;1;X;X;X;X;0.0;0.0;2.0;2.0;2.0;0.0;0.0;2.0;2.0;2.0;4.0;2.0;0.0;3.0;2.0;4.0;2.0;0.0;3.0;2.0
2021/22;Giovedì;23;Settembre;Torino;Lazio;1;1;False;True;False;0;0;X;1;1;228;X;X;X;2;2;1;2;X;X;X;X;X;X;1;1;2;1;X;X;X;X;X;1.0;0.0;0.0;2.0;2.0;1.0;0.0;0.0;2.0;2.0;1.0;4.0;2.0;0.0;3.0;1.0;4.0;2.0;0.0;3.0
2021/22;Giovedì;23;Settembre;Roma;Udinese;1;0;True;False;False;1;-1;1;3;0;228;1;2;1;X;2;2;1;1;X;X;X;X;2;X;1;1;2;2;X;X;X;X;1.0;1.0;0.0;0.0;2.0;1.0;1.0;0.0;0.0;2.0;0.0;1.0;4.0;2.0;0.0;0.0;1.0;4.0;2.0;0.0
2021/22;Sabato;25;Settembre;Spezia;Milan;1;2;False;False;True;-1;1;2;0;3;228;2;1;2;1;X;2;2;2;X;X;X;X;1;2;X;1;1;1;X;X;X;X;1.0;1.0;1.0;0.0;0.0;1.0;1.0;1.0;0.0;0.0;2.0;0.0;1.0;4.0;2.0;2.0;0.0;1.0;4.0;2.0
2021/22;Sabato;25;Settembre;Inter;Atalanta;2;2;False;True;False;0;0;X;1;1;228;X;X;X;2;1;X;2;X;X;X;X;X;X;1;2;X;1;X;X;X;X;X;2.0;1.0;1.0;1.0;0.0;2.0;1.0;1.0;1.0;0.0;2.0;2.0;0.0;1.0;4.0;2.0;2.0;0.0;1.0;4.0
2021/22;Sabato;25;Settembre;Genoa;Hellas Verona;3;3;False;True;False;0;0;X;1;1;228;X;X;X;X;2;1;X;X;X;X;X;X;X;X;1;2;X;X;X;X;X;X;3.0;2.0;1.0;1.0;1.0;3.0;2.0;1.0;1.0;1.0;3.0;2.0;2.0;0.0;1.0;3.0;2.0;2.0;0.0;1.0
2021/22;Domenica;26;Settembre;Juventus;Sampdoria;3;2;True;False;False;1;-1;1;3;0;228;1;2;1;X;X;2;1;1;X;X;X;X;2;X;X;1;2;2;X;X;X;X;3.0;3.0;2.0;1.0;1.0;3.0;3.0;2.0;1.0;1.0;2.0;3.0;2.0;2.0;0.0;2.0;3.0;2.0;2.0;0.0
2021/22;Domenica;26;Settembre;Empoli;Bologna;4;2;True;False;False;1;-1;1;3;0;228;1;2;1;1;X;X;2;1;X;X;X;X;2;2;X;X;1;2;X;X;X;X;4.0;3.0;3.0;2.0;1.0;4.0;3.0;3.0;2.0;1.0;2.0;2.0;3.0;2.0;2.0;2.0;2.0;3.0;2.0;2.0
2021/22;Domenica;26;Settembre;Sassuolo;Salernitana;1;0;True;False;False;1;-1;1;3;0;228;1;2;1;1;1;X;X;1;X;X;X;X;2;2;2;X;X;2;X;X;X;X;1.0;4.0;3.0;3.0;2.0;1.0;4.0;3.0;3.0;2.0;0.0;2.0;2.0;3.0;2.0;0.0;2.0;2.0;3.0;2.0
2021/22;Domenica;26;Settembre;Udinese;Fiorentina;0;1;False;False;True;-1;1;2;0;3;228;2;1;2;1;1;1;X;2;X;X;X;X;1;2;2;2;X;1;X;X;X;X;0.0;1.0;4.0;3.0;3.0;0.0;1.0;4.0;3.0;3.0;1.0;0.0;2.0;2.0;3.0;1.0;0.0;2.0;2.0;3.0
2021/22;Domenica;26;Settembre;Lazio;Roma;3;2;True;False;False;1;-1;1;3;0;228;1;2;1;2;1;1;1;1;X;X;X;X;2;1;2;2;2;2;X;X;X;X;3.0;0.0;1.0;4.0;3.0;3.0;0.0;1.0;4.0;3.0;2.0;1.0;0.0;2.0;2.0;2.0;1.0;0.0;2.0;2.0
2021/22;Domenica;26;Settembre;Napoli;Cagliari;2;0;True;False;False;1;-1;1;3;0;228;1;2;1;1;2;1;1;1;X;X;X;X;2;2;1;2;2;2;X;X;X;X;2.0;3.0;0.0;1.0;4.0;2.0;3.0;0.0;1.0;4.0;0.0;2.0;1.0;0.0;2.0;0.0;2.0;1.0;0.0;2.0
2021/22;Lunedì;27;Settembre;Venezia;Torino;1;1;False;True;False;0;0;X;1;1;228;X;X;X;1;1;2;1;X;X;X;X;X;X;2;2;1;2;X;X;X;X;X;1.0;2.0;3.0;0.0;1.0;1.0;2.0;3.0;0.0;1.0;1.0;0.0;2.0;1.0;0.0;1.0;0.0;2.0;1.0;0.0
2021/22;Venerdì;1;Ottobre;Cagliari;Venezia;1;1;False;True;False;0;0;X;1;1;228;X;X;X;X;1;1;2;X;X;X;X;X;X;X;2;2;1;X;X;X;X;X;1.0;1.0;2.0;3.0;0.0;1.0;1.0;2.0;3.0;0.0;1.0;1.0;0.0;2.0;1.0;1.0;1.0;0.0;2.0;1.0
2021/22;Sabato;2;Ottobre;Salernitana;Genoa;1;0;True;False;False;1;-1;1;3;0;228;1;2;1;X;X;1;1;1;X;X;X;X;2;X;X;2;2;2;X;X;X;X;1.0;1.0;1.0;2.0;3.0;1.0;1.0;1.0;2.0;3.0;0.0;1.0;1.0;0.0;2.0;0.0;1.0;1.0;0.0;2.0
2021/22;Sabato;2;Ottobre;Torino;Juventus;0;1;False;False;True;-1;1;2;0;3;228;2;1;2;1;X;X;1;2;X;X;X;X;1;2;X;X;2;1;X;X;X;X;0.0;1.0;1.0;1.0;2.0;0.0;1.0;1.0;1.0;2.0;1.0;0.0;1.0;1.0;0.0;1.0;0.0;1.0;1.0;0.0
2021/22;Sabato;2;Ottobre;Sassuolo;Inter;1;2;False;False;True;-1;1;2;0;3;228;2;1;2;2;1;X;X;2;X;X;X;X;1;1;2;X;X;1;X;X;X;X;1.0;0.0;1.0;1.0;1.0;1.0;0.0;1.0;1.0;1.0;2.0;1.0;0.0;1.0;1.0;2.0;1.0;0.0;1.0;1.0
2021/22;Domenica;3;Ottobre;Bologna;Lazio;3;0;True;False;False;1;-1;1;3;0;228;1;2;1;2;2;1;X;1;X;X;X;X;2;1;1;2;X;2;X;X;X;X;3.0;1.0;0.0;1.0;1.0;3.0;1.0;0.0;1.0;1.0;0.0;2.0;1.0;0.0;1.0;0.0;2.0;1.0;0.0;1.0
2021/22;Domenica;3;Ottobre;Hellas Verona;Spezia;4;0;True;False;False;1;-1;1;3;0;228;1;2;1;1;2;2;1;1;X;X;X;X;2;2;1;1;2;2;X;X;X;X;4.0;3.0;1.0;0.0;1.0;4.0;3.0;1.0;0.0;1.0;0.0;0.0;2.0;1.0;0.0;0.0;0.0;2.0;1.0;0.0
2021/22;Domenica;3;Ottobre;Sampdoria;Udinese;3;3;False;True;False;0;0;X;1;1;228;X;X;X;1;1;2;2;X;X;X;X;X;X;2;2;1;1;X;X;X;X;X;3.0;4.0;3.0;1.0;0.0;3.0;4.0;3.0;1.0;0.0;3.0;0.0;0.0;2.0;1.0;3.0;0.0;0.0;2.0;1.0
2021/22;Domenica;3;Ottobre;Roma;Empoli;2;0;True;False;False;1;-1;1;3;0;228;1;2;1;X;1;1;2;1;X;X;X;X;2;X;2;2;1;2;X;X;X;X;2.0;3.0;4.0;3.0;1.0;2.0;3.0;4.0;3.0;1.0;0.0;3.0;0.0;0.0;2.0;0.0;3.0;0.0;0.0;2.0
2021/22;Domenica;3;Ottobre;Fiorentina;Napoli;1;2;False;False;True;-1;1;2;0;3;228;2;1;2;1;X;1;1;2;X;X;X;X;1;2;X;2;2;1;X;X;X;X;1.0;2.0;3.0;4.0;3.0;1.0;2.0;3.0;4.0;3.0;2.0;0.0;3.0;0.0;0.0;2.0;0.0;3.0;0.0;0.0
2021/22;Domenica;3;Ottobre;Atalanta;Milan;2;3;False;False;True;-1;1;2;0;3;228;2;1;2;2;1;X;1;2;X;X;X;X;1;1;2;X;2;1;X;X;X;X;2.0;1.0;2.0;3.0;4.0;2.0;1.0;2.0;3.0;4.0;3.0;2.0;0.0;3.0;0.0;3.0;2.0;0.0;3.0;0.0
2021/22;Sabato;16;Ottobre;Spezia;Salernitana;2;1;True;False;False;1;-1;1;3;0;228;1;2;1;2;2;1;X;1;X;X;X;X;2;1;1;2;X;2;X;X;X;X;2.0;2.0;1.0;2.0;3.0;2.0;2.0;1.0;2.0;3.0;1.0;3.0;2.0;0.0;3.0;1.0;3.0;2.0;0.0;3.0
2021/22;Sabato;16;Ottobre;Lazio;Inter;3;1;True;False;False;1;-1;1;3;0;228;1;2;1;1;2;2;1;1;X;X;X;X;2;2;1;1;2;2;X;X;X;X;3.0;2.0;2.0;1.0;2.0;3.0;2.0;2.0;1.0;2.0;1.0;1.0;3.0;2.0;0.0;1.0;1.0;3.0;2.0;0.0
2021/22;Sabato;16;Ottobre;Milan;Hellas Verona;3;2;True;False;False;1;-1;1;3;0;228;1;2;1;1;1;2;2;1;X;X;X;X;2;2;2;1;1;2;X;X;X;X;3.0;3.0;2.0;2.0;1.0;3.0;3.0;2.0;2.0;1.0;2.0;1.0;1.0;3.0;2.0;2.0;1.0;1.0;3.0;2.0
2021/22;Domenica;17;Ottobre;Cagliari;Sampdoria;3;1;True;False;False;1;-1;1;3;0;228;1;2;1;1;1;1;2;1;X;X;X;X;2;2;2;2;1;2;X;X;X;X;3.0;3.0;3.0;2.0;2.0;3.0;3.0;3.0;2.0;2.0;1.0;2.0;1.0;1.0;3.0;1.0;2.0;1.0;1.0;3.0
2021/22;Domenica;17;Ottobre;Empoli;Atalanta;1;4;False;False;True;-1;1;2;0;3;228;2;1;2;1;1;1;1;2;X;X;X;X;1;2;2;2;2;1;X;X;X;X;1.0;3.0;3.0;3.0;2.0;1.0;3.0;3.0;3.0;2.0;4.0;1.0;2.0;1.0;1.0;4.0;1.0;2.0;1.0;1.0
2021/22;Domenica;17;Ottobre;Genoa;Sassuolo;2;2;False;True;False;0;0;X;1;1;228;X;X;X;2;1;1;1;X;X;X;X;X;X;1;2;2;2;X;X;X;X;X;2.0;1.0;3.0;3.0;3.0;2.0;1.0;3.0;3.0;3.0;2.0;4.0;1.0;2.0;1.0;2.0;4.0;1.0;2.0;1.0
2021/22;Domenica;17;Ottobre;Udinese;Bologna;1;1;False;True;False;0;0;X;1;1;228;X;X;X;X;2;1;1;X;X;X;X;X;X;X;1;2;2;X;X;X;X;X;1.0;2.0;1.0;3.0;3.0;1.0;2.0;1.0;3.0;3.0;1.0;2.0;4.0;1.0;2.0;1.0;2.0;4.0;1.0;2.0
2021/22;Domenica;17;Ottobre;Napoli;Torino;1;0;True;False;False;1;-1;1;3;0;228;1;2;1;X;X;2;1;1;X;X;X;X;2;X;X;1;2;2;X;X;X;X;1.0;1.0;2.0;1.0;3.0;1.0;1.0;2.0;1.0;3.0;0.0;1.0;2.0;4.0;1.0;0.0;1.0;2.0;4.0;1.0
2021/22;Domenica;17;Ottobre;Juventus;Roma;1;0;True;False;False;1;-1;1;3;0;228;1;2;1;1;X;X;2;1;X;X;X;X;2;2;X;X;1;2;X;X;X;X;1.0;1.0;1.0;2.0;1.0;1.0;1.0;1.0;2.0;1.0;0.0;0.0;1.0;2.0;4.0;0.0;0.0;1.0;2.0;4.0
2021/22;Lunedì;18;Ottobre;Venezia;Fiorentina;1;0;True;False;False;1;-1;1;3;0;228;1;2;1;1;1;X;X;1;X;X;X;X;2;2;2;X;X;2;X;X;X;X;1.0;1.0;1.0;1.0;2.0;1.0;1.0;1.0;1.0;2.0;0.0;0.0;0.0;1.0;2.0;0.0;0.0;0.0;1.0;2.0
2021/22;Venerdì;22;Ottobre;Torino;Genoa;3;2;True;False;False;1;-1;1;3;0;228;1;2;1;1;1;1;X;1;X;X;X;X;2;2;2;2;X;2;X;X;X;X;3.0;1.0;1.0;1.0;1.0;3.0;1.0;1.0;1.0;1.0;2.0;0.0;0.0;0.0;1.0;2.0;0.0;0.0;0.0;1.0
2021/22;Venerdì;22;Ottobre;Sampdoria;Spezia;2;1;True;False;False;1;-1;1;3;0;228;1;2;1;1;1;1;1;1;X;X;X;X;2;2;2;2;2;2;X;X;X;X;2.0;3.0;1.0;1.0;1.0;2.0;3.0;1.0;1.0;1.0;1.0;2.0;0.0;0.0;0.0;1.0;2.0;0.0;0.0;0.0
2021/22;Sabato;23;Ottobre;Salernitana;Empoli;2;4;False;False;True;-1;1;2;0;3;228;2;1;2;1;1;1;1;2;X;X;X;X;1;2;2;2;2;1;X;X;X;X;2.0;2.0;3.0;1.0;1.0;2.0;2.0;3.0;1.0;1.0;4.0;1.0;2.0;0.0;0.0;4.0;1.0;2.0;0.0;0.0
2021/22;Sabato;23;Ottobre;Sassuolo;Venezia;3;1;True;False;False;1;-1;1;3;0;228;1;2;1;2;1;1;1;1;X;X;X;X;2;1;2;2;2;2;X;X;X;X;3.0;2.0;2.0;3.0;1.0;3.0;2.0;2.0;3.0;1.0;1.0;4.0;1.0;2.0;0.0;1.0;4.0;1.0;2.0;0.0
2021/22;Sabato;23;Ottobre;Bologna;Milan;2;4;False;False;True;-1;1;2;0;3;228;2;1;2;1;2;1;1;2;X;X;X;X;1;2;1;2;2;1;X;X;X;X;2.0;3.0;2.0;2.0;3.0;2.0;3.0;2.0;2.0;3.0;4.0;1.0;4.0;1.0;2.0;4.0;1.0;4.0;1.0;2.0
2021/22;Domenica;24;Ottobre;Atalanta;Udinese;1;1;False;True;False;0;0;X;1;1;228;X;X;X;2;1;2;1;X;X;X;X;X;X;1;2;1;2;X;X;X;X;X;1.0;2.0;3.0;2.0;2.0;1.0;2.0;3.0;2.0;2.0;1.0;4.0;1.0;4.0;1.0;1.0;4.0;1.0;4.0;1.0
2021/22;Domenica;24;Ottobre;Fiorentina;Cagliari;3;0;True;False;False;1;-1;1;3;0;228;1;2;1;X;2;1;2;1;X;X;X;X;2;X;1;2;1;2;X;X;X;X;3.0;1.0;2.0;3.0;2.0;3.0;1.0;2.0;3.0;2.0;0.0;1.0;4.0;1.0;4.0;0.0;1.0;4.0;1.0;4.0
2021/22;Domenica;24;Ottobre;Hellas Verona;Lazio;4;1;True;False;False;1;-1;1;3;0;228;1;2;1;1;X;2;1;1;X;X;X;X;2;2;X;1;2;2;X;X;X;X;4.0;3.0;1.0;2.0;3.0;4.0;3.0;1.0;2.0;3.0;1.0;0.0;1.0;4.0;1.0;1.0;0.0;1.0;4.0;1.0
2021/22;Domenica;24;Ottobre;Roma;Napoli;0;0;False;True;False;0;0;X;1;1;228;X;X;X;1;1;X;2;X;X;X;X;X;X;2;2;X;1;X;X;X;X;X;0.0;4.0;3.0;1.0;2.0;0.0;4.0;3.0;1.0;2.0;0.0;1.0;0.0;1.0;4.0;0.0;1.0;0.0;1.0;4.0
2021/22;Domenica;24;Ottobre;Inter;Juventus;1;1;False;True;False;0;0;X;1;1;228;X;X;X;X;1;1;X;X;X;X;X;X;X;X;2;2;X;X;X;X;X;X;1.0;0.0;4.0;3.0;1.0;1.0;0.0;4.0;3.0;1.0;1.0;0.0;1.0;0.0;1.0;1.0;0.0;1.0;0.0;1.0
2021/22;Martedì;26;Ottobre;Spezia;Genoa;1;1;False;True;False;0;0;X;1;1;228;X;X;X;X;X;1;1;X;X;X;X;X;X;X;X;2;2;X;X;X;X;X;1.0;1.0;0.0;4.0;3.0;1.0;1.0;0.0;4.0;3.0;1.0;1.0;0.0;1.0;0.0;1.0;1.0;0.0;1.0;0.0
2021/22;Martedì;26;Ottobre;Venezia;Salernitana;1;2;False;False;True;-1;1;2;0;3;228;2;1;2;X;X;X;1;2;X;X;X;X;1;X;X;X;2;1;X;X;X;X;1.0;1.0;1.0;0.0;4.0;1.0;1.0;1.0;0.0;4.0;2.0;1.0;1.0;0.0;1.0;2.0;1.0;1.0;0.0;1.0
2021/22;Martedì;26;Ottobre;Milan;Torino;1;0;True;False;False;1;-1;1;3;0;228;1;2;1;2;X;X;X;1;X;X;X;X;2;1;X;X;X;2;X;X;X;X;1.0;1.0;1.0;1.0;0.0;1.0;1.0;1.0;1.0;0.0;0.0;2.0;1.0;1.0;0.0;0.0;2.0;1.0;1.0;0.0
2021/22;Mercoledì;27;Ottobre;Juventus;Sassuolo;1;2;False;False;True;-1;1;2;0;3;228;2;1;2;1;2;X;X;2;X;X;X;X;1;2;1;X;X;1;X;X;X;X;1.0;1.0;1.0;1.0;1.0;1.0;1.0;1.0;1.0;1.0;2.0;0.0;2.0;1.0;1.0;2.0;0.0;2.0;1.0;1.0
2021/22;Mercoledì;27;Ottobre;Sampdoria;Atalanta;1;3;False;False;True;-1;1;2;0;3;228;2;1;2;2;1;2;X;2;X;X;X;X;1;1;2;1;X;1;X;X;X;X;1.0;1.0;1.0;1.0;1.0;1.0;1.0;1.0;1.0;1.0;3.0;2.0;0.0;2.0;1.0;3.0;2.0;0.0;2.0;1.0
2021/22;Mercoledì;27;Ottobre;Udinese;Hellas Verona;1;1;False;True;False;0;0;X;1;1;228;X;X;X;2;2;1;2;X;X;X;X;X;X;1;1;2;1;X;X;X;X;X;1.0;1.0;1.0;1.0;1.0;1.0;1.0;1.0;1.0;1.0;1.0;3.0;2.0;0.0;2.0;1.0;3.0;2.0;0.0;2.0
2021/22;Mercoledì;27;Ottobre;Cagliari;Roma;1;2;False;False;True;-1;1;2;0;3;228;2;1;2;X;2;2;1;2;X;X;X;X;1;X;1;1;2;1;X;X;X;X;1.0;1.0;1.0;1.0;1.0;1.0;1.0;1.0;1.0;1.0;2.0;1.0;3.0;2.0;0.0;2.0;1.0;3.0;2.0;0.0
2021/22;Mercoledì;27;Ottobre;Empoli;Inter;0;2;False;False;True;-1;1;2;0;3;228;2;1;2;2;X;2;2;2;X;X;X;X;1;1;X;1;1;1;X;X;X;X;0.0;1.0;1.0;1.0;1.0;0.0;1.0;1.0;1.0;1.0;2.0;2.0;1.0;3.0;2.0;2.0;2.0;1.0;3.0;2.0
2021/22;Mercoledì;27;Ottobre;Lazio;Fiorentina;1;0;True;False;False;1;-1;1;3;0;228;1;2;1;2;2;X;2;1;X;X;X;X;2;1;1;X;1;2;X;X;X;X;1.0;0.0;1.0;1.0;1.0;1.0;0.0;1.0;1.0;1.0;0.0;2.0;2.0;1.0;3.0;0.0;2.0;2.0;1.0;3.0
2021/22;Giovedì;28;Ottobre;Napoli;Bologna;3;0;True;False;False;1;-1;1;3;0;228;1;2;1;1;2;2;X;1;X;X;X;X;2;2;1;1;X;2;X;X;X;X;3.0;1.0;0.0;1.0;1.0;3.0;1.0;0.0;1.0;1.0;0.0;0.0;2.0;2.0;1.0;0.0;0.0;2.0;2.0;1.0
2021/22;Sabato;30;Ottobre;Atalanta;Lazio;2;2;False;True;False;0;0;X;1;1;228;X;X;X;1;1;2;2;X;X;X;X;X;X;2;2;1;1;X;X;X;X;X;2.0;3.0;1.0;0.0;1.0;2.0;3.0;1.0;0.0;1.0;2.0;0.0;0.0;2.0;2.0;2.0;0.0;0.0;2.0;2.0
2021/22;Sabato;30;Ottobre;Hellas Verona;Juventus;2;1;True;False;False;1;-1;1;3;0;228;1;2;1;X;1;1;2;1;X;X;X;X;2;X;2;2;1;2;X;X;X;X;2.0;2.0;3.0;1.0;0.0;2.0;2.0;3.0;1.0;0.0;1.0;2.0;0.0;0.0;2.0;1.0;2.0;0.0;0.0;2.0
2021/22;Sabato;30;Ottobre;Torino;Sampdoria;3;0;True;False;False;1;-1;1;3;0;228;1;2;1;1;X;1;1;1;X;X;X;X;2;2;X;2;2;2;X;X;X;X;3.0;2.0;2.0;3.0;1.0;3.0;2.0;2.0;3.0;1.0;0.0;1.0;2.0;0.0;0.0;0.0;1.0;2.0;0.0;0.0
2021/22;Domenica;31;Ottobre;Inter;Udinese;2;0;True;False;False;1;-1;1;3;0;228;1;2;1;1;1;X;1;1;X;X;X;X;2;2;2;X;2;2;X;X;X;X;2.0;3.0;2.0;2.0;3.0;2.0;3.0;2.0;2.0;3.0;0.0;0.0;1.0;2.0;0.0;0.0;0.0;1.0;2.0;0.0
2021/22;Domenica;31;Ottobre;Fiorentina;Spezia;3;0;True;False;False;1;-1;1;3;0;228;1;2;1;1;1;1;X;1;X;X;X;X;2;2;2;2;X;2;X;X;X;X;3.0;2.0;3.0;2.0;2.0;3.0;2.0;3.0;2.0;2.0;0.0;0.0;0.0;1.0;2.0;0.0;0.0;0.0;1.0;2.0
2021/22;Domenica;31;Ottobre;Genoa;Venezia;0;0;False;True;False;0;0;X;1;1;228;X;X;X;1;1;1;1;X;X;X;X;X;X;2;2;2;2;X;X;X;X;X;0.0;3.0;2.0;3.0;2.0;0.0;3.0;2.0;3.0;2.0;0.0;0.0;0.0;0.0;1.0;0.0;0.0;0.0;0.0;1.0
2021/22;Domenica;31;Ottobre;Sassuolo;Empoli;1;2;False;False;True;-1;1;2;0;3;228;2;1;2;X;1;1;1;2;X;X;X;X;1;X;2;2;2;1;X;X;X;X;1.0;0.0;3.0;2.0;3.0;1.0;0.0;3.0;2.0;3.0;2.0;0.0;0.0;0.0;0.0;2.0;0.0;0.0;0.0;0.0
2021/22;Domenica;31;Ottobre;Salernitana;Napoli;0;1;False;False;True;-1;1;2;0;3;228;2;1;2;2;X;1;1;2;X;X;X;X;1;1;X;2;2;1;X;X;X;X;0.0;1.0;0.0;3.0;2.0;0.0;1.0;0.0;3.0;2.0;1.0;2.0;0.0;0.0;0.0;1.0;2.0;0.0;0.0;0.0
2021/22;Domenica;31;Ottobre;Roma;Milan;1;2;False;False;True;-1;1;2;0;3;228;2;1;2;2;2;X;1;2;X;X;X;X;1;1;1;X;2;1;X;X;X;X;1.0;0.0;1.0;0.0;3.0;1.0;0.0;1.0;0.0;3.0;2.0;1.0;2.0;0.0;0.0;2.0;1.0;2.0;0.0;0.0
2021/22;Lunedì;1;Novmbre;Bologna;Cagliari;2;0;True;False;False;1;-1;1;3;0;228;1;2;1;2;2;2;X;1;X;X;X;X;2;1;1;1;X;2;X;X;X;X;2.0;1.0;0.0;1.0;0.0;2.0;1.0;0.0;1.0;0.0;0.0;2.0;1.0;2.0;0.0;0.0;2.0;1.0;2.0;0.0
2021/22;Venerdì;5;Novmbre;Empoli;Genoa;2;2;False;True;False;0;0;X;1;1;228;X;X;X;1;2;2;2;X;X;X;X;X;X;2;1;1;1;X;X;X;X;X;2.0;2.0;1.0;0.0;1.0;2.0;2.0;1.0;0.0;1.0;2.0;0.0;2.0;1.0;2.0;2.0;0.0;2.0;1.0;2.0
2021/22;Sabato;6;Novmbre;Spezia;Torino;1;0;True;False;False;1;-1;1;3;0;228;1;2;1;X;1;2;2;1;X;X;X;X;2;X;2;1;1;2;X;X;X;X;1.0;2.0;2.0;1.0;0.0;1.0;2.0;2.0;1.0;0.0;0.0;2.0;0.0;2.0;1.0;0.0;2.0;0.0;2.0;1.0
2021/22;Sabato;6;Novmbre;Juventus;Fiorentina;1;0;True;False;False;1;-1;1;3;0;228;1;2;1;1;X;1;2;1;X;X;X;X;2;2;X;2;1;2;X;X;X;X;1.0;1.0;2.0;2.0;1.0;1.0;1.0;2.0;2.0;1.0;0.0;0.0;2.0;0.0;2.0;0.0;0.0;2.0;0.0;2.0
2021/22;Sabato;6;Novmbre;Cagliari;Atalanta;1;2;False;False;True;-1;1;2;0;3;228;2;1;2;1;1;X;1;2;X;X;X;X;1;2;2;X;2;1;X;X;X;X;1.0;1.0;1.0;2.0;2.0;1.0;1.0;1.0;2.0;2.0;2.0;0.0;0.0;2.0;0.0;2.0;0.0;0.0;2.0;0.0
2021/22;Domenica;7;Novmbre;Venezia;Roma;3;2;True;False;False;1;-1;1;3;0;228;1;2;1;2;1;1;X;1;X;X;X;X;2;1;2;2;X;2;X;X;X;X;3.0;1.0;1.0;1.0;2.0;3.0;1.0;1.0;1.0;2.0;2.0;2.0;0.0;0.0;2.0;2.0;2.0;0.0;0.0;2.0
2021/22;Domenica;7;Novmbre;Sampdoria;Bologna;1;2;False;False;True;-1;1;2;0;3;228;2;1;2;1;2;1;1;2;X;X;X;X;1;2;1;2;2;1;X;X;X;X;1.0;3.0;1.0;1.0;1.0;1.0;3.0;1.0;1.0;1.0;2.0;2.0;2.0;0.0;0.0;2.0;2.0;2.0;0.0;0.0
2021/22;Domenica;7;Novmbre;Udinese;Sassuolo;3;2;True;False;False;1;-1;1;3;0;228;1;2;1;2;1;2;1;1;X;X;X;X;2;1;2;1;2;2;X;X;X;X;3.0;1.0;3.0;1.0;1.0;3.0;1.0;3.0;1.0;1.0;2.0;2.0;2.0;2.0;0.0;2.0;2.0;2.0;2.0;0.0
2021/22;Domenica;7;Novmbre;Lazio;Salernitana;3;0;True;False;False;1;-1;1;3;0;228;1;2;1;1;2;1;2;1;X;X;X;X;2;2;1;2;1;2;X;X;X;X;3.0;3.0;1.0;3.0;1.0;3.0;3.0;1.0;3.0;1.0;0.0;2.0;2.0;2.0;2.0;0.0;2.0;2.0;2.0;2.0
2021/22;Domenica;7;Novmbre;Napoli;Hellas Verona;1;1;False;True;False;0;0;X;1;1;228;X;X;X;1;1;2;1;X;X;X;X;X;X;2;2;1;2;X;X;X;X;X;1.0;3.0;3.0;1.0;3.0;1.0;3.0;3.0;1.0;3.0;1.0;0.0;2.0;2.0;2.0;1.0;0.0;2.0;2.0;2.0
2021/22;Domenica;7;Novmbre;Milan;Inter;1;1;False;True;False;0;0;X;1;1;228;X;X;X;X;1;1;2;X;X;X;X;X;X;X;2;2;1;X;X;X;X;X;1.0;1.0;3.0;3.0;1.0;1.0;1.0;3.0;3.0;1.0;1.0;1.0;0.0;2.0;2.0;1.0;1.0;0.0;2.0;2.0
2021/22;Sabato;20;Novmbre;Atalanta;Spezia;5;2;True;False;False;1;-1;1;3;0;228;1;2;1;X;X;1;1;1;X;X;X;X;2;X;X;2;2;2;X;X;X;X;5.0;1.0;1.0;3.0;3.0;5.0;1.0;1.0;3.0;3.0;2.0;1.0;1.0;0.0;2.0;2.0;1.0;1.0;0.0;2.0
2021/22;Sabato;20;Novmbre;Lazio;Juventus;0;2;False;False;True;-1;1;2;0;3;228;2;1;2;1;X;X;1;2;X;X;X;1;1;2;X;X;2;1;X;X;X;X;0.0;5.0;1.0;1.0;3.0;0.0;5.0;1.0;1.0;3.0;2.0;2.0;1.0;1.0;0.0;2.0;2.0;1.0;1.0;0.0
2021/22;Sabato;20;Novmbre;Fiorentina;Milan;4;3;True;False;False;1;-1;1;3;0;228;1;2;1;2;1;X;X;1;X;X;X;X;2;1;2;X;X;2;X;X;X;X;4.0;0.0;5.0;1.0;1.0;4.0;0.0;5.0;1.0;1.0;3.0;2.0;2.0;1.0;1.0;3.0;2.0;2.0;1.0;1.0
2021/22;Domenica;21;Novmbre;Sassuolo;Cagliari;2;2;False;True;False;0;0;X;1;1;228;X;X;X;1;2;1;X;X;X;X;X;X;X;2;1;2;X;X;X;X;X;X;2.0;4.0;0.0;5.0;1.0;2.0;4.0;0.0;5.0;1.0;2.0;3.0;2.0;2.0;1.0;2.0;3.0;2.0;2.0;1.0
2021/22;Domenica;21;Novmbre;Bologna;Venezia;0;1;False;False;True;-1;1;2;0;3;228;2;1;2;X;1;2;1;2;X;X;X;X;1;X;2;1;2;1;X;X;X;X;0.0;2.0;4.0;0.0;5.0;0.0;2.0;4.0;0.0;5.0;1.0;2.0;3.0;2.0;2.0;1.0;2.0;3.0;2.0;2.0
2021/22;Domenica;21;Novmbre;Salernitana;Sampdoria;0;2;False;False;True;-1;1;2;0;3;228;2;1;2;2;X;1;2;2;X;X;X;X;1;1;X;2;1;1;X;X;X;X;0.0;0.0;2.0;4.0;0.0;0.0;0.0;2.0;4.0;0.0;2.0;1.0;2.0;3.0;2.0;2.0;1.0;2.0;3.0;2.0
2021/22;Domenica;21;Novmbre;Inter;Napoli;3;2;True;False;False;1;-1;1;3;0;228;1;2;1;2;2;X;1;1;X;X;X;X;2;1;1;X;2;2;X;X;X;X;3.0;0.0;0.0;2.0;4.0;3.0;0.0;0.0;2.0;4.0;2.0;2.0;1.0;2.0;3.0;2.0;2.0;1.0;2.0;3.0
2021/22;Domenica;21;Novmbre;Genoa;Roma;0;2;False;False;True;-1;1;2;0;3;228;2;1;2;1;2;2;X;2;X;X;X;X;1;2;1;1;X;1;X;X;X;X;0.0;3.0;0.0;0.0;2.0;0.0;3.0;0.0;0.0;2.0;2.0;2.0;2.0;1.0;2.0;2.0;2.0;2.0;1.0;2.0
2021/22;Lunedì;22;Novmbre;Hellas Verona;Empoli;2;1;True;False;False;1;-1;1;3;0;228;1;2;1;2;1;2;2;1;X;X;X;X;2;1;2;1;1;2;X;X;X;X;2.0;0.0;3.0;0.0;0.0;2.0;0.0;3.0;0.0;0.0;1.0;2.0;2.0;2.0;1.0;1.0;2.0;2.0;2.0;1.0
2021/22;Lunedì;22;Novmbre;Torino;Udinese;2;1;True;False;False;1;-1;1;3;0;228;1;2;1;1;2;1;2;1;X;X;X;X;2;2;1;2;1;2;X;X;X;X;2.0;2.0;0.0;3.0;0.0;2.0;2.0;0.0;3.0;0.0;1.0;1.0;2.0;2.0;2.0;1.0;1.0;2.0;2.0;2.0
2021/22;Venerdì;26;Novmbre;Cagliari;Salernitana;1;1;False;True;False;0;0;X;1;1;228;X;X;X;1;1;2;1;X;X;X;X;X;X;2;2;1;2;X;X;X;X;X;1.0;2.0;2.0;0.0;3.0;1.0;2.0;2.0;0.0;3.0;1.0;1.0;1.0;2.0;2.0;1.0;1.0;1.0;2.0;2.0
2021/22;Sabato;27;Novmbre;Empoli;Fiorentina;2;1;True;False;False;1;-1;1;3;0;228;1;2;1;X;1;1;2;1;X;X;X;X;2;X;2;2;1;2;X;X;X;X;2.0;1.0;2.0;2.0;0.0;2.0;1.0;2.0;2.0;0.0;1.0;1.0;1.0;1.0;2.0;1.0;1.0;1.0;1.0;2.0
2021/22;Sabato;27;Novmbre;Sampdoria;Hellas Verona;3;1;True;False;False;1;-1;1;3;0;228;1;2;1;1;X;1;1;1;X;X;X;X;2;2;X;2;2;2;X;X;X;X;3.0;2.0;1.0;2.0;2.0;3.0;2.0;1.0;2.0;2.0;1.0;1.0;1.0;1.0;1.0;1.0;1.0;1.0;1.0;1.0
2021/22;Sabato;27;Novmbre;Juventus;Atalanta;0;1;False;False;True;-1;1;2;0;3;228;2;1;2;1;1;X;1;2;X;X;X;X;1;2;2;X;2;1;X;X;X;X;0.0;3.0;2.0;1.0;2.0;0.0;3.0;2.0;1.0;2.0;1.0;1.0;1.0;1.0;1.0;1.0;1.0;1.0;1.0;1.0
2021/22;Sabato;27;Novmbre;Venezia;Inter;0;2;False;False;True;-1;1;2;0;3;228;2;1;2;2;1;1;X;2;X;X;X;X;1;1;2;2;X;1;X;X;X;X;0.0;0.0;3.0;2.0;1.0;0.0;0.0;3.0;2.0;1.0;2.0;1.0;1.0;1.0;1.0;2.0;1.0;1.0;1.0;1.0
2021/22;Domenica;28;Novmbre;Udinese;Genoa;0;0;False;True;False;0;0;X;1;1;228;X;X;X;2;2;1;1;X;X;X;X;X;X;1;1;2;2;X;X;X;X;X;0.0;0.0;0.0;3.0;2.0;0.0;0.0;0.0;3.0;2.0;0.0;2.0;1.0;1.0;1.0;0.0;2.0;1.0;1.0;1.0
2021/22;Domenica;28;Novmbre;Milan;Sassuolo;1;3;False;False;True;-1;1;2;0;3;228;2;1;2;X;2;2;1;2;X;X;X;X;1;X;1;1;2;1;X;X;X;X;1.0;0.0;0.0;0.0;3.0;1.0;0.0;0.0;0.0;3.0;3.0;0.0;2.0;1.0;1.0;3.0;0.0;2.0;1.0;1.0
2021/22;Domenica;28;Novmbre;Spezia;Bologna;0;1;False;False;True;-1;1;2;0;3;228;2;1;2;2;X;2;2;2;X;X;X;X;1;1;X;1;1;1;X;X;X;X;0.0;1.0;0.0;0.0;0.0;0.0;1.0;0.0;0.0;0.0;1.0;3.0;0.0;2.0;1.0;1.0;3.0;0.0;2.0;1.0
2021/22;Domenica;28;Novmbre;Roma;Torino;1;0;True;False;False;1;-1;1;3;0;228;1;2;1;2;2;X;2;1;X;X;X;X;2;1;1;X;1;2;X;X;X;X;1.0;0.0;1.0;0.0;0.0;1.0;0.0;1.0;0.0;0.0;0.0;1.0;3.0;0.0;2.0;0.0;1.0;3.0;0.0;2.0
2021/22;Domenica;28;Novmbre;Napoli;Lazio;4;0;True;False;False;1;-1;1;3;0;228;1;2;1;1;2;2;X;1;X;X;X;X;2;2;1;1;X;2;X;X;X;X;4.0;1.0;0.0;1.0;0.0;4.0;1.0;0.0;1.0;0.0;0.0;0.0;1.0;3.0;0.0;0.0;0.0;1.0;3.0;0.0
2021/22;Martedì;30;Novmbre;Atalanta;Venezia;4;0;True;False;False;1;-1;1;3;0;228;1;2;1;1;1;2;2;1;X;X;X;X;2;2;2;1;1;2;X;X;X;X;4.0;4.0;1.0;0.0;1.0;4.0;4.0;1.0;0.0;1.0;0.0;0.0;0.0;1.0;3.0;0.0;0.0;0.0;1.0;3.0
2021/22;Martedì;30;Novmbre;Fiorentina;Sampdoria;3;1;True;False;False;1;-1;1;3;0;228;1;2;1;1;1;1;2;1;X;X;X;X;2;2;2;2;1;2;X;X;X;X;3.0;4.0;4.0;1.0;0.0;3.0;4.0;4.0;1.0;0.0;1.0;0.0;0.0;0.0;1.0;1.0;0.0;0.0;0.0;1.0
2021/22;Martedì;30;Novmbre;Hellas Verona;Cagliari;0;0;False;True;False;0;0;X;1;1;228;X;X;X;1;1;1;1;X;X;X;X;X;X;2;2;2;2;X;X;X;X;X;0.0;3.0;4.0;4.0;1.0;0.0;3.0;4.0;4.0;1.0;0.0;1.0;0.0;0.0;0.0;0.0;1.0;0.0;0.0;0.0
2021/22;Martedì;30;Novmbre;Salernitana;Juventus;0;2;False;False;True;-1;1;2;0;3;228;2;1;2;X;1;1;1;2;X;X;X;X;1;X;2;2;2;1;X;X;X;X;0.0;0.0;3.0;4.0;4.0;0.0;0.0;3.0;4.0;4.0;2.0;0.0;1.0;0.0;0.0;2.0;0.0;1.0;0.0;0.0
2021/22;Mercoledì;1;Dicembre;Bologna;Roma;1;0;True;False;False;1;-1;1;3;0;228;1;2;1;2;X;1;1;1;X;X;X;X;2;1;X;2;2;2;X;X;X;X;1.0;0.0;0.0;3.0;4.0;1.0;0.0;0.0;3.0;4.0;0.0;2.0;0.0;1.0;0.0;0.0;2.0;0.0;1.0;0.0
2021/22;Mercoledì;1;Dicembre;Inter;Spezia;2;0;True;False;False;1;-1;1;3;0;228;1;2;1;1;2;X;1;1;X;X;X;X;2;2;1;X;2;2;X;X;X;X;2.0;1.0;0.0;0.0;3.0;2.0;1.0;0.0;0.0;3.0;0.0;0.0;2.0;0.0;1.0;0.0;0.0;2.0;0.0;1.0
2021/22;Mercoledì;1;Dicembre;Genoa;Milan;0;3;False;False;True;-1;1;2;0;3;228;2;1;2;1;1;2;X;2;X;X;X;X;1;2;2;1;X;1;X;X;X;X;0.0;2.0;1.0;0.0;0.0;0.0;2.0;1.0;0.0;0.0;3.0;0.0;0.0;2.0;0.0;3.0;0.0;0.0;2.0;0.0
2021/22;Mercoledì;1;Dicembre;Sassuolo;Napoli;2;2;False;True;False;0;0;X;1;1;228;X;X;X;2;1;1;2;X;X;X;X;X;X;1;2;2;1;X;X;X;X;X;2.0;0.0;2.0;1.0;0.0;2.0;0.0;2.0;1.0;0.0;2.0;3.0;0.0;0.0;2.0;2.0;3.0;0.0;0.0;2.0
2021/22;Giovedì;2;Dicembre;Torino;Empoli;2;2;False;True;False;0;0;X;1;1;228;X;X;X;X;2;1;1;X;X;X;X;X;X;X;1;2;2;X;X;X;X;X;2.0;2.0;0.0;2.0;1.0;2.0;2.0;0.0;2.0;1.0;2.0;2.0;3.0;0.0;0.0;2.0;2.0;3.0;0.0;0.0
2021/22;Giovedì;2;Dicembre;Lazio;Udinese;4;4;False;True;False;0;0;X;1;1;228;X;X;X;X;X;2;1;X;X;X;X;X;X;X;X;1;2;X;X;X;X;X;4.0;2.0;2.0;0.0;2.0;4.0;2.0;2.0;0.0;2.0;4.0;2.0;2.0;3.0;0.0;4.0;2.0;2.0;3.0;0.0
2021/22;Sabato;4;Dicembre;Milan;Salernitana;2;0;True;False;False;1;-1;1;3;0;228;1;2;1;X;X;X;2;1;X;X;X;X;2;X;X;X;1;2;X;X;X;X;2.0;4.0;2.0;2.0;0.0;2.0;4.0;2.0;2.0;0.0;0.0;4.0;2.0;2.0;3.0;0.0;4.0;2.0;2.0;3.0
2021/22;Sabato;4;Dicembre;Roma;Inter;0;3;False;False;True;-1;1;2;0;3;228;2;1;2;1;X;X;X;2;X;X;X;X;1;2;X;X;X;1;X;X;X;X;0.0;2.0;4.0;2.0;2.0;0.0;2.0;4.0;2.0;2.0;3.0;0.0;4.0;2.0;2.0;3.0;0.0;4.0;2.0;2.0
2021/22;Sabato;4;Dicembre;Napoli;Atalanta;2;3;False;False;True;-1;1;2;0;3;228;2;1;2;2;1;X;X;2;X;X;X;X;1;1;2;X;X;1;X;X;X;X;2.0;0.0;2.0;4.0;2.0;2.0;0.0;2.0;4.0;2.0;3.0;3.0;0.0;4.0;2.0;3.0;3.0;0.0;4.0;2.0
2021/22;Domenica;5;Dicembre;Bologna;Fiorentina;2;3;False;False;True;-1;1;2;0;3;228;2;1;2;2;2;1;X;2;X;X;X;X;1;1;1;2;X;1;X;X;X;X;2.0;2.0;0.0;2.0;4.0;2.0;2.0;0.0;2.0;4.0;3.0;3.0;3.0;0.0;4.0;3.0;3.0;3.0;0.0;4.0
2021/22;Domenica;5;Dicembre;Spezia;Sassuolo;2;2;False;True;False;0;0;X;1;1;228;X;X;X;2;2;2;1;X;X;X;X;X;X;1;1;1;2;X;X;X;X;X;2.0;2.0;2.0;0.0;2.0;2.0;2.0;2.0;0.0;2.0;2.0;3.0;3.0;3.0;0.0;2.0;3.0;3.0;3.0;0.0
2021/22;Domenica;5;Dicembre;Venezia;Hellas Verona;3;4;False;False;True;-1;1;2;0;3;228;2;1;2;X;2;2;2;2;X;X;X;X;1;X;1;1;1;1;X;X;X;X;3.0;2.0;2.0;2.0;0.0;3.0;2.0;2.0;2.0;0.0;4.0;2.0;3.0;3.0;3.0;4.0;2.0;3.0;3.0;3.0
2021/22;Domenica;5;Dicembre;Sampdoria;Lazio;1;3;False;False;True;-1;1;2;0;3;228;2;1;2;2;X;2;2;2;X;X;X;X;1;1;X;1;1;1;X;X;X;X;1.0;3.0;2.0;2.0;2.0;1.0;3.0;2.0;2.0;2.0;3.0;4.0;2.0;3.0;3.0;3.0;4.0;2.0;3.0;3.0
2021/22;Domenica;5;Dicembre;Juventus;Genoa;2;0;True;False;False;1;-1;1;3;0;228;1;2;1;2;2;X;2;1;X;X;X;X;2;1;1;X;1;2;X;X;X;X;2.0;1.0;3.0;2.0;2.0;2.0;1.0;3.0;2.0;2.0;0.0;3.0;4.0;2.0;3.0;0.0;3.0;4.0;2.0;3.0
2021/22;Lunedì;6;Dicembre;Empoli;Udinese;3;1;True;False;False;1;-1;1;3;0;228;1;2;1;1;2;2;X;1;X;X;X;X;2;2;1;1;X;2;X;X;X;X;3.0;2.0;1.0;3.0;2.0;3.0;2.0;1.0;3.0;2.0;1.0;0.0;3.0;4.0;2.0;1.0;0.0;3.0;4.0;2.0
2021/22;Lunedì;6;Dicembre;Cagliari;Torino;1;1;False;True;False;0;0;X;1;1;228;X;X;X;1;1;2;2;X;X;X;X;X;X;2;2;1;1;X;X;X;X;X;1.0;3.0;2.0;1.0;3.0;1.0;3.0;2.0;1.0;3.0;1.0;1.0;0.0;3.0;4.0;1.0;1.0;0.0;3.0;4.0
2021/22;Venerdì;10;Dicembre;Genoa;Sampdoria;1;3;False;False;True;-1;1;2;0;3;228;2;1;2;X;1;1;2;2;X;X;X;X;1;X;2;2;1;1;X;X;X;X;1.0;1.0;3.0;2.0;1.0;1.0;1.0;3.0;2.0;1.0;3.0;1.0;1.0;0.0;3.0;3.0;1.0;1.0;0.0;3.0
2021/22;Sabato;11;Dicembre;Fiorentina;Salernitana;4;0;True;False;False;1;-1;1;3;0;228;1;2;1;2;X;1;1;1;X;X;X;X;2;1;X;2;2;2;X;X;X;X;4.0;1.0;1.0;3.0;2.0;4.0;1.0;1.0;3.0;2.0;0.0;3.0;1.0;1.0;0.0;0.0;3.0;1.0;1.0;0.0
2021/22;Sabato;11;Dicembre;Venezia;Juventus;1;1;False;True;False;0;0;X;1;1;228;X;X;X;1;2;X;1;X;X;X;X;X;X;2;1;X;2;X;X;X;X;X;1.0;4.0;1.0;1.0;3.0;1.0;4.0;1.0;1.0;3.0;1.0;0.0;3.0;1.0;1.0;1.0;0.0;3.0;1.0;1.0
2021/22;Sabato;11;Dicembre;Udinese;Milan;1;1;False;True;False;0;0;X;1;1;228;X;X;X;X;1;2;X;X;X;X;X;X;X;X;2;1;X;X;X;X;X;X;1.0;1.0;4.0;1.0;1.0;1.0;1.0;4.0;1.0;1.0;1.0;1.0;0.0;3.0;1.0;1.0;1.0;0.0;3.0;1.0
2021/22;Domenica;12;Dicembre;Torino;Bologna;2;1;True;False;False;1;-1;1;3;0;228;1;2;1;X;X;1;2;1;X;X;X;X;2;X;X;2;1;2;X;X;X;X;2.0;1.0;1.0;4.0;1.0;2.0;1.0;1.0;4.0;1.0;1.0;1.0;1.0;0.0;3.0;1.0;1.0;1.0;0.0;3.0
2021/22;Domenica;12;Dicembre;Hellas Verona;Atalanta;1;2;False;False;True;-1;1;2;0;3;228;2;1;2;1;X;X;1;2;X;X;X;X;1;2;X;X;2;1;X;X;X;X;1.0;2.0;1.0;1.0;4.0;1.0;2.0;1.0;1.0;4.0;2.0;1.0;1.0;1.0;0.0;2.0;1.0;1.0;1.0;0.0
2021/22;Domenica;12;Dicembre;Napoli;Empoli;0;1;False;False;True;-1;1;2;0;3;228;2;1;2;2;1;X;X;2;X;X;X;X;1;1;2;X;X;1;X;X;X;X;0.0;1.0;2.0;1.0;1.0;0.0;1.0;2.0;1.0;1.0;1.0;2.0;1.0;1.0;1.0;1.0;2.0;1.0;1.0;1.0
2021/22;Domenica;12;Dicembre;Sassuolo;Lazio;2;1;True;False;False;1;-1;1;3;0;228;1;2;1;2;2;1;X;1;X;X;X;X;2;1;1;2;X;2;X;X;X;X;2.0;0.0;1.0;2.0;1.0;2.0;0.0;1.0;2.0;1.0;1.0;1.0;2.0;1.0;1.0;1.0;1.0;2.0;1.0;1.0
2021/22;Domenica;12;Dicembre;Inter;Cagliari;4;0;True;False;False;1;-1;1;3;0;228;1;2;1;1;2;2;1;1;X;X;X;X;2;2;1;1;2;2;X;X;X;X;4.0;2.0;0.0;1.0;2.0;4.0;2.0;0.0;1.0;2.0;0.0;1.0;1.0;2.0;1.0;0.0;1.0;1.0;2.0;1.0
2021/22;Lunedì;13;Dicembre;Roma;Spezia;2;0;True;False;False;1;-1;1;3;0;228;1;2;1;1;1;2;2;1;X;X;X;X;2;2;2;1;1;2;X;X;X;X;2.0;4.0;2.0;0.0;1.0;2.0;4.0;2.0;0.0;1.0;0.0;0.0;1.0;1.0;2.0;0.0;0.0;1.0;1.0;2.0
2021/22;Venerdì;17;Dicembre;Lazio;Genoa;3;1;True;False;False;1;-1;1;3;0;228;1;2;1;1;1;1;2;1;X;X;X;X;2;2;2;2;1;2;X;X;X;X;3.0;2.0;4.0;2.0;0.0;3.0;2.0;4.0;2.0;0.0;1.0;0.0;0.0;1.0;1.0;1.0;0.0;0.0;1.0;1.0
2021/22;Venerdì;17;Dicembre;Salernitana;Inter;0;5;False;False;True;-1;1;2;0;3;228;2;1;2;1;1;1;1;2;X;X;X;X;1;2;2;2;2;1;X;X;X;X;0.0;3.0;2.0;4.0;2.0;0.0;3.0;2.0;4.0;2.0;5.0;1.0;0.0;0.0;1.0;5.0;1.0;0.0;0.0;1.0
2021/22;Sabato;18;Dicembre;Atalanta;Roma;1;4;False;False;True;-1;1;2;0;3;228;2;1;2;2;1;1;1;2;X;X;X;X;1;1;2;2;2;1;X;X;X;X;1.0;0.0;3.0;2.0;4.0;1.0;0.0;3.0;2.0;4.0;4.0;5.0;1.0;0.0;0.0;4.0;5.0;1.0;0.0;0.0
2021/22;Sabato;18;Dicembre;Bologna;Juventus;0;2;False;False;True;-1;1;2;0;3;228;2;1;2;2;2;1;1;2;X;X;X;X;1;1;1;2;2;1;X;X;X;X;0.0;1.0;0.0;3.0;2.0;0.0;1.0;0.0;3.0;2.0;2.0;4.0;5.0;1.0;0.0;2.0;4.0;5.0;1.0;0.0
2021/22;Sabato;18;Dicembre;Cagliari;Udinese;0;4;False;False;True;-1;1;2;0;3;228;2;1;2;2;2;2;1;2;X;X;X;X;1;1;1;1;2;1;X;X;X;X;0.0;0.0;1.0;0.0;3.0;0.0;0.0;1.0;0.0;3.0;4.0;2.0;4.0;5.0;1.0;4.0;2.0;4.0;5.0;1.0
2021/22;Domenica;19;Dicembre;Fiorentina;Sassuolo;2;2;False;True;False;0;0;X;1;1;228;X;X;X;2;2;2;2;X;X;X;X;X;X;1;1;1;1;X;X;X;X;X;2.0;0.0;0.0;1.0;0.0;2.0;0.0;0.0;1.0;0.0;2.0;4.0;2.0;4.0;5.0;2.0;4.0;2.0;4.0;5.0
2021/22;Domenica;19;Dicembre;Spezia;Empoli;1;1;False;True;False;0;0;X;1;1;228;X;X;X;X;2;2;2;X;X;X;X;X;X;X;1;1;1;X;X;X;X;X;1.0;2.0;0.0;0.0;1.0;1.0;2.0;0.0;0.0;1.0;1.0;2.0;4.0;2.0;4.0;1.0;2.0;4.0;2.0;4.0
2021/22;Domenica;19;Dicembre;Sampdoria;Venezia;1;1;False;True;False;0;0;X;1;1;228;X;X;X;X;X;2;2;X;X;X;X;X;X;X;X;1;1;X;X;X;X;X;1.0;1.0;2.0;0.0;0.0;1.0;1.0;2.0;0.0;0.0;1.0;1.0;2.0;4.0;2.0;1.0;1.0;2.0;4.0;2.0
2021/22;Domenica;19;Dicembre;Torino;Hellas Verona;1;0;True;False;False;1;-1;1;3;0;228;1;2;1;X;X;X;2;1;X;X;X;X;2;X;X;X;1;2;X;X;X;X;1.0;1.0;1.0;2.0;0.0;1.0;1.0;1.0;2.0;0.0;0.0;1.0;1.0;2.0;4.0;0.0;1.0;1.0;2.0;4.0
2021/22;Domenica;19;Dicembre;Milan;Napoli;0;1;False;False;True;-1;1;2;0;3;228;2;1;2;1;X;X;X;2;X;X;X;X;1;2;X;X;X;1;X;X;X;X;0.0;1.0;1.0;1.0;2.0;0.0;1.0;1.0;1.0;2.0;1.0;0.0;1.0;1.0;2.0;1.0;0.0;1.0;1.0;2.0
2021/22;Martedì;21;Dicembre;Genoa;Atalanta;0;0;False;True;False;0;0;X;1;1;228;X;X;X;2;1;X;X;X;X;X;X;X;X;1;2;X;X;X;X;X;X;X;0.0;0.0;1.0;1.0;1.0;0.0;0.0;1.0;1.0;1.0;0.0;1.0;0.0;1.0;1.0;0.0;1.0;0.0;1.0;1.0
2021/22;Martedì;21;Dicembre;Juventus;Cagliari;2;0;True;False;False;1;-1;1;3;0;228;1;2;1;X;2;1;X;1;X;X;X;X;2;X;1;2;X;2;X;X;X;X;2.0;0.0;0.0;1.0;1.0;2.0;0.0;0.0;1.0;1.0;0.0;0.0;1.0;0.0;1.0;0.0;0.0;1.0;0.0;1.0
2021/22;Mercoledì;22;Dicembre;Sassuolo;Bologna;0;3;False;False;True;-1;1;2;0;3;228;2;1;2;1;X;2;1;2;X;X;X;X;1;2;X;1;2;1;X;X;X;X;0.0;2.0;0.0;0.0;1.0;0.0;2.0;0.0;0.0;1.0;3.0;0.0;0.0;1.0;0.0;3.0;0.0;0.0;1.0;0.0
2021/22;Mercoledì;22;Dicembre;Venezia;Lazio;1;3;False;False;True;-1;1;2;0;3;228;2;1;2;2;1;X;2;2;X;X;X;X;1;1;2;X;1;1;X;X;X;X;1.0;0.0;2.0;0.0;0.0;1.0;0.0;2.0;0.0;0.0;3.0;3.0;0.0;0.0;1.0;3.0;3.0;0.0;0.0;1.0
2021/22;Mercoledì;22;Dicembre;Roma;Sampdoria;1;1;False;True;False;0;0;X;1;1;228;X;X;X;2;2;1;X;X;X;X;X;X;X;1;1;2;X;X;X;X;X;X;1.0;1.0;0.0;2.0;0.0;1.0;1.0;0.0;2.0;0.0;1.0;3.0;3.0;0.0;0.0;1.0;3.0;3.0;0.0;0.0
2021/22;Mercoledì;22;Dicembre;Hellas Verona;Fiorentina;1;1;False;True;False;0;0;X;1;1;228;X;X;X;X;2;2;1;X;X;X;X;X;X;X;1;1;2;X;X;X;X;X;1.0;1.0;1.0;0.0;2.0;1.0;1.0;1.0;0.0;2.0;1.0;1.0;3.0;3.0;0.0;1.0;1.0;3.0;3.0;0.0
2021/22;Mercoledì;22;Dicembre;Inter;Torino;1;0;True;False;False;1;-1;1;3;0;228;1;2;1;X;X;2;2;1;X;X;X;X;2;X;X;1;1;2;X;X;X;X;1.0;1.0;1.0;1.0;0.0;1.0;1.0;1.0;1.0;0.0;0.0;1.0;1.0;3.0;3.0;0.0;1.0;1.0;3.0;3.0
2021/22;Mercoledì;22;Dicembre;Empoli;Milan;2;4;False;False;True;-1;1;2;0;3;228;2;1;2;1;X;X;2;2;X;X;X;X;1;2;X;X;1;1;X;X;X;X;2.0;1.0;1.0;1.0;1.0;2.0;1.0;1.0;1.0;1.0;4.0;0.0;1.0;1.0;3.0;4.0;0.0;1.0;1.0;3.0
2021/22;Mercoledì;22;Dicembre;Napoli;Spezia;0;1;False;False;True;-1;1;2;0;3;228;2;1;2;2;1;X;X;2;X;X;X;X;1;1;2;X;X;1;X;X;X;X;0.0;2.0;1.0;1.0;1.0;0.0;2.0;1.0;1.0;1.0;1.0;4.0;0.0;1.0;1.0;1.0;4.0;0.0;1.0;1.0
2021/22;Giovedì;6;Gennaio;Sampdoria;Cagliari;1;2;False;False;True;-1;1;2;0;3;228;2;1;2;2;2;1;X;2;X;X;X;X;1;1;1;2;X;1;X;X;X;X;1.0;0.0;2.0;1.0;1.0;1.0;0.0;2.0;1.0;1.0;2.0;1.0;4.0;0.0;1.0;2.0;1.0;4.0;0.0;1.0
2021/22;Giovedì;6;Gennaio;Lazio;Empoli;3;3;False;True;False;0;0;X;1;1;228;X;X;X;2;2;2;1;X;X;X;X;X;X;1;1;1;2;X;X;X;X;X;3.0;1.0;0.0;2.0;1.0;3.0;1.0;0.0;2.0;1.0;3.0;2.0;1.0;4.0;0.0;3.0;2.0;1.0;4.0;0.0
2021/22;Giovedì;6;Gennaio;Spezia;Hellas Verona;1;2;False;False;True;-1;1;2;0;3;228;2;1;2;X;2;2;2;2;X;X;X;X;1;X;1;1;1;1;X;X;X;X;1.0;3.0;1.0;0.0;2.0;1.0;3.0;1.0;0.0;2.0;2.0;3.0;2.0;1.0;4.0;2.0;3.0;2.0;1.0;4.0
2021/22;Giovedì;6;Gennaio;Sassuolo;Genoa;1;1;False;True;False;0;0;X;1;1;228;X;X;X;2;X;2;2;X;X;X;X;X;X;1;X;1;1;X;X;X;X;X;1.0;1.0;3.0;1.0;0.0;1.0;1.0;3.0;1.0;0.0;1.0;2.0;3.0;2.0;1.0;1.0;2.0;3.0;2.0;1.0
2021/22;Giovedì;6;Gennaio;Milan;Roma;3;1;True;False;False;1;-1;1;3;0;228;1;2;1;X;2;X;2;1;X;X;X;X;2;X;1;X;1;2;X;X;X;X;3.0;1.0;1.0;3.0;1.0;3.0;1.0;1.0;3.0;1.0;1.0;1.0;2.0;3.0;2.0;1.0;1.0;2.0;3.0;2.0
2021/22;Giovedì;6;Gennaio;Juventus;Napoli;1;1;False;True;False;0;0;X;1;1;228;X;X;X;1;X;2;X;X;X;X;X;X;X;2;X;1;X;X;X;X;X;X;1.0;3.0;1.0;1.0;3.0;1.0;3.0;1.0;1.0;3.0;1.0;1.0;1.0;2.0;3.0;1.0;1.0;1.0;2.0;3.0
2021/22;Domenica;9;Gennaio;Venezia;Milan;0;3;False;False;True;-1;1;2;0;3;228;2;1;2;X;1;X;2;2;X;X;X;X;1;X;2;X;1;1;X;X;X;X;0.0;1.0;3.0;1.0;1.0;0.0;1.0;3.0;1.0;1.0;3.0;1.0;1.0;1.0;2.0;3.0;1.0;1.0;1.0;2.0
2021/22;Domenica;9;Gennaio;Empoli;Sassuolo;1;5;False;False;True;-1;1;2;0;3;228;2;1;2;2;X;1;X;2;X;X;X;X;1;1;X;2;X;1;X;X;X;X;1.0;0.0;1.0;3.0;1.0;1.0;0.0;1.0;3.0;1.0;5.0;3.0;1.0;1.0;1.0;5.0;3.0;1.0;1.0;1.0
2021/22;Domenica;9;Gennaio;Napoli;Sampdoria;1;0;True;False;False;1;-1;1;3;0;228;1;2;1;2;2;X;1;1;X;X;X;X;2;1;1;X;2;2;X;X;X;X;1.0;1.0;0.0;1.0;3.0;1.0;1.0;0.0;1.0;3.0;0.0;5.0;3.0;1.0;1.0;0.0;5.0;3.0;1.0;1.0
2021/22;Domenica;9;Gennaio;Udinese;Atalanta;2;6;False;False;True;-1;1;2;0;3;228;2;1;2;1;2;2;X;2;X;X;X;X;1;2;1;1;X;1;X;X;X;X;2.0;1.0;1.0;0.0;1.0;2.0;1.0;1.0;0.0;1.0;6.0;0.0;5.0;3.0;1.0;6.0;0.0;5.0;3.0;1.0
2021/22;Domenica;9;Gennaio;Roma;Juventus;3;4;False;False;True;-1;1;2;0;3;228;2;1;2;2;1;2;2;2;X;X;X;X;1;1;2;1;1;1;X;X;X;X;3.0;2.0;1.0;1.0;0.0;3.0;2.0;1.0;1.0;0.0;4.0;6.0;0.0;5.0;3.0;4.0;6.0;0.0;5.0;3.0
2021/22;Domenica;9;Gennaio;Genoa;Spezia;0;1;False;False;True;-1;1;2;0;3;228;2;1;2;2;2;1;2;2;X;X;X;X;1;1;1;2;1;1;X;X;X;X;0.0;3.0;2.0;1.0;1.0;0.0;3.0;2.0;1.0;1.0;1.0;4.0;6.0;0.0;5.0;1.0;4.0;6.0;0.0;5.0
2021/22;Domenica;9;Gennaio;Hellas Verona;Salernitana;1;2;False;False;True;-1;1;2;0;3;228;2;1;2;2;2;2;1;2;X;X;X;X;1;1;1;1;2;1;X;X;X;X;1.0;0.0;3.0;2.0;1.0;1.0;0.0;3.0;2.0;1.0;2.0;1.0;4.0;6.0;0.0;2.0;1.0;4.0;6.0;0.0
2021/22;Domenica;9;Gennaio;Inter;Lazio;2;1;True;False;False;1;-1;1;3;0;228;1;2;1;2;2;2;2;1;X;X;X;X;2;1;1;1;1;2;X;X;X;X;2.0;1.0;0.0;3.0;2.0;2.0;1.0;0.0;3.0;2.0;1.0;2.0;1.0;4.0;6.0;1.0;2.0;1.0;4.0;6.0
2021/22;Lunedì;10;Gennaio;Torino;Fiorentina;4;0;True;False;False;1;-1;1;3;0;228;1;2;1;1;2;2;2;1;X;X;X;X;2;2;1;1;1;2;X;X;X;X;4.0;2.0;1.0;0.0;3.0;4.0;2.0;1.0;0.0;3.0;0.0;1.0;2.0;1.0;4.0;0.0;1.0;2.0;1.0;4.0
2021/22;Martedì;11;Gennaio;Cagliari;Bologna;2;1;True;False;False;1;-1;1;3;0;228;1;2;1;1;1;2;2;1;X;X;X;X;2;2;2;1;1;2;X;X;X;X;2.0;4.0;2.0;1.0;0.0;2.0;4.0;2.0;1.0;0.0;1.0;0.0;1.0;2.0;1.0;1.0;0.0;1.0;2.0;1.0
2021/22;Sabato;15;Gennaio;Sampdoria;Torino;1;2;False;False;True;-1;1;2;0;3;228;2;1;2;1;1;1;2;2;X;X;X;X;1;2;2;2;1;1;X;X;X;X;1.0;2.0;4.0;2.0;1.0;1.0;2.0;4.0;2.0;1.0;2.0;1.0;0.0;1.0;2.0;2.0;1.0;0.0;1.0;2.0
2021/22;Sabato;15;Gennaio;Salernitana;Lazio;0;3;False;False;True;-1;1;2;0;3;228;2;1;2;2;1;1;1;2;X;X;X;X;1;1;2;2;2;1;X;X;X;2;0.0;1.0;2.0;4.0;2.0;0.0;1.0;2.0;4.0;2.0;3.0;2.0;1.0;0.0;1.0;3.0;2.0;1.0;0.0;1.0
2021/22;Sabato;15;Gennaio;Juventus;Udinese;2;0;True;False;False;1;-1;1;3;0;228;1;2;1;2;2;1;1;1;X;X;X;X;2;1;1;2;2;2;X;X;X;X;2.0;0.0;1.0;2.0;4.0;2.0;0.0;1.0;2.0;4.0;0.0;3.0;2.0;1.0;0.0;0.0;3.0;2.0;1.0;0.0
2021/22;Domenica;16;Gennaio;Sassuolo;Hellas Verona;2;4;False;False;True;-1;1;2;0;3;228;2;1;2;1;2;2;1;2;X;X;X;X;1;2;1;1;2;1;X;X;X;X;2.0;2.0;0.0;1.0;2.0;2.0;2.0;0.0;1.0;2.0;4.0;0.0;3.0;2.0;1.0;4.0;0.0;3.0;2.0;1.0
2021/22;Domenica;16;Gennaio;Venezia;Empoli;1;1;False;True;False;0;0;X;1;1;228;X;X;X;2;1;2;2;X;X;X;X;X;X;1;2;1;1;X;X;X;X;X;1.0;2.0;2.0;0.0;1.0;1.0;2.0;2.0;0.0;1.0;1.0;4.0;0.0;3.0;2.0;1.0;4.0;0.0;3.0;2.0
2021/22;Domenica;16;Gennaio;Roma;Cagliari;1;0;True;False;False;1;-1;1;3;0;228;1;2;1;X;2;1;2;1;X;X;X;X;2;X;1;2;1;2;X;X;X;X;1.0;1.0;2.0;2.0;0.0;1.0;1.0;2.0;2.0;0.0;0.0;1.0;4.0;0.0;3.0;0.0;1.0;4.0;0.0;3.0
2021/22;Domenica;16;Gennaio;Atalanta;Inter;0;0;False;True;False;0;0;X;1;1;228;X;X;X;1;X;2;1;X;X;X;X;X;X;2;X;1;2;X;X;X;X;X;0.0;1.0;1.0;2.0;2.0;0.0;1.0;1.0;2.0;2.0;0.0;0.0;1.0;4.0;0.0;0.0;0.0;1.0;4.0;0.0
2021/22;Lunedì;17;Gennaio;Milan;Spezia;1;2;False;False;True;-1;1;2;0;3;228;2;1;2;X;1;X;2;2;X;X;X;X;1;X;2;X;1;1;X;X;X;X;1.0;0.0;1.0;1.0;2.0;1.0;0.0;1.0;1.0;2.0;2.0;0.0;0.0;1.0;4.0;2.0;0.0;0.0;1.0;4.0
2021/22;Lunedì;17;Gennaio;Bologna;Napoli;0;2;False;False;True;-1;1;2;0;3;228;2;1;2;2;X;1;X;2;X;X;X;X;1;1;X;2;X;1;X;X;X;X;0.0;1.0;0.0;1.0;1.0;0.0;1.0;0.0;1.0;1.0;2.0;2.0;0.0;0.0;1.0;2.0;2.0;0.0;0.0;1.0
2021/22;Lunedì;17;Gennaio;Fiorentina;Genoa;6;0;True;False;False;1;-1;1;3;0;228;1;2;1;2;2;X;1;1;X;X;X;X;2;1;1;X;2;2;X;X;X;X;6.0;0.0;1.0;0.0;1.0;6.0;0.0;1.0;0.0;1.0;0.0;2.0;2.0;0.0;0.0;0.0;2.0;2.0;0.0;0.0
2021/22;Venerdì;21;Gennaio;Hellas Verona;Bologna;2;1;True;False;False;1;-1;1;3;0;228;1;2;1;1;2;2;X;1;X;X;X;X;2;2;1;1;X;2;X;X;X;X;2.0;6.0;0.0;1.0;0.0;2.0;6.0;0.0;1.0;0.0;1.0;0.0;2.0;2.0;0.0;1.0;0.0;2.0;2.0;0.0
2021/22;Sabato;22;Gennaio;Genoa;Udinese;0;0;False;True;False;0;0;X;1;1;228;X;X;X;1;1;2;2;X;X;X;X;X;X;2;2;1;1;X;X;X;X;X;0.0;2.0;6.0;0.0;1.0;0.0;2.0;6.0;0.0;1.0;0.0;1.0;0.0;2.0;2.0;0.0;1.0;0.0;2.0;2.0
2021/22;Sabato;22;Gennaio;Inter;Venezia;2;1;True;False;False;1;-1;1;3;0;228;1;2;1;X;1;1;2;1;X;X;X;X;2;X;2;2;1;2;X;X;X;X;2.0;0.0;2.0;6.0;0.0;2.0;0.0;2.0;6.0;0.0;1.0;0.0;1.0;0.0;2.0;1.0;0.0;1.0;0.0;2.0
2021/22;Sabato;22;Gennaio;Lazio;Atalanta;0;0;False;True;False;0;0;X;1;1;228;X;X;X;1;X;1;1;X;X;X;X;X;X;2;X;2;2;X;X;X;X;X;0.0;2.0;0.0;2.0;6.0;0.0;2.0;0.0;2.0;6.0;0.0;1.0;0.0;1.0;0.0;0.0;1.0;0.0;1.0;0.0
2021/22;Domenica;23;Gennaio;Cagliari;Fiorentina;1;1;False;True;False;0;0;X;1;1;228;X;X;X;X;1;X;1;X;X;X;X;X;X;X;2;X;2;X;X;X;X;X;1.0;0.0;2.0;0.0;2.0;1.0;0.0;2.0;0.0;2.0;1.0;0.0;1.0;0.0;1.0;1.0;0.0;1.0;0.0;1.0
2021/22;Domenica;23;Gennaio;Napoli;Salernitana;4;1;True;False;False;1;-1;1;3;0;228;1;2;1;X;X;1;X;1;X;X;X;X;2;X;X;2;X;2;X;X;X;X;4.0;1.0;0.0;2.0;0.0;4.0;1.0;0.0;2.0;0.0;1.0;1.0;0.0;1.0;0.0;1.0;1.0;0.0;1.0;0.0
2021/22;Domenica;23;Gennaio;Spezia;Sampdoria;1;0;True;False;False;1;-1;1;3;0;228;1;2;1;1;X;X;1;1;X;X;X;X;2;2;X;X;2;2;X;X;X;X;1.0;4.0;1.0;0.0;2.0;1.0;4.0;1.0;0.0;2.0;0.0;1.0;1.0;0.0;1.0;0.0;1.0;1.0;0.0;1.0
2021/22;Domenica;23;Gennaio;Torino;Sassuolo;1;1;False;True;False;0;0;X;1;1;228;X;X;X;1;1;X;X;X;X;X;X;X;X;2;2;X;X;X;X;X;X;X;1.0;1.0;4.0;1.0;0.0;1.0;1.0;4.0;1.0;0.0;1.0;0.0;1.0;1.0;0.0;1.0;0.0;1.0;1.0;0.0
2021/22;Domenica;23;Gennaio;Empoli;Roma;2;4;False;False;True;-1;1;2;0;3;228;2;1;2;X;1;1;X;2;X;X;X;X;1;X;2;2;X;1;X;X;X;X;2.0;1.0;1.0;4.0;1.0;2.0;1.0;1.0;4.0;1.0;4.0;1.0;0.0;1.0;1.0;4.0;1.0;0.0;1.0;1.0
2021/22;Domenica;23;Gennaio;Milan;Juventus;0;0;False;True;False;0;0;X;1;1;228;X;X;X;2;X;1;1;X;X;X;X;X;X;1;X;2;2;X;X;X;X;X;0.0;2.0;1.0;1.0;4.0;0.0;2.0;1.0;1.0;4.0;0.0;4.0;1.0;0.0;1.0;0.0;4.0;1.0;0.0;1.0
2021/22;Sabato;5;Febbraio;Roma;Genoa;0;0;False;True;False;0;0;X;1;1;228;X;X;X;X;2;X;1;X;X;X;X;X;X;X;1;X;2;X;X;X;X;X;0.0;0.0;2.0;1.0;1.0;0.0;0.0;2.0;1.0;1.0;0.0;0.0;4.0;1.0;0.0;0.0;0.0;4.0;1.0;0.0
2021/22;Sabato;5;Febbraio;Inter;Milan;1;2;False;False;True;-1;1;2;0;3;228;2;1;2;X;X;2;X;2;X;X;X;X;1;X;X;1;X;1;X;X;X;X;1.0;0.0;0.0;2.0;1.0;1.0;0.0;0.0;2.0;1.0;2.0;0.0;0.0;4.0;1.0;2.0;0.0;0.0;4.0;1.0
2021/22;Sabato;5;Febbraio;Fiorentina;Lazio;0;3;False;False;True;-1;1;2;0;3;228;2;1;2;2;X;X;2;2;X;X;X;X;1;1;X;X;1;1;X;X;X;X;0.0;1.0;0.0;0.0;2.0;0.0;1.0;0.0;0.0;2.0;3.0;2.0;0.0;0.0;4.0;3.0;2.0;0.0;0.0;4.0
2021/22;Domenica;6;Febbraio;Atalanta;Cagliari;1;2;False;False;True;-1;1;2;0;3;228;2;1;2;2;2;X;X;2;X;X;X;X;1;1;1;X;X;1;X;X;X;X;1.0;0.0;1.0;0.0;0.0;1.0;0.0;1.0;0.0;0.0;2.0;3.0;2.0;0.0;0.0;2.0;3.0;2.0;0.0;0.0
2021/22;Domenica;6;Febbraio;Bologna;Empoli;0;0;False;True;False;0;0;X;1;1;228;X;X;X;2;2;2;X;X;X;X;X;X;X;1;1;1;X;X;X;X;X;X;0.0;1.0;0.0;1.0;0.0;0.0;1.0;0.0;1.0;0.0;0.0;2.0;3.0;2.0;0.0;0.0;2.0;3.0;2.0;0.0
2021/22;Domenica;6;Febbraio;Sampdoria;Sassuolo;4;0;True;False;False;1;-1;1;3;0;228;1;2;1;X;2;2;2;1;X;X;X;X;2;X;1;1;1;2;X;X;X;X;4.0;0.0;1.0;0.0;1.0;4.0;0.0;1.0;0.0;1.0;0.0;0.0;2.0;3.0;2.0;0.0;0.0;2.0;3.0;2.0
2021/22;Domenica;6;Febbraio;Venezia;Napoli;0;2;False;False;True;-1;1;2;0;3;228;2;1;2;1;X;2;2;2;X;X;X;X;1;2;X;1;1;1;X;X;X;X;0.0;4.0;0.0;1.0;0.0;0.0;4.0;0.0;1.0;0.0;2.0;0.0;0.0;2.0;3.0;2.0;0.0;0.0;2.0;3.0
2021/22;Domenica;6;Febbraio;Udinese;Torino;2;0;True;False;False;1;-1;1;3;0;228;1;2;1;2;1;X;2;1;X;X;X;X;2;1;2;X;1;2;X;X;X;X;2.0;0.0;4.0;0.0;1.0;2.0;0.0;4.0;0.0;1.0;0.0;2.0;0.0;0.0;2.0;0.0;2.0;0.0;0.0;2.0
2021/22;Domenica;6;Febbraio;Juventus;Hellas Verona;2;0;True;False;False;1;-1;1;3;0;228;1;2;1;1;2;1;X;1;X;X;X;X;2;2;1;2;X;2;X;X;X;X;2.0;2.0;0.0;4.0;0.0;2.0;2.0;0.0;4.0;0.0;0.0;0.0;2.0;0.0;0.0;0.0;0.0;2.0;0.0;0.0
2021/22;Lunedì;7;Febbraio;Salernitana;Spezia;2;2;False;True;False;0;0;X;1;1;228;X;X;X;1;1;2;1;X;X;X;X;X;X;2;2;1;2;X;X;X;X;X;2.0;2.0;2.0;0.0;4.0;2.0;2.0;2.0;0.0;4.0;2.0;0.0;0.0;2.0;0.0;2.0;0.0;0.0;2.0;0.0
2021/22;Sabato;12;Febbraio;Lazio;Bologna;3;0;True;False;False;1;-1;1;3;0;228;1;2;1;X;1;1;2;1;X;X;X;X;2;X;2;2;1;2;X;X;X;X;3.0;2.0;2.0;2.0;0.0;3.0;2.0;2.0;2.0;0.0;0.0;2.0;0.0;0.0;2.0;0.0;2.0;0.0;0.0;2.0
2021/22;Sabato;12;Febbraio;Napoli;Inter;1;1;False;True;False;0;0;X;1;1;228;X;X;X;1;X;1;1;X;X;X;X;X;X;2;X;2;2;X;X;X;X;X;1.0;3.0;2.0;2.0;2.0;1.0;3.0;2.0;2.0;2.0;1.0;0.0;2.0;0.0;0.0;1.0;0.0;2.0;0.0;0.0
2021/22;Sabato;12;Febbraio;Torino;Venezia;1;2;False;False;True;-1;1;2;0;3;228;2;1;2;X;1;X;1;2;X;X;X;X;1;X;2;X;2;1;X;X;X;X;1.0;1.0;3.0;2.0;2.0;1.0;1.0;3.0;2.0;2.0;2.0;1.0;0.0;2.0;0.0;2.0;1.0;0.0;2.0;0.0
2021/22;Domenica;13;Febbraio;Milan;Sampdoria;1;0;True;False;False;1;-1;1;3;0;228;1;2;1;2;X;1;X;1;X;X;X;X;2;1;X;2;X;2;X;X;X;X;1.0;1.0;1.0;3.0;2.0;1.0;1.0;1.0;3.0;2.0;0.0;2.0;1.0;0.0;2.0;0.0;2.0;1.0;0.0;2.0
2021/22;Domenica;13;Febbraio;Empoli;Cagliari;1;1;False;True;False;0;0;X;1;1;228;X;X;X;1;2;X;1;X;X;X;X;X;X;2;1;X;2;X;X;X;X;X;1.0;1.0;1.0;1.0;3.0;1.0;1.0;1.0;1.0;3.0;1.0;0.0;2.0;1.0;0.0;1.0;0.0;2.0;1.0;0.0
2021/22;Domenica;13;Febbraio;Genoa;Salernitana;1;1;False;True;False;0;0;X;1;1;228;X;X;X;X;1;2;X;X;X;X;X;X;X;X;2;1;X;X;X;X;X;X;1.0;1.0;1.0;1.0;1.0;1.0;1.0;1.0;1.0;1.0;1.0;1.0;0.0;2.0;1.0;1.0;1.0;0.0;2.0;1.0
2021/22;Domenica;13;Febbraio;Hellas Verona;Udinese;4;0;True;False;False;1;-1;1;3;0;228;1;2;1;X;X;1;2;1;X;X;X;X;2;X;X;2;1;2;X;X;X;X;4.0;1.0;1.0;1.0;1.0;4.0;1.0;1.0;1.0;1.0;0.0;1.0;1.0;0.0;2.0;0.0;1.0;1.0;0.0;2.0
2021/22;Domenica;13;Febbraio;Sassuolo;Roma;2;2;False;True;False;0;0;X;1;1;228;X;X;X;1;X;X;1;X;X;X;X;X;X;2;X;X;2;X;X;X;X;X;2.0;4.0;1.0;1.0;1.0;2.0;4.0;1.0;1.0;1.0;2.0;0.0;1.0;1.0;0.0;2.0;0.0;1.0;1.0;0.0
2021/22;Domenica;13;Febbraio;Atalanta;Juventus;1;1;False;True;False;0;0;X;1;1;228;X;X;X;X;1;X;X;X;X;X;X;X;X;X;2;X;X;X;X;X;X;X;1.0;2.0;4.0;1.0;1.0;1.0;2.0;4.0;1.0;1.0;1.0;2.0;0.0;1.0;1.0;1.0;2.0;0.0;1.0;1.0
2021/22;Lunedì;14;Febbraio;Spezia;Fiorentina;1;2;False;False;True;-1;1;2;0;3;228;2;1;2;X;X;1;X;2;X;X;X;X;1;X;X;2;X;1;X;X;X;X;1.0;1.0;2.0;4.0;1.0;1.0;1.0;2.0;4.0;1.0;2.0;1.0;2.0;0.0;1.0;2.0;1.0;2.0;0.0;1.0
2021/22;Venerdì;18;Febbraio;Juventus;Torino;1;1;False;True;False;0;0;X;1;1;228;X;X;X;2;X;X;1;X;X;X;X;X;X;1;X;X;2;X;X;X;X;X;1.0;1.0;1.0;2.0;4.0;1.0;1.0;1.0;2.0;4.0;1.0;2.0;1.0;2.0;0.0;1.0;2.0;1.0;2.0;0.0
2021/22;Sabato;19;Febbraio;Sampdoria;Empoli;2;0;True;False;False;1;-1;1;3;0;228;1;2;1;X;2;X;X;1;X;X;X;X;2;X;1;X;X;2;X;X;X;X;2.0;1.0;1.0;1.0;2.0;2.0;1.0;1.0;1.0;2.0;0.0;1.0;2.0;1.0;2.0;0.0;1.0;2.0;1.0;2.0
2021/22;Sabato;19;Febbraio;Roma;Hellas Verona;2;2;False;True;False;0;0;X;1;1;228;X;X;X;1;X;2;X;X;X;X;X;X;X;2;X;1;X;X;X;X;X;X;2.0;2.0;1.0;1.0;1.0;2.0;2.0;1.0;1.0;1.0;2.0;0.0;1.0;2.0;1.0;2.0;0.0;1.0;2.0;1.0
2021/22;Sabato;19;Febbraio;Salernitana;Milan;2;2;False;True;False;0;0;X;1;1;228;X;X;X;X;1;X;2;X;X;X;X;X;X;X;2;X;1;X;X;X;X;X;2.0;2.0;2.0;1.0;1.0;2.0;2.0;2.0;1.0;1.0;2.0;2.0;0.0;1.0;2.0;2.0;2.0;0.0;1.0;2.0
2021/22;Domenica;20;Febbraio;Fiorentina;Atalanta;1;0;True;False;False;1;-1;1;3;0;228;1;2;1;X;X;1;X;1;X;X;X;X;2;X;X;2;X;2;X;X;X;X;1.0;2.0;2.0;2.0;1.0;1.0;2.0;2.0;2.0;1.0;0.0;2.0;2.0;0.0;1.0;0.0;2.0;2.0;0.0;1.0
2021/22;Domenica;20;Febbraio;Venezia;Genoa;1;1;False;True;False;0;0;X;1;1;228;X;X;X;1;X;X;1;X;X;X;X;X;X;2;X;X;2;X;X;X;X;X;1.0;1.0;2.0;2.0;2.0;1.0;1.0;2.0;2.0;2.0;1.0;0.0;2.0;2.0;0.0;1.0;0.0;2.0;2.0;0.0
2021/22;Domenica;20;Febbraio;Inter;Sassuolo;0;2;False;False;True;-1;1;2;0;3;228;2;1;2;X;1;X;X;2;X;X;X;X;1;X;2;X;X;1;X;X;X;X;0.0;1.0;1.0;2.0;2.0;0.0;1.0;1.0;2.0;2.0;2.0;1.0;0.0;2.0;2.0;2.0;1.0;0.0;2.0;2.0
2021/22;Domenica;20;Febbraio;Udinese;Lazio;1;1;False;True;False;0;0;X;1;1;228;X;X;X;2;X;1;X;X;X;X;X;X;X;1;X;2;X;X;X;X;X;X;1.0;0.0;1.0;1.0;2.0;1.0;0.0;1.0;1.0;2.0;1.0;2.0;1.0;0.0;2.0;1.0;2.0;1.0;0.0;2.0
2021/22;Lunedì;21;Febbraio;Cagliari;Napoli;1;1;False;True;False;0;0;X;1;1;228;X;X;X;X;2;X;1;X;X;X;X;X;X;X;1;X;2;X;X;X;X;X;1.0;1.0;0.0;1.0;1.0;1.0;1.0;0.0;1.0;1.0;1.0;1.0;2.0;1.0;0.0;1.0;1.0;2.0;1.0;0.0
2021/22;Lunedì;21;Febbraio;Bologna;Spezia;2;1;True;False;False;1;-1;1;3;0;228;1;2;1;X;X;2;X;1;X;X;X;X;2;X;X;1;X;2;X;X;X;X;2.0;1.0;1.0;0.0;1.0;2.0;1.0;1.0;0.0;1.0;1.0;1.0;1.0;2.0;1.0;1.0;1.0;1.0;2.0;1.0
2021/22;Venerdì;25;Febbraio;Milan;Udinese;1;1;False;True;False;0;0;X;1;1;228;X;X;X;1;X;X;2;X;X;X;X;X;X;2;X;X;1;X;X;X;X;X;1.0;2.0;1.0;1.0;0.0;1.0;2.0;1.0;1.0;0.0;1.0;1.0;1.0;1.0;2.0;1.0;1.0;1.0;1.0;2.0
2021/22;Venerdì;25;Febbraio;Genoa;Inter;0;0;False;True;False;0;0;X;1;1;228;X;X;X;X;1;X;X;X;X;X;X;X;X;X;2;X;X;X;X;X;X;X;0.0;1.0;2.0;1.0;1.0;0.0;1.0;2.0;1.0;1.0;0.0;1.0;1.0;1.0;1.0;0.0;1.0;1.0;1.0;1.0
2021/22;Sabato;26;Febbraio;Salernitana;Bologna;1;1;False;True;False;0;0;X;1;1;228;X;X;X;X;X;1;X;X;X;X;X;X;X;X;X;2;X;X;X;X;X;X;1.0;0.0;1.0;2.0;1.0;1.0;0.0;1.0;2.0;1.0;1.0;0.0;1.0;1.0;1.0;1.0;0.0;1.0;1.0;1.0
2021/22;Sabato;26;Febbraio;Empoli;Juventus;2;3;False;False;True;-1;1;2;0;3;228;2;1;2;X;X;X;1;2;X;X;X;X;1;X;X;X;2;1;X;X;X;X;2.0;1.0;0.0;1.0;2.0;2.0;1.0;0.0;1.0;2.0;3.0;1.0;0.0;1.0;1.0;3.0;1.0;0.0;1.0;1.0
2021/22;Sabato;26;Febbraio;Sassuolo;Fiorentina;2;1;True;False;False;1;-1;1;3;0;228;1;2;1;2;X;X;X;1;X;X;X;X;2;1;X;X;X;2;X;X;X;X;2.0;2.0;1.0;0.0;1.0;2.0;2.0;1.0;0.0;1.0;1.0;3.0;1.0;0.0;1.0;1.0;3.0;1.0;0.0;1.0
2021/22;Domenica;27;Febbraio;Torino;Cagliari;1;2;False;False;True;-1;1;2;0;3;228;2;1;2;1;2;X;X;2;X;X;X;X;1;2;1;X;X;1;X;X;X;X;1.0;2.0;2.0;1.0;0.0;1.0;2.0;2.0;1.0;0.0;2.0;1.0;3.0;1.0;0.0;2.0;1.0;3.0;1.0;0.0
2021/22;Domenica;27;Febbraio;Hellas Verona;Venezia;3;1;True;False;False;1;-1;1;3;0;228;1;2;1;2;1;2;X;1;X;X;X;X;2;1;2;1;X;2;X;X;X;X;3.0;1.0;2.0;2.0;1.0;3.0;1.0;2.0;2.0;1.0;1.0;2.0;1.0;3.0;1.0;1.0;2.0;1.0;3.0;1.0
2021/22;Domenica;27;Febbraio;Spezia;Roma;0;1;False;False;True;-1;1;2;0;3;228;2;1;2;1;2;1;2;2;X;X;X;X;1;2;1;2;1;1;X;X;X;X;0.0;3.0;1.0;2.0;2.0;0.0;3.0;1.0;2.0;2.0;1.0;1.0;2.0;1.0;3.0;1.0;1.0;2.0;1.0;3.0
2021/22;Domenica;27;Febbraio;Lazio;Napoli;1;2;False;False;True;-1;1;2;0;3;228;2;1;2;2;1;2;1;2;X;X;X;X;1;1;2;1;2;1;X;X;X;X;1.0;0.0;3.0;1.0;2.0;1.0;0.0;3.0;1.0;2.0;2.0;1.0;1.0;2.0;1.0;2.0;1.0;1.0;2.0;1.0
2021/22;Lunedì;28;Febbraio;Atalanta;Sampdoria;4;0;True;False;False;1;-1;1;3;0;228;1;2;1;2;2;1;2;1;X;X;X;X;2;1;1;2;1;2;X;X;X;X;4.0;1.0;0.0;3.0;1.0;4.0;1.0;0.0;3.0;1.0;0.0;2.0;1.0;1.0;2.0;0.0;2.0;1.0;1.0;2.0
2021/22;Venerdì;4;Marzo;Inter;Salernitana;5;0;True;False;False;1;-1;1;3;0;228;1;2;1;1;2;2;1;1;X;X;X;X;2;2;1;1;2;2;X;X;X;X;5.0;4.0;1.0;0.0;3.0;5.0;4.0;1.0;0.0;3.0;0.0;0.0;2.0;1.0;1.0;0.0;0.0;2.0;1.0;1.0
2021/22;Sabato;5;Marzo;Udinese;Sampdoria;2;1;True;False;False;1;-1;1;3;0;228;1;2;1;1;1;2;2;1;X;X;X;X;2;2;2;1;1;2;X;2;X;X;2.0;5.0;4.0;1.0;0.0;2.0;5.0;4.0;1.0;0.0;1.0;0.0;0.0;2.0;1.0;1.0;0.0;0.0;2.0;1.0
2021/22;Sabato;5;Marzo;Roma;Atalanta;1;0;True;False;False;1;-1;1;3;0;228;1;2;1;1;1;1;2;1;X;X;X;X;2;2;2;2;1;2;X;X;X;X;1.0;2.0;5.0;4.0;1.0;1.0;2.0;5.0;4.0;1.0;0.0;1.0;0.0;0.0;2.0;0.0;1.0;0.0;0.0;2.0
2021/22;Sabato;5;Marzo;Cagliari;Lazio;0;3;False;False;True;-1;1;2;0;3;228;2;1;2;1;1;1;1;2;X;X;X;X;1;2;2;2;2;1;X;X;X;X;0.0;1.0;2.0;5.0;4.0;0.0;1.0;2.0;5.0;4.0;3.0;0.0;1.0;0.0;0.0;3.0;0.0;1.0;0.0;0.0
2021/22;Domenica;6;Marzo;Genoa;Empoli;0;0;False;True;False;0;0;X;1;1;228;X;X;X;2;1;1;1;X;X;X;X;X;X;1;2;2;2;X;X;X;X;X;0.0;0.0;1.0;2.0;5.0;0.0;0.0;1.0;2.0;5.0;0.0;3.0;0.0;1.0;0.0;0.0;3.0;0.0;1.0;0.0
2021/22;Domenica;6;Marzo;Bologna;Torino;0;0;False;True;False;0;0;X;1;1;228;X;X;X;X;2;1;1;X;X;X;X;X;X;X;1;2;2;X;X;X;X;X;0.0;0.0;0.0;1.0;2.0;0.0;0.0;0.0;1.0;2.0;0.0;0.0;3.0;0.0;1.0;0.0;0.0;3.0;0.0;1.0
2021/22;Domenica;6;Marzo;Fiorentina;Hellas Verona;1;1;False;True;False;0;0;X;1;1;228;X;X;X;X;X;2;1;X;X;X;X;X;X;X;X;1;2;X;X;X;X;X;1.0;0.0;0.0;0.0;1.0;1.0;0.0;0.0;0.0;1.0;1.0;0.0;0.0;3.0;0.0;1.0;0.0;0.0;3.0;0.0
2021/22;Domenica;6;Marzo;Venezia;Sassuolo;1;4;False;False;True;-1;1;2;0;3;228;2;1;2;X;X;X;2;2;X;X;X;X;1;X;X;X;1;1;X;X;X;X;1.0;1.0;0.0;0.0;0.0;1.0;1.0;0.0;0.0;0.0;4.0;1.0;0.0;0.0;3.0;4.0;1.0;0.0;0.0;3.0
2021/22;Domenica;6;Marzo;Juventus;Spezia;1;0;True;False;False;1;-1;1;3;0;228;1;2;1;2;X;X;X;1;X;X;X;X;2;1;X;X;X;2;X;X;X;X;1.0;1.0;1.0;0.0;0.0;1.0;1.0;1.0;0.0;0.0;0.0;4.0;1.0;0.0;0.0;0.0;4.0;1.0;0.0;0.0
2021/22;Domenica;6;Marzo;Napoli;Milan;0;1;False;False;True;-1;1;2;0;3;228;2;1;2;1;2;X;X;2;X;X;X;X;1;2;1;X;X;1;X;X;X;X;0.0;1.0;1.0;1.0;0.0;0.0;1.0;1.0;1.0;0.0;1.0;0.0;4.0;1.0;0.0;1.0;0.0;4.0;1.0;0.0
2021/22;Sabato;12;Marzo;Salernitana;Sassuolo;2;2;False;True;False;0;0;X;1;1;228;X;X;X;2;1;2;X;X;X;X;X;X;X;1;2;1;X;X;X;X;1;X;2.0;0.0;1.0;1.0;1.0;2.0;0.0;1.0;1.0;1.0;2.0;1.0;0.0;4.0;1.0;2.0;1.0;0.0;4.0;1.0
2021/22;Sabato;12;Marzo;Spezia;Cagliari;2;0;True;False;False;1;-1;1;3;0;228;1;2;1;X;2;1;2;1;X;X;X;X;2;X;1;2;1;2;X;X;X;X;2.0;2.0;0.0;1.0;1.0;2.0;2.0;0.0;1.0;1.0;0.0;2.0;1.0;0.0;4.0;0.0;2.0;1.0;0.0;4.0
2021/22;Sabato;12;Marzo;Sampdoria;Juventus;1;3;False;False;True;-1;1;2;0;3;228;2;1;2;1;X;2;1;2;X;X;X;X;1;2;X;1;2;1;X;X;X;X;1.0;2.0;2.0;0.0;1.0;1.0;2.0;2.0;0.0;1.0;3.0;0.0;2.0;1.0;0.0;3.0;0.0;2.0;1.0;0.0
2021/22;Sabato;12;Marzo;Milan;Empoli;1;0;True;False;False;1;-1;1;3;0;228;1;2;1;2;1;X;2;1;X;X;X;X;2;1;2;X;1;2;X;X;X;X;1.0;1.0;2.0;2.0;0.0;1.0;1.0;2.0;2.0;0.0;0.0;3.0;0.0;2.0;1.0;0.0;3.0;0.0;2.0;1.0
2021/22;Domenica;13;Marzo;Fiorentina;Bologna;1;0;True;False;False;1;-1;1;3;0;228;1;2;1;1;2;1;X;1;X;X;X;X;2;2;1;2;X;2;X;X;X;X;1.0;1.0;1.0;2.0;2.0;1.0;1.0;1.0;2.0;2.0;0.0;0.0;3.0;0.0;2.0;0.0;0.0;3.0;0.0;2.0
2021/22;Domenica;13;Marzo;Hellas Verona;Napoli;1;2;False;False;True;-1;1;2;0;3;228;2;1;2;1;1;2;1;2;X;X;X;X;1;2;2;1;2;1;X;X;X;X;1.0;1.0;1.0;1.0;2.0;1.0;1.0;1.0;1.0;2.0;2.0;0.0;0.0;3.0;0.0;2.0;0.0;0.0;3.0;0.0
2021/22;Domenica;13;Marzo;Atalanta;Genoa;0;0;False;True;False;0;0;X;1;1;228;X;X;X;2;1;1;2;X;X;X;X;X;X;1;2;2;1;X;X;X;X;X;0.0;1.0;1.0;1.0;1.0;0.0;1.0;1.0;1.0;1.0;0.0;2.0;0.0;0.0;3.0;0.0;2.0;0.0;0.0;3.0
2021/22;Domenica;13;Marzo;Udinese;Roma;1;1;False;True;False;0;0;X;1;1;228;X;X;X;X;2;1;1;X;X;X;X;X;X;X;1;2;2;X;X;X;X;X;1.0;0.0;1.0;1.0;1.0;1.0;0.0;1.0;1.0;1.0;1.0;0.0;2.0;0.0;0.0;1.0;0.0;2.0;0.0;0.0
2021/22;Domenica;13;Marzo;Torino;Inter;1;1;False;True;False;0;0;X;1;1;228;X;X;X;X;X;2;1;X;X;X;X;X;X;X;X;1;2;X;X;X;X;X;1.0;1.0;0.0;1.0;1.0;1.0;1.0;0.0;1.0;1.0;1.0;1.0;0.0;2.0;0.0;1.0;1.0;0.0;2.0;0.0
2021/22;Lunedì;14;Marzo;Lazio;Venezia;1;0;True;False;False;1;-1;1;3;0;228;1;2;1;X;X;X;2;1;X;X;X;X;2;X;X;X;1;2;X;X;X;X;1.0;1.0;1.0;0.0;1.0;1.0;1.0;1.0;0.0;1.0;0.0;1.0;1.0;0.0;2.0;0.0;1.0;1.0;0.0;2.0
2021/22;Venerdì;18;Marzo;Sassuolo;Spezia;4;1;True;False;False;1;-1;1;3;0;228;1;2;1;1;X;X;X;1;X;X;X;X;2;2;X;X;X;2;X;X;X;X;4.0;1.0;1.0;1.0;0.0;4.0;1.0;1.0;1.0;0.0;1.0;0.0;1.0;1.0;0.0;1.0;0.0;1.0;1.0;0.0
2021/22;Venerdì;18;Marzo;Genoa;Torino;1;0;True;False;False;1;-1;1;3;0;228;1;2;1;1;1;X;X;1;X;X;X;X;2;2;2;X;X;2;X;X;X;X;1.0;4.0;1.0;1.0;1.0;1.0;4.0;1.0;1.0;1.0;0.0;1.0;0.0;1.0;1.0;0.0;1.0;0.0;1.0;1.0
2021/22;Sabato;19;Marzo;Napoli;Udinese;2;1;True;False;False;1;-1;1;3;0;228;1;2;1;1;1;1;X;1;X;X;X;X;2;2;2;2;X;2;X;X;X;X;2.0;1.0;4.0;1.0;1.0;2.0;1.0;4.0;1.0;1.0;1.0;0.0;1.0;0.0;1.0;1.0;0.0;1.0;0.0;1.0
2021/22;Sabato;19;Marzo;Inter;Fiorentina;1;1;False;True;False;0;0;X;1;1;228;X;X;X;1;1;1;1;X;X;X;X;X;X;2;2;2;2;X;X;X;X;X;1.0;2.0;1.0;4.0;1.0;1.0;2.0;1.0;4.0;1.0;1.0;1.0;0.0;1.0;0.0;1.0;1.0;0.0;1.0;0.0
2021/22;Sabato;19;Marzo;Cagliari;Milan;0;1;False;False;True;-1;1;2;0;3;228;2;1;2;X;1;1;1;2;X;X;X;X;1;X;2;2;2;1;X;X;X;X;0.0;1.0;2.0;1.0;4.0;0.0;1.0;2.0;1.0;4.0;1.0;1.0;1.0;0.0;1.0;1.0;1.0;1.0;0.0;1.0
2021/22;Domenica;20;Marzo;Venezia;Sampdoria;0;2;False;False;True;-1;1;2;0;3;228;2;1;2;2;X;1;1;2;X;X;X;X;1;1;X;2;2;1;X;X;X;X;0.0;0.0;1.0;2.0;1.0;0.0;0.0;1.0;2.0;1.0;2.0;1.0;1.0;1.0;0.0;2.0;1.0;1.0;1.0;0.0
2021/22;Domenica;20;Marzo;Empoli;Hellas Verona;1;1;False;True;False;0;0;X;1;1;228;X;X;X;2;2;X;1;X;X;X;X;X;X;1;1;X;2;X;X;X;X;X;1.0;0.0;0.0;1.0;2.0;1.0;0.0;0.0;1.0;2.0;1.0;2.0;1.0;1.0;1.0;1.0;2.0;1.0;1.0;1.0
2021/22;Domenica;20;Marzo;Juventus;Salernitana;2;0;True;False;False;1;-1;1;3;0;228;1;2;1;X;2;2;X;1;X;X;X;X;2;X;1;1;X;2;X;X;X;X;2.0;1.0;0.0;0.0;1.0;2.0;1.0;0.0;0.0;1.0;0.0;1.0;2.0;1.0;1.0;0.0;1.0;2.0;1.0;1.0
2021/22;Domenica;20;Marzo;Roma;Lazio;3;0;True;False;False;1;-1;1;3;0;228;1;2;1;1;X;2;2;1;X;X;X;X;2;2;X;1;1;2;X;X;X;X;3.0;2.0;1.0;0.0;0.0;3.0;2.0;1.0;0.0;0.0;0.0;0.0;1.0;2.0;1.0;0.0;0.0;1.0;2.0;1.0
2021/22;Domenica;20;Marzo;Bologna;Atalanta;0;1;False;False;True;-1;1;2;0;3;228;2;1;2;1;1;X;2;2;X;X;X;X;1;2;2;X;1;1;X;X;X;X;0.0;3.0;2.0;1.0;0.0;0.0;3.0;2.0;1.0;0.0;1.0;0.0;0.0;1.0;2.0;1.0;0.0;0.0;1.0;2.0
2021/22;Sabato;2;Aprile;Spezia;Venezia;1;0;True;False;False;1;-1;1;3;0;228;1;2;1;2;1;1;X;1;X;X;X;X;2;1;2;2;X;2;X;X;X;X;1.0;0.0;3.0;2.0;1.0;1.0;0.0;3.0;2.0;1.0;0.0;1.0;0.0;0.0;1.0;0.0;1.0;0.0;0.0;1.0
2021/22;Sabato;2;Aprile;Lazio;Sassuolo;2;1;True;False;False;1;-1;1;3;0;228;1;2;1;1;2;1;1;1;X;X;X;X;2;2;1;2;2;2;X;X;X;X;2.0;1.0;0.0;3.0;2.0;2.0;1.0;0.0;3.0;2.0;1.0;0.0;1.0;0.0;0.0;1.0;0.0;1.0;0.0;0.0
2021/22;Sabato;2;Aprile;Salernitana;Torino;0;1;False;False;True;-1;1;2;0;3;228;2;1;2;1;1;2;1;2;X;X;X;X;1;2;2;1;2;1;X;X;X;X;0.0;2.0;1.0;0.0;3.0;0.0;2.0;1.0;0.0;3.0;1.0;1.0;0.0;1.0;0.0;1.0;1.0;0.0;1.0;0.0
2021/22;Domenica;3;Aprile;Fiorentina;Empoli;1;0;True;False;False;1;-1;1;3;0;228;1;2;1;2;1;1;2;1;X;X;X;X;2;1;2;2;1;2;X;X;X;X;1.0;0.0;2.0;1.0;0.0;1.0;0.0;2.0;1.0;0.0;0.0;1.0;1.0;0.0;1.0;0.0;1.0;1.0;0.0;1.0
2021/22;Domenica;3;Aprile;Atalanta;Napoli;1;3;False;False;True;-1;1;2;0;3;228;2;1;2;1;2;1;1;2;X;X;X;X;1;2;1;2;2;1;X;X;X;X;1.0;1.0;0.0;2.0;1.0;1.0;1.0;0.0;2.0;1.0;3.0;0.0;1.0;1.0;0.0;3.0;0.0;1.0;1.0;0.0
2021/22;Domenica;3;Aprile;Udinese;Cagliari;5;1;True;False;False;1;-1;1;3;0;228;1;2;1;2;1;2;1;1;X;X;X;X;2;1;2;1;2;2;X;X;X;X;5.0;1.0;1.0;0.0;2.0;5.0;1.0;1.0;0.0;2.0;1.0;3.0;0.0;1.0;1.0;1.0;3.0;0.0;1.0;1.0
2021/22;Domenica;3;Aprile;Sampdoria;Roma;0;1;False;False;True;-1;1;2;0;3;228;2;1;2;1;2;1;2;2;X;X;X;X;1;2;1;2;1;1;X;X;X;X;0.0;5.0;1.0;1.0;0.0;0.0;5.0;1.0;1.0;0.0;1.0;1.0;3.0;0.0;1.0;1.0;1.0;3.0;0.0;1.0
2021/22;Domenica;3;Aprile;Juventus;Inter;0;1;False;False;True;-1;1;2;0;3;228;2;1;2;2;1;2;1;2;X;X;X;X;1;1;2;1;2;1;X;X;X;X;0.0;0.0;5.0;1.0;1.0;0.0;0.0;5.0;1.0;1.0;1.0;1.0;1.0;3.0;0.0;1.0;1.0;1.0;3.0;0.0
2021/22;Lunedì;4;Aprile;Hellas Verona;Genoa;1;0;True;False;False;1;-1;1;3;0;228;1;2;1;2;2;1;2;1;X;X;X;X;2;1;1;2;1;2;X;X;X;X;1.0;0.0;0.0;5.0;1.0;1.0;0.0;0.0;5.0;1.0;0.0;1.0;1.0;1.0;3.0;0.0;1.0;1.0;1.0;3.0
2021/22;Lunedì;4;Aprile;Milan;Bologna;0;0;False;True;False;0;0;X;1;1;228;X;X;X;1;2;2;1;X;X;X;X;X;X;2;1;1;2;X;X;X;X;X;0.0;1.0;0.0;0.0;5.0;0.0;1.0;0.0;0.0;5.0;0.0;0.0;1.0;1.0;1.0;0.0;0.0;1.0;1.0;1.0
2021/22;Sabato;9;Aprile;Empoli;Spezia;0;0;False;True;False;0;0;X;1;1;228;X;X;X;X;1;2;2;X;X;X;X;X;X;X;2;1;1;X;X;X;X;X;0.0;0.0;1.0;0.0;0.0;0.0;0.0;1.0;0.0;0.0;0.0;0.0;0.0;1.0;1.0;0.0;0.0;0.0;1.0;1.0
2021/22;Sabato;9;Aprile;Inter;Hellas Verona;2;0;True;False;False;1;-1;1;3;0;228;1;2;1;X;X;1;2;1;X;X;X;X;2;X;X;2;1;2;X;X;X;X;2.0;0.0;0.0;1.0;0.0;2.0;0.0;0.0;1.0;0.0;0.0;0.0;0.0;0.0;1.0;0.0;0.0;0.0;0.0;1.0
2021/22;Sabato;9;Aprile;Cagliari;Juventus;1;2;False;False;True;-1;1;2;0;3;228;2;1;2;1;X;X;1;2;X;X;X;X;1;2;X;X;2;1;X;X;X;X;1.0;2.0;0.0;0.0;1.0;1.0;2.0;0.0;0.0;1.0;2.0;0.0;0.0;0.0;0.0;2.0;0.0;0.0;0.0;0.0
2021/22;Domenica;10;Aprile;Genoa;Lazio;1;4;False;False;True;-1;1;2;0;3;228;2;1;2;2;1;X;X;2;X;X;X;X;1;1;2;X;X;1;X;X;X;X;1.0;1.0;2.0;0.0;0.0;1.0;1.0;2.0;0.0;0.0;4.0;2.0;0.0;0.0;0.0;4.0;2.0;0.0;0.0;0.0
2021/22;Domenica;10;Aprile;Napoli;Fiorentina;2;3;False;False;True;-1;1;2;0;3;228;2;1;2;2;2;1;X;2;X;X;X;X;1;1;1;2;X;1;X;X;X;X;2.0;1.0;1.0;2.0;0.0;2.0;1.0;1.0;2.0;0.0;3.0;4.0;2.0;0.0;0.0;3.0;4.0;2.0;0.0;0.0
2021/22;Domenica;10;Aprile;Sassuolo;Atalanta;2;1;True;False;False;1;-1;1;3;0;228;1;2;1;2;2;2;1;1;X;X;X;X;2;1;1;1;2;2;X;X;X;X;2.0;2.0;1.0;1.0;2.0;2.0;2.0;1.0;1.0;2.0;1.0;3.0;4.0;2.0;0.0;1.0;3.0;4.0;2.0;0.0
2021/22;Domenica;10;Aprile;Venezia;Udinese;1;2;False;False;True;-1;1;2;0;3;228;2;1;2;1;2;2;2;2;X;X;X;X;1;2;1;1;1;1;X;X;X;X;1.0;2.0;2.0;1.0;1.0;1.0;2.0;2.0;1.0;1.0;2.0;1.0;3.0;4.0;2.0;2.0;1.0;3.0;4.0;2.0
2021/22;Domenica;10;Aprile;Roma;Salernitana;2;1;True;False;False;1;-1;1;3;0;228;1;2;1;2;1;2;2;1;X;X;X;X;2;1;2;1;1;2;X;X;X;X;2.0;1.0;2.0;2.0;1.0;2.0;1.0;2.0;2.0;1.0;1.0;2.0;1.0;3.0;4.0;1.0;2.0;1.0;3.0;4.0
2021/22;Domenica;10;Aprile;Torino;Milan;0;0;False;True;False;0;0;X;1;1;228;X;X;X;1;2;1;2;X;X;X;X;X;X;2;1;2;1;X;X;X;X;X;0.0;2.0;1.0;2.0;2.0;0.0;2.0;1.0;2.0;2.0;0.0;1.0;2.0;1.0;3.0;0.0;1.0;2.0;1.0;3.0
2021/22;Lunedì;11;Aprile;Bologna;Sampdoria;2;0;True;False;False;1;-1;1;3;0;228;1;2;1;X;1;2;1;1;X;X;X;X;2;X;2;1;2;2;X;X;X;X;2.0;0.0;2.0;1.0;2.0;2.0;0.0;2.0;1.0;2.0;0.0;0.0;1.0;2.0;1.0;0.0;0.0;1.0;2.0;1.0
2021/22;Venerdì;15;Aprile;Spezia;Inter;1;3;False;False;True;-1;1;2;0;3;228;2;1;2;1;X;1;2;2;X;X;X;X;1;2;X;2;1;1;X;X;X;X;1.0;2.0;0.0;2.0;1.0;1.0;2.0;0.0;2.0;1.0;3.0;0.0;0.0;1.0;2.0;3.0;0.0;0.0;1.0;2.0
2021/22;Venerdì;15;Aprile;Milan;Genoa;2;0;True;False;False;1;-1;1;3;0;228;1;2;1;2;1;X;1;1;X;X;X;X;2;1;2;X;2;2;X;X;X;X;2.0;1.0;2.0;0.0;2.0;2.0;1.0;2.0;0.0;2.0;0.0;3.0;0.0;0.0;1.0;0.0;3.0;0.0;0.0;1.0
2021/22;Sabato;16;Aprile;Cagliari;Sassuolo;1;0;True;False;False;1;-1;1;3;0;228;1;2;1;1;2;1;X;1;X;X;X;X;2;2;1;2;X;2;X;X;X;X;1.0;2.0;1.0;2.0;0.0;1.0;2.0;1.0;2.0;0.0;0.0;0.0;3.0;0.0;0.0;0.0;0.0;3.0;0.0;0.0
2021/22;Sabato;16;Aprile;Sampdoria;Salernitana;1;2;False;False;True;-1;1;2;0;3;228;2;1;2;1;1;2;1;2;X;X;X;X;1;2;2;1;2;1;X;X;X;X;1.0;1.0;2.0;1.0;2.0;1.0;1.0;2.0;1.0;2.0;2.0;0.0;0.0;3.0;0.0;2.0;0.0;0.0;3.0;0.0
2021/22;Sabato;16;Aprile;Udinese;Empoli;4;1;True;False;False;1;-1;1;3;0;228;1;2;1;2;1;1;2;1;X;X;X;X;2;1;2;2;1;2;X;X;X;X;4.0;1.0;1.0;2.0;1.0;4.0;1.0;1.0;2.0;1.0;1.0;2.0;0.0;0.0;3.0;1.0;2.0;0.0;0.0;3.0
2021/22;Sabato;16;Aprile;Fiorentina;Venezia;1;0;True;False;False;1;-1;1;3;0;228;1;2;1;1;2;1;1;1;X;X;X;X;2;2;1;2;2;2;X;X;X;X;1.0;4.0;1.0;1.0;2.0;1.0;4.0;1.0;1.0;2.0;0.0;1.0;2.0;0.0;0.0;0.0;1.0;2.0;0.0;0.0
2021/22;Sabato;16;Aprile;Juventus;Bologna;1;1;False;True;False;0;0;X;1;1;228;X;X;X;1;1;2;1;X;X;X;X;X;X;2;2;1;2;X;X;X;X;X;1.0;1.0;4.0;1.0;1.0;1.0;1.0;4.0;1.0;1.0;1.0;0.0;1.0;2.0;0.0;1.0;0.0;1.0;2.0;0.0
2021/22;Sabato;16;Aprile;Lazio;Torino;1;1;False;True;False;0;0;X;1;1;228;X;X;X;X;1;1;2;X;X;X;X;X;X;X;2;2;1;X;X;X;X;X;1.0;1.0;1.0;4.0;1.0;1.0;1.0;1.0;4.0;1.0;1.0;1.0;0.0;1.0;2.0;1.0;1.0;0.0;1.0;2.0
2021/22;Lunedì;18;Aprile;Napoli;Roma;1;1;False;True;False;0;0;X;1;1;228;X;X;X;X;X;1;1;X;X;X;X;X;X;X;X;2;2;X;X;X;X;X;1.0;1.0;1.0;1.0;4.0;1.0;1.0;1.0;1.0;4.0;1.0;1.0;1.0;0.0;1.0;1.0;1.0;1.0;0.0;1.0
2021/22;Lunedì;18;Aprile;Atalanta;Hellas Verona;1;2;False;False;True;-1;1;2;0;3;228;2;1;2;X;X;X;1;2;X;X;X;X;1;X;X;X;2;1;X;X;X;X;1.0;1.0;1.0;1.0;1.0;1.0;1.0;1.0;1.0;1.0;2.0;1.0;1.0;1.0;0.0;2.0;1.0;1.0;1.0;0.0
2021/22;Mercoledì;20;Aprile;Udinese;Salernitana;0;1;False;False;True;-1;1;2;0;3;228;2;1;2;2;X;X;X;2;X;X;X;X;1;1;X;X;X;1;X;X;X;X;0.0;1.0;1.0;1.0;1.0;0.0;1.0;1.0;1.0;1.0;1.0;2.0;1.0;1.0;1.0;1.0;2.0;1.0;1.0;1.0
2021/22;Sabato;23;Aprile;Torino;Spezia;2;1;True;False;False;1;-1;1;3;0;228;1;2;1;2;2;X;X;1;X;X;X;X;2;1;1;X;X;2;X;X;X;X;2.0;0.0;1.0;1.0;1.0;2.0;0.0;1.0;1.0;1.0;1.0;1.0;2.0;1.0;1.0;1.0;1.0;2.0;1.0;1.0
2021/22;Sabato;23;Aprile;Venezia;Atalanta;1;3;False;False;True;-1;1;2;0;3;228;2;1;2;1;2;2;X;2;X;X;X;X;1;2;1;1;X;1;X;X;X;X;1.0;2.0;0.0;1.0;1.0;1.0;2.0;0.0;1.0;1.0;3.0;1.0;1.0;2.0;1.0;3.0;1.0;1.0;2.0;1.0
2021/22;Sabato;23;Aprile;Inter;Roma;3;1;True;False;False;1;-1;1;3;0;228;1;2;1;2;1;2;2;1;X;X;X;X;2;1;2;1;1;2;X;X;X;X;3.0;1.0;2.0;0.0;1.0;3.0;1.0;2.0;0.0;1.0;1.0;3.0;1.0;1.0;2.0;1.0;3.0;1.0;1.0;2.0
2021/22;Sabato;23;Aprile;Hellas Verona;Sampdoria;1;1;False;True;False;0;0;X;1;1;228;X;X;X;1;2;1;2;X;X;X;X;X;X;2;1;2;1;X;X;X;X;X;1.0;3.0;1.0;2.0;0.0;1.0;3.0;1.0;2.0;0.0;1.0;1.0;3.0;1.0;1.0;1.0;1.0;3.0;1.0;1.0
2021/22;Domenica;24;Aprile;Salernitana;Fiorentina;2;1;True;False;False;1;-1;1;3;0;228;1;2;1;X;1;2;1;1;X;X;X;X;2;X;2;1;2;2;X;X;X;X;2.0;1.0;3.0;1.0;2.0;2.0;1.0;3.0;1.0;2.0;1.0;1.0;1.0;3.0;1.0;1.0;1.0;1.0;3.0;1.0
2021/22;Domenica;24;Aprile;Bologna;Udinese;2;2;False;True;False;0;0;X;1;1;228;X;X;X;1;X;1;2;X;X;X;X;X;X;2;X;2;1;X;X;X;X;X;2.0;2.0;1.0;3.0;1.0;2.0;2.0;1.0;3.0;1.0;2.0;1.0;1.0;1.0;3.0;2.0;1.0;1.0;1.0;3.0
2021/22;Domenica;24;Aprile;Empoli;Napoli;3;2;True;False;False;1;-1;1;3;0;228;1;2;1;X;1;X;1;1;X;X;X;X;2;X;2;X;2;2;X;X;X;X;3.0;2.0;2.0;1.0;3.0;3.0;2.0;2.0;1.0;3.0;2.0;2.0;1.0;1.0;1.0;2.0;2.0;1.0;1.0;1.0
2021/22;Domenica;24;Aprile;Genoa;Cagliari;1;0;True;False;False;1;-1;1;3;0;228;1;2;1;1;X;1;X;1;X;X;X;X;2;2;X;2;X;2;X;X;X;X;1.0;3.0;2.0;2.0;1.0;1.0;3.0;2.0;2.0;1.0;0.0;2.0;2.0;1.0;1.0;0.0;2.0;2.0;1.0;1.0
2021/22;Domenica;24;Aprile;Lazio;Milan;1;2;False;False;True;-1;1;2;0;3;228;2;1;2;1;1;X;1;2;X;X;X;X;1;2;2;X;2;1;X;X;X;X;1.0;1.0;3.0;2.0;2.0;1.0;1.0;3.0;2.0;2.0;2.0;0.0;2.0;2.0;1.0;2.0;0.0;2.0;2.0;1.0
2021/22;Lunedì;25;Aprile;Sassuolo;Juventus;1;2;False;False;True;-1;1;2;0;3;228;2;1;2;2;1;1;X;2;X;X;X;X;1;1;2;2;X;1;X;X;X;X;1.0;1.0;1.0;3.0;2.0;1.0;1.0;1.0;3.0;2.0;2.0;2.0;0.0;2.0;2.0;2.0;2.0;0.0;2.0;2.0
2021/22;Mercoledì;27;Aprile;Fiorentina;Udinese;0;4;False;False;True;-1;1;2;0;3;228;2;1;2;2;2;1;1;2;X;X;X;X;1;1;1;2;2;1;X;X;X;X;0.0;1.0;1.0;1.0;3.0;0.0;1.0;1.0;1.0;3.0;4.0;2.0;2.0;0.0;2.0;4.0;2.0;2.0;0.0;2.0
2021/22;Mercoledì;27;Aprile;Atalanta;Torino;4;4;False;True;False;0;0;X;1;1;228;X;X;X;2;2;2;1;X;X;X;X;X;X;1;1;1;2;X;X;X;X;X;4.0;0.0;1.0;1.0;1.0;4.0;0.0;1.0;1.0;1.0;4.0;4.0;2.0;2.0;0.0;4.0;4.0;2.0;2.0;0.0
2021/22;Mercoledì;27;Aprile;Bologna;Inter;2;1;True;False;False;1;-1;1;3;0;228;1;2;1;X;2;2;2;1;X;X;X;X;2;X;1;1;1;2;X;X;X;X;2.0;4.0;0.0;1.0;1.0;2.0;4.0;0.0;1.0;1.0;1.0;4.0;4.0;2.0;2.0;1.0;4.0;4.0;2.0;2.0
2021/22;Sabato;30;Aprile;Cagliari;Hellas Verona;1;2;False;False;True;-1;1;2;0;3;228;2;1;2;1;X;2;2;2;X;X;X;X;1;2;X;1;1;1;X;X;X;X;1.0;2.0;4.0;0.0;1.0;1.0;2.0;4.0;0.0;1.0;2.0;1.0;4.0;4.0;2.0;2.0;1.0;4.0;4.0;2.0
2021/22;Sabato;30;Aprile;Napoli;Sassuolo;6;1;True;False;False;1;-1;1;3;0;228;1;2;1;2;1;X;2;1;X;X;X;X;2;1;2;X;1;2;X;X;X;X;6.0;1.0;2.0;4.0;0.0;6.0;1.0;2.0;4.0;0.0;1.0;2.0;1.0;4.0;4.0;1.0;2.0;1.0;4.0;4.0
2021/22;Sabato;30;Aprile;Sampdoria;Genoa;1;0;True;False;False;1;-1;1;3;0;228;1;2;1;1;2;1;X;1;X;X;X;X;2;2;1;2;X;2;X;X;X;X;1.0;6.0;1.0;2.0;4.0;1.0;6.0;1.0;2.0;4.0;0.0;1.0;2.0;1.0;4.0;0.0;1.0;2.0;1.0;4.0
2021/22;Sabato;30;Aprile;Spezia;Lazio;3;4;False;False;True;-1;1;2;0;3;228;2;1;2;1;1;2;1;2;X;X;X;X;1;2;2;1;2;1;X;X;X;X;3.0;1.0;6.0;1.0;2.0;3.0;1.0;6.0;1.0;2.0;4.0;0.0;1.0;2.0;1.0;4.0;0.0;1.0;2.0;1.0
2021/22;Domenica;1;Maggio;Juventus;Venezia;2;1;True;False;False;1;-1;1;3;0;228;1;2;1;2;1;1;2;1;X;X;X;X;2;1;2;2;1;2;X;X;X;X;2.0;3.0;1.0;6.0;1.0;2.0;3.0;1.0;6.0;1.0;1.0;4.0;0.0;1.0;2.0;1.0;4.0;0.0;1.0;2.0
2021/22;Domenica;1;Maggio;Milan;Fiorentina;1;0;True;False;False;1;-1;1;3;0;228;1;2;1;1;2;1;1;1;X;X;X;X;2;2;1;2;2;2;X;X;X;X;1.0;2.0;3.0;1.0;6.0;1.0;2.0;3.0;1.0;6.0;0.0;1.0;4.0;0.0;1.0;0.0;1.0;4.0;0.0;1.0
2021/22;Domenica;1;Maggio;Empoli;Torino;1;3;False;False;True;-1;1;2;0;3;228;2;1;2;1;1;2;1;2;X;X;X;X;1;2;2;1;2;1;X;X;X;X;1.0;1.0;2.0;3.0;1.0;1.0;1.0;2.0;3.0;1.0;3.0;0.0;1.0;4.0;0.0;3.0;0.0;1.0;4.0;0.0
2021/22;Domenica;1;Maggio;Udinese;Inter;1;2;False;False;True;-1;1;2;0;3;228;2;1;2;2;1;1;2;2;X;X;X;X;1;1;2;2;1;1;X;X;X;X;1.0;1.0;1.0;2.0;3.0;1.0;1.0;1.0;2.0;3.0;2.0;3.0;0.0;1.0;4.0;2.0;3.0;0.0;1.0;4.0
2021/22;Domenica;1;Maggio;Roma;Bologna;0;0;False;True;False;0;0;X;1;1;228;X;X;X;2;2;1;1;X;X;X;X;X;X;1;1;2;2;X;X;X;X;X;0.0;1.0;1.0;1.0;2.0;0.0;1.0;1.0;1.0;2.0;0.0;2.0;3.0;0.0;1.0;0.0;2.0;3.0;0.0;1.0
2021/22;Lunedì;2;Maggio;Atalanta;Salernitana;1;1;False;True;False;0;0;X;1;1;228;X;X;X;X;2;2;1;X;X;X;X;X;X;X;1;1;2;X;X;X;X;X;1.0;0.0;1.0;1.0;1.0;1.0;0.0;1.0;1.0;1.0;1.0;0.0;2.0;3.0;0.0;1.0;0.0;2.0;3.0;0.0
2021/22;Giovedì;5;Maggio;Salernitana;Venezia;2;1;True;False;False;1;-1;1;3;0;228;1;2;1;X;X;2;2;1;X;X;X;X;2;X;X;1;1;2;X;X;X;X;2.0;1.0;0.0;1.0;1.0;2.0;1.0;0.0;1.0;1.0;1.0;1.0;0.0;2.0;3.0;1.0;1.0;0.0;2.0;3.0
2021/22;Venerdì;6;Maggio;Inter;Empoli;4;2;True;False;False;1;-1;1;3;0;228;1;2;1;1;X;X;2;1;X;X;X;X;2;2;X;X;1;2;X;X;X;X;4.0;2.0;1.0;0.0;1.0;4.0;2.0;1.0;0.0;1.0;2.0;1.0;1.0;0.0;2.0;2.0;1.0;1.0;0.0;2.0
2021/22;Venerdì;6;Maggio;Genoa;Juventus;2;1;True;False;False;1;-1;1;3;0;228;1;2;1;1;1;X;X;1;X;X;X;X;2;2;2;X;X;2;X;X;X;X;2.0;4.0;2.0;1.0;0.0;2.0;4.0;2.0;1.0;0.0;1.0;2.0;1.0;1.0;0.0;1.0;2.0;1.0;1.0;0.0
2021/22;Sabato;7;Maggio;Torino;Napoli;0;1;False;False;True;-1;1;2;0;3;228;2;1;2;1;1;1;X;2;X;X;X;X;1;2;2;2;X;1;X;X;X;X;0.0;2.0;4.0;2.0;1.0;0.0;2.0;4.0;2.0;1.0;1.0;1.0;2.0;1.0;1.0;1.0;1.0;2.0;1.0;1.0
2021/22;Sabato;7;Maggio;Sassuolo;Udinese;1;1;False;True;False;0;0;X;1;1;228;X;X;X;2;1;1;1;X;X;X;X;X;X;1;2;2;2;X;X;X;X;X;1.0;0.0;2.0;4.0;2.0;1.0;0.0;2.0;4.0;2.0;1.0;1.0;1.0;2.0;1.0;1.0;1.0;1.0;2.0;1.0
2021/22;Sabato;7;Maggio;Lazio;Sampdoria;2;0;True;False;False;1;-1;1;3;0;228;1;2;1;X;2;1;1;1;X;X;X;X;2;X;1;2;2;2;X;X;X;X;2.0;1.0;0.0;2.0;4.0;2.0;1.0;0.0;2.0;4.0;0.0;1.0;1.0;1.0;2.0;0.0;1.0;1.0;1.0;2.0
2021/22;Domenica;8;Maggio;Spezia;Atalanta;1;3;False;False;True;-1;1;2;0;3;228;2;1;2;1;X;2;1;2;X;X;X;X;1;2;X;1;2;1;X;X;X;X;1.0;2.0;1.0;0.0;2.0;1.0;2.0;1.0;0.0;2.0;3.0;0.0;1.0;1.0;1.0;3.0;0.0;1.0;1.0;1.0
2021/22;Domenica;8;Maggio;Venezia;Bologna;4;3;True;False;False;1;-1;1;3;0;228;1;2;1;2;1;X;2;1;X;X;X;X;2;1;2;X;1;2;X;X;X;X;4.0;1.0;2.0;1.0;0.0;4.0;1.0;2.0;1.0;0.0;3.0;3.0;0.0;1.0;1.0;3.0;3.0;0.0;1.0;1.0
2021/22;Domenica;8;Maggio;Salernitana;Cagliari;1;1;False;True;False;0;0;X;1;1;228;X;X;X;1;2;1;X;X;X;X;X;X;X;2;1;2;X;X;X;X;X;X;1.0;4.0;1.0;2.0;1.0;1.0;4.0;1.0;2.0;1.0;1.0;3.0;3.0;0.0;1.0;1.0;3.0;3.0;0.0;1.0
2021/22;Domenica;8;Maggio;Hellas Verona;Milan;1;3;False;False;True;-1;1;2;0;3;228;2;1;2;X;1;2;1;2;X;X;X;X;1;X;2;1;2;1;X;X;X;X;1.0;1.0;4.0;1.0;2.0;1.0;1.0;4.0;1.0;2.0;3.0;1.0;3.0;3.0;0.0;3.0;1.0;3.0;3.0;0.0
2021/22;Lunedì;9;Maggio;Fiorentina;Roma;2;0;True;False;False;1;-1;1;3;0;228;1;2;1;2;X;1;2;1;X;X;X;X;2;1;X;2;1;2;X;X;X;X;2.0;1.0;1.0;4.0;1.0;2.0;1.0;1.0;4.0;1.0;0.0;3.0;1.0;3.0;3.0;0.0;3.0;1.0;3.0;3.0
2021/22;Sabato;14;Maggio;Empoli;Salernitana;1;1;False;True;False;0;0;X;1;1;228;X;X;X;1;2;X;1;X;X;X;X;X;X;2;1;X;2;X;X;X;X;X;1.0;2.0;1.0;1.0;4.0;1.0;2.0;1.0;1.0;4.0;1.0;0.0;3.0;1.0;3.0;1.0;0.0;3.0;1.0;3.0
2021/22;Sabato;14;Maggio;Hellas Verona;Torino;0;1;False;False;True;-1;1;2;0;3;228;2;1;2;X;1;2;X;2;X;X;2;X;1;X;2;1;X;1;X;X;X;X;0.0;1.0;2.0;1.0;1.0;0.0;1.0;2.0;1.0;1.0;1.0;1.0;0.0;3.0;1.0;1.0;1.0;0.0;3.0;1.0
2021/22;Sabato;14;Maggio;Udinese;Spezia;2;3;False;False;True;-1;1;2;0;3;228;2;1;2;2;X;1;2;2;X;X;X;X;1;1;X;2;1;1;X;X;X;X;2.0;0.0;1.0;2.0;1.0;2.0;0.0;1.0;2.0;1.0;3.0;1.0;1.0;0.0;3.0;3.0;1.0;1.0;0.0;3.0
2021/22;Sabato;14;Maggio;Roma;Venezia;1;1;False;True;False;0;0;X;1;1;228;X;X;X;2;2;X;1;X;X;X;X;X;X;1;1;X;2;X;X;X;X;X;1.0;2.0;0.0;1.0;2.0;1.0;2.0;0.0;1.0;2.0;1.0;3.0;1.0;1.0;0.0;1.0;3.0;1.0;1.0;0.0
2021/22;Domenica;15;Maggio;Bologna;Sassuolo;1;3;False;False;True;-1;1;2;0;3;228;2;1;2;X;2;2;X;2;X;X;X;X;1;X;1;1;X;1;X;X;X;X;1.0;1.0;2.0;0.0;1.0;1.0;1.0;2.0;0.0;1.0;3.0;1.0;3.0;1.0;1.0;3.0;1.0;3.0;1.0;1.0
2021/22;Domenica;15;Maggio;Napoli;Genoa;3;0;True;False;False;1;-1;1;3;0;228;1;2;1;2;X;2;2;1;X;X;X;X;2;1;X;1;1;2;X;X;X;X;3.0;1.0;1.0;2.0;0.0;3.0;1.0;1.0;2.0;0.0;0.0;3.0;1.0;3.0;1.0;0.0;3.0;1.0;3.0;1.0
2021/22;Domenica;15;Maggio;Milan;Atalanta;2;0;True;False;False;1;-1;1;3;0;228;1;2;1;1;2;X;2;1;X;X;X;X;2;2;1;X;1;2;X;X;X;X;2.0;3.0;1.0;1.0;2.0;2.0;3.0;1.0;1.0;2.0;0.0;0.0;3.0;1.0;3.0;0.0;0.0;3.0;1.0;3.0
2021/22;Domenica;15;Maggio;Cagliari;Inter;1;3;False;False;True;-1;1;2;0;3;228;2;1;2;1;1;2;X;2;X;X;X;X;1;2;2;1;X;1;X;X;X;X;1.0;2.0;3.0;1.0;1.0;1.0;2.0;3.0;1.0;1.0;3.0;0.0;0.0;3.0;1.0;3.0;0.0;0.0;3.0;1.0
2021/22;Lunedì;16;Maggio;Sampdoria;Fiorentina;4;1;True;False;False;1;-1;1;3;0;228;1;2;1;2;1;1;2;1;X;X;X;X;2;1;2;2;1;2;X;X;X;X;4.0;1.0;2.0;3.0;1.0;4.0;1.0;2.0;3.0;1.0;1.0;3.0;0.0;0.0;3.0;1.0;3.0;0.0;0.0;3.0
2021/22;Lunedì;16;Maggio;Juventus;Lazio;2;2;False;True;False;0;0;X;1;1;228;X;X;X;1;2;1;1;X;X;X;X;X;X;2;1;2;2;X;X;X;X;X;2.0;4.0;1.0;2.0;3.0;2.0;4.0;1.0;2.0;3.0;2.0;1.0;3.0;0.0;0.0;2.0;1.0;3.0;0.0;0.0
2021/22;Venerdì;20;Maggio;Torino;Roma;0;3;False;False;True;-1;1;2;0;3;228;2;1;2;X;1;2;1;2;X;X;X;X;1;X;2;1;2;1;X;X;X;X;0.0;2.0;4.0;1.0;2.0;0.0;2.0;4.0;1.0;2.0;3.0;2.0;1.0;3.0;0.0;3.0;2.0;1.0;3.0;0.0
2021/22;Sabato;21;Maggio;Genoa;Bologna;0;1;False;False;True;-1;1;2;0;3;228;2;1;2;2;X;1;2;2;X;X;X;X;1;1;X;2;1;1;X;X;X;X;0.0;0.0;2.0;4.0;1.0;0.0;0.0;2.0;4.0;1.0;1.0;3.0;2.0;1.0;3.0;1.0;3.0;2.0;1.0;3.0
2021/22;Sabato;21;Maggio;Atalanta;Empoli;0;1;False;False;True;-1;1;2;0;3;228;2;1;2;2;2;X;1;2;X;X;X;X;1;1;1;X;2;1;X;X;X;X;0.0;0.0;0.0;2.0;4.0;0.0;0.0;0.0;2.0;4.0;1.0;1.0;3.0;2.0;1.0;1.0;1.0;3.0;2.0;1.0
2021/22;Sabato;21;Maggio;Fiorentina;Juventus;2;0;True;False;False;1;-1;1;3;0;228;1;2;1;2;2;2;X;1;X;X;X;X;2;1;1;1;X;2;X;X;X;X;2.0;0.0;0.0;0.0;2.0;2.0;0.0;0.0;0.0;2.0;0.0;1.0;1.0;3.0;2.0;0.0;1.0;1.0;3.0;2.0
2021/22;Sabato;21;Maggio;Lazio;Hellas Verona;3;3;False;True;False;0;0;X;1;1;228;X;X;X;1;2;2;2;X;X;X;X;X;X;2;1;1;1;X;X;X;X;X;3.0;2.0;0.0;0.0;0.0;3.0;2.0;0.0;0.0;0.0;3.0;0.0;1.0;1.0;3.0;3.0;0.0;1.0;1.0;3.0
2021/22;Domenica;22;Maggio;Spezia;Napoli;0;3;False;False;True;-1;1;2;0;3;228;2;1;2;X;1;2;2;2;X;X;X;X;1;X;2;1;1;1;X;X;X;X;0.0;3.0;2.0;0.0;0.0;0.0;3.0;2.0;0.0;0.0;3.0;3.0;0.0;1.0;1.0;3.0;3.0;0.0;1.0;1.0
2021/22;Domenica;22;Maggio;Inter;Sampdoria;3;0;True;False;False;1;-1;1;3;0;228;1;2;1;2;X;1;2;1;X;X;X;X;2;1;X;2;1;2;X;X;X;X;3.0;0.0;3.0;2.0;0.0;3.0;0.0;3.0;2.0;0.0;0.0;3.0;3.0;0.0;1.0;0.0;3.0;3.0;0.0;1.0
2021/22;Domenica;22;Maggio;Sassuolo;Milan;0;3;False;False;True;-1;1;2;0;3;228;2;1;2;1;2;X;1;2;X;X;X;X;1;2;1;X;2;1;X;X;X;X;0.0;3.0;0.0;3.0;2.0;0.0;3.0;0.0;3.0;2.0;3.0;0.0;3.0;3.0;0.0;3.0;0.0;3.0;3.0;0.0
2021/22;Domenica;22;Maggio;Salernitana;Udinese;0;4;False;False;True;-1;1;2;0;3;228;2;1;2;2;1;2;X;2;X;X;X;X;1;1;2;1;X;1;X;X;X;X;0.0;0.0;3.0;0.0;3.0;0.0;0.0;3.0;0.0;3.0;4.0;3.0;0.0;3.0;3.0;4.0;3.0;0.0;3.0;3.0
2021/22;Domenica;22;Maggio;Venezia;Cagliari;0;0;False;True;False;0;0;X;1;1;228;X;X;X;2;2;1;2;X;X;X;X;X;X;1;1;2;1;X;X;X;X;X;0.0;0.0;0.0;3.0;0.0;0.0;0.0;0.0;3.0;0.0;0.0;4.0;3.0;0.0;3.0;0.0;4.0;3.0;0.0;3.0
2022/23;Sabato;13;Agosto;Milan;Udinese;4;2;True;False;False;1;-1;1;3;0;228;1;2;1;X;2;2;1;1;X;X;X;X;2;X;1;1;2;2;X;1;X;X;4.0;0.0;0.0;0.0;3.0;4.0;0.0;0.0;0.0;3.0;2.0;0.0;4.0;3.0;0.0;2.0;0.0;4.0;3.0;0.0
2022/23;Sabato;13;Agosto;Sampdoria;Atalanta;0;2;False;False;True;-1;1;2;0;3;228;2;1;2;1;X;2;2;2;X;X;X;X;1;2;X;1;1;1;X;X;X;X;0.0;4.0;0.0;0.0;0.0;0.0;4.0;0.0;0.0;0.0;2.0;2.0;0.0;4.0;3.0;2.0;2.0;0.0;4.0;3.0
2022/23;Sabato;13;Agosto;Lecce;Inter;1;2;False;False;True;-1;1;2;0;3;228;2;1;2;2;1;X;2;2;X;X;X;X;1;1;2;X;1;1;X;X;X;X;1.0;0.0;4.0;0.0;0.0;1.0;0.0;4.0;0.0;0.0;2.0;2.0;2.0;0.0;4.0;2.0;2.0;2.0;0.0;4.0
2022/23;Sabato;13;Agosto;Monza;Torino;1;2;False;False;True;-1;1;2;0;3;228;2;1;2;2;2;1;X;2;X;X;X;X;1;1;1;2;X;1;X;X;X;X;1.0;1.0;0.0;4.0;0.0;1.0;1.0;0.0;4.0;0.0;2.0;2.0;2.0;2.0;0.0;2.0;2.0;2.0;2.0;0.0
2022/23;Domenica;14;Agosto;Fiorentina;Cremonese;3;2;True;False;False;1;-1;1;3;0;228;1;2;1;2;2;2;1;1;X;X;X;X;2;1;1;1;2;2;X;X;X;X;3.0;1.0;1.0;0.0;4.0;3.0;1.0;1.0;0.0;4.0;2.0;2.0;2.0;2.0;2.0;2.0;2.0;2.0;2.0;2.0
2022/23;Domenica;14;Agosto;Lazio;Bologna;2;1;True;False;False;1;-1;1;3;0;228;1;2;1;1;2;2;2;1;X;X;X;X;2;2;1;1;1;2;X;X;X;X;2.0;3.0;1.0;1.0;0.0;2.0;3.0;1.0;1.0;0.0;1.0;2.0;2.0;2.0;2.0;1.0;2.0;2.0;2.0;2.0
2022/23;Domenica;14;Agosto;Salernitana;Roma;0;1;False;False;True;-1;1;2;0;3;228;2;1;2;1;1;2;2;2;X;X;X;X;1;2;2;1;1;1;X;X;X;X;0.0;2.0;3.0;1.0;1.0;0.0;2.0;3.0;1.0;1.0;1.0;1.0;2.0;2.0;2.0;1.0;1.0;2.0;2.0;2.0
2022/23;Domenica;14;Agosto;Spezia;Empoli;1;0;True;False;False;1;-1;1;3;0;228;1;2;1;2;1;1;2;1;X;X;X;X;2;1;2;2;1;2;X;X;X;X;1.0;0.0;2.0;3.0;1.0;1.0;0.0;2.0;3.0;1.0;0.0;1.0;1.0;2.0;2.0;0.0;1.0;1.0;2.0;2.0
2022/23;Lunedì;15;Agosto;Hellas Verona;Napoli;2;5;False;False;True;-1;1;2;0;3;228;2;1;2;1;2;1;1;2;X;X;X;X;1;2;1;2;2;1;X;X;X;X;2.0;1.0;0.0;2.0;3.0;2.0;1.0;0.0;2.0;3.0;5.0;0.0;1.0;1.0;2.0;5.0;0.0;1.0;1.0;2.0
2022/23;Lunedì;15;Agosto;Juventus;Sassuolo;3;0;True;False;False;1;-1;1;3;0;228;1;2;1;2;1;2;1;1;X;X;X;X;2;1;2;1;2;2;X;X;X;X;3.0;2.0;1.0;0.0;2.0;3.0;2.0;1.0;0.0;2.0;0.0;5.0;0.0;1.0;1.0;0.0;5.0;0.0;1.0;1.0
2022/23;Sabato;20;Agosto;Torino;Lazio;0;0;False;True;False;0;0;X;1;1;228;X;X;X;1;2;1;2;X;X;X;X;X;X;2;1;2;1;X;X;X;X;X;0.0;3.0;2.0;1.0;0.0;0.0;3.0;2.0;1.0;0.0;0.0;0.0;5.0;0.0;1.0;0.0;0.0;5.0;0.0;1.0
2022/23;Sabato;20;Agosto;Udinese;Salernitana;0;0;False;True;False;0;0;X;1;1;228;X;X;X;X;1;2;1;X;X;X;X;X;X;X;2;1;2;X;X;X;X;X;0.0;0.0;3.0;2.0;1.0;0.0;0.0;3.0;2.0;1.0;0.0;0.0;0.0;5.0;0.0;0.0;0.0;0.0;5.0;0.0
2022/23;Sabato;20;Agosto;Inter;Spezia;3;0;True;False;False;1;-1;1;3;0;228;1;2;1;X;X;1;2;1;X;X;X;X;2;X;X;2;1;2;X;X;X;X;3.0;0.0;0.0;3.0;2.0;3.0;0.0;0.0;3.0;2.0;0.0;0.0;0.0;0.0;5.0;0.0;0.0;0.0;0.0;5.0
2022/23;Sabato;20;Agosto;Sassuolo;Lecce;1;0;True;False;False;1;-1;1;3;0;228;1;2;1;1;X;X;1;1;X;X;X;X;2;2;X;X;2;2;X;X;X;X;1.0;3.0;0.0;0.0;3.0;1.0;3.0;0.0;0.0;3.0;0.0;0.0;0.0;0.0;0.0;0.0;0.0;0.0;0.0;0.0
2022/23;Domenica;21;Agosto;Empoli;Fiorentina;0;0;False;True;False;0;0;X;1;1;228;X;X;X;1;1;X;X;X;X;X;X;X;X;2;2;X;X;X;X;X;X;X;0.0;1.0;3.0;0.0;0.0;0.0;1.0;3.0;0.0;0.0;0.0;0.0;0.0;0.0;0.0;0.0;0.0;0.0;0.0;0.0
2022/23;Domenica;21;Agosto;Napoli;Monza;4;0;True;False;False;1;-1;1;3;0;228;1;2;1;X;1;1;X;1;X;X;X;X;2;X;2;2;X;2;X;X;X;X;4.0;0.0;1.0;3.0;0.0;4.0;0.0;1.0;3.0;0.0;0.0;0.0;0.0;0.0;0.0;0.0;0.0;0.0;0.0;0.0
2022/23;Domenica;21;Agosto;Atalanta;Milan;1;1;False;True;False;0;0;X;1;1;228;X;X;X;1;X;1;1;X;X;X;X;X;X;2;X;2;2;X;X;X;X;X;1.0;4.0;0.0;1.0;3.0;1.0;4.0;0.0;1.0;3.0;1.0;0.0;0.0;0.0;0.0;1.0;0.0;0.0;0.0;0.0
2022/23;Domenica;21;Agosto;Bologna;Hellas Verona;1;1;False;True;False;0;0;X;1;1;228;X;X;X;X;1;X;1;X;X;X;X;X;X;X;2;X;2;X;X;X;X;X;1.0;1.0;4.0;0.0;1.0;1.0;1.0;4.0;0.0;1.0;1.0;1.0;0.0;0.0;0.0;1.0;1.0;0.0;0.0;0.0
2022/23;Lunedì;22;Agosto;Roma;Cremonese;1;0;True;False;False;1;-1;1;3;0;228;1;2;1;X;X;1;X;1;X;X;X;X;2;X;X;2;X;2;X;X;X;X;1.0;1.0;1.0;4.0;0.0;1.0;1.0;1.0;4.0;0.0;0.0;1.0;1.0;0.0;0.0;0.0;1.0;1.0;0.0;0.0
2022/23;Lunedì;22;Agosto;Sampdoria;Juventus;0;0;False;True;False;0;0;X;1;1;228;X;X;X;1;X;X;1;X;X;X;X;X;X;2;X;X;2;X;X;X;X;X;0.0;1.0;1.0;1.0;4.0;0.0;1.0;1.0;1.0;4.0;0.0;0.0;1.0;1.0;0.0;0.0;0.0;1.0;1.0;0.0
2022/23;Venerdì;26;Agosto;Monza;Udinese;1;2;False;False;True;-1;1;2;0;3;228;2;1;2;X;1;X;X;2;X;X;X;X;1;X;2;X;X;1;X;X;X;X;1.0;0.0;1.0;1.0;1.0;1.0;0.0;1.0;1.0;1.0;2.0;0.0;0.0;1.0;1.0;2.0;0.0;0.0;1.0;1.0
2022/23;Venerdì;26;Agosto;Lazio;Inter;3;1;True;False;False;1;-1;1;3;0;228;1;2;1;2;X;1;X;1;X;X;X;X;2;1;X;2;X;2;X;X;X;X;3.0;1.0;0.0;1.0;1.0;3.0;1.0;0.0;1.0;1.0;1.0;2.0;0.0;0.0;1.0;1.0;2.0;0.0;0.0;1.0
2022/23;Sabato;27;Agosto;Cremonese;Torino;1;2;False;False;True;-1;1;2;0;3;228;2;1;2;1;2;X;1;2;X;X;X;X;1;2;1;X;2;1;X;X;X;X;1.0;3.0;1.0;0.0;1.0;1.0;3.0;1.0;0.0;1.0;2.0;1.0;2.0;0.0;0.0;2.0;1.0;2.0;0.0;0.0
2022/23;Sabato;27;Agosto;Juventus;Roma;1;1;False;True;False;0;0;X;1;1;228;X;X;X;2;1;2;X;X;X;X;X;X;X;1;2;1;X;X;X;X;X;X;1.0;1.0;3.0;1.0;0.0;1.0;1.0;3.0;1.0;0.0;1.0;2.0;1.0;2.0;0.0;1.0;2.0;1.0;2.0;0.0
2022/23;Sabato;27;Agosto;Milan;Bologna;2;0;True;False;False;1;-1;1;3;0;228;1;2;1;X;2;1;2;1;X;X;X;X;2;X;1;2;1;2;X;X;X;X;2.0;1.0;1.0;3.0;1.0;2.0;1.0;1.0;3.0;1.0;0.0;1.0;2.0;1.0;2.0;0.0;1.0;2.0;1.0;2.0
2022/23;Sabato;27;Agosto;Spezia;Sassuolo;2;2;False;True;False;0;0;X;1;1;228;X;X;X;1;X;2;1;X;X;X;X;X;X;2;X;1;2;X;X;X;X;X;2.0;2.0;1.0;1.0;3.0;2.0;2.0;1.0;1.0;3.0;2.0;0.0;1.0;2.0;1.0;2.0;0.0;1.0;2.0;1.0
2022/23;Domenica;28;Agosto;Hellas Verona;Atalanta;0;1;False;False;True;-1;1;2;0;3;228;2;1;2;X;1;X;2;2;X;X;X;X;1;X;2;X;1;1;X;X;X;X;0.0;2.0;2.0;1.0;1.0;0.0;2.0;2.0;1.0;1.0;1.0;2.0;0.0;1.0;2.0;1.0;2.0;0.0;1.0;2.0
2022/23;Domenica;28;Agosto;Salernitana;Sampdoria;4;0;True;False;False;1;-1;1;3;0;228;1;2;1;2;X;1;X;1;X;X;X;X;2;1;X;2;X;2;X;X;X;X;4.0;0.0;2.0;2.0;1.0;4.0;0.0;2.0;2.0;1.0;0.0;1.0;2.0;0.0;1.0;0.0;1.0;2.0;0.0;1.0
2022/23;Domenica;28;Agosto;Fiorentina;Napoli;0;0;False;True;False;0;0;X;1;1;228;X;X;X;1;2;X;1;X;X;X;X;X;X;2;1;X;2;X;X;X;X;X;0.0;4.0;0.0;2.0;2.0;0.0;4.0;0.0;2.0;2.0;0.0;0.0;1.0;2.0;0.0;0.0;0.0;1.0;2.0;0.0
2022/23;Domenica;28;Agosto;Lecce;Empoli;1;1;False;True;False;0;0;X;1;1;228;X;X;X;X;1;2;X;X;X;X;X;X;X;X;2;1;X;X;X;X;X;X;1.0;0.0;4.0;0.0;2.0;1.0;0.0;4.0;0.0;2.0;1.0;0.0;0.0;1.0;2.0;1.0;0.0;0.0;1.0;2.0
2022/23;Martedì;30;Agosto;Sassuolo;Milan;0;0;False;True;False;0;0;X;1;1;228;X;X;X;X;X;1;2;X;X;X;X;X;X;X;X;2;1;X;X;X;X;X;0.0;1.0;0.0;4.0;0.0;0.0;1.0;0.0;4.0;0.0;0.0;1.0;0.0;0.0;1.0;0.0;1.0;0.0;0.0;1.0
2022/23;Martedì;30;Agosto;Roma;Monza;3;0;True;False;False;1;-1;1;3;0;228;1;2;1;X;X;X;1;1;X;X;X;X;2;X;X;X;2;2;X;X;X;X;3.0;0.0;1.0;0.0;4.0;3.0;0.0;1.0;0.0;4.0;0.0;0.0;1.0;0.0;0.0;0.0;0.0;1.0;0.0;0.0
2022/23;Martedì;30;Agosto;Inter;Cremonese;3;1;True;False;False;1;-1;1;3;0;228;1;2;1;1;X;X;X;1;X;X;X;X;2;2;X;X;X;2;X;X;X;X;3.0;3.0;0.0;1.0;0.0;3.0;3.0;0.0;1.0;0.0;1.0;0.0;0.0;1.0;0.0;1.0;0.0;0.0;1.0;0.0
2022/23;Mercoledì;31;Agosto;Empoli;Hellas Verona;1;1;False;True;False;0;0;X;1;1;228;X;X;X;1;1;X;X;X;X;X;X;X;X;2;2;X;X;X;X;X;X;X;1.0;3.0;3.0;0.0;1.0;1.0;3.0;3.0;0.0;1.0;1.0;1.0;0.0;0.0;1.0;1.0;1.0;0.0;0.0;1.0
2022/23;Mercoledì;31;Agosto;Sampdoria;Lazio;1;1;False;True;False;0;0;X;1;1;228;X;X;X;X;1;1;X;X;X;X;X;X;X;X;2;2;X;X;X;X;X;X;1.0;1.0;3.0;3.0;0.0;1.0;1.0;3.0;3.0;0.0;1.0;1.0;1.0;0.0;0.0;1.0;1.0;1.0;0.0;0.0
2022/23;Mercoledì;31;Agosto;Udinese;Fiorentina;1;0;True;False;False;1;-1;1;3;0;228;1;2;1;X;X;1;1;1;X;X;X;X;2;X;X;2;2;2;X;X;X;X;1.0;1.0;1.0;3.0;3.0;1.0;1.0;1.0;3.0;3.0;0.0;1.0;1.0;1.0;0.0;0.0;1.0;1.0;1.0;0.0
2022/23;Mercoledì;31;Agosto;Juventus;Spezia;2;0;True;False;False;1;-1;1;3;0;228;1;2;1;1;X;X;1;1;X;X;X;X;2;2;X;X;2;2;X;X;X;X;2.0;1.0;1.0;1.0;3.0;2.0;1.0;1.0;1.0;3.0;0.0;0.0;1.0;1.0;1.0;0.0;0.0;1.0;1.0;1.0
2022/23;Mercoledì;31;Agosto;Napoli;Lecce;1;1;False;True;False;0;0;X;1;1;228;X;X;X;1;1;X;X;X;X;X;X;X;X;2;2;X;X;X;X;X;X;X;1.0;2.0;1.0;1.0;1.0;1.0;2.0;1.0;1.0;1.0;1.0;0.0;0.0;1.0;1.0;1.0;0.0;0.0;1.0;1.0
2022/23;Giovedì;1;Settembre;Atalanta;Torino;3;1;True;False;False;1;-1;1;3;0;228;1;2;1;X;1;1;X;1;X;X;X;X;2;X;2;2;X;2;X;X;X;X;3.0;1.0;2.0;1.0;1.0;3.0;1.0;2.0;1.0;1.0;1.0;1.0;0.0;0.0;1.0;1.0;1.0;0.0;0.0;1.0
2022/23;Giovedì;1;Settembre;Bologna;Salernitana;1;1;False;True;False;0;0;X;1;1;228;X;X;X;1;X;1;1;X;X;X;X;X;X;2;X;2;2;X;X;X;X;X;1.0;3.0;1.0;2.0;1.0;1.0;3.0;1.0;2.0;1.0;1.0;1.0;1.0;0.0;0.0;1.0;1.0;1.0;0.0;0.0
2022/23;Sabato;3;Settembre;Fiorentina;Juventus;1;1;False;True;False;0;0;X;1;1;228;X;X;X;X;1;X;1;X;X;X;X;X;X;X;2;X;2;X;X;X;X;X;1.0;1.0;3.0;1.0;2.0;1.0;1.0;3.0;1.0;2.0;1.0;1.0;1.0;1.0;0.0;1.0;1.0;1.0;1.0;0.0
2022/23;Sabato;3;Settembre;Milan;Inter;3;2;True;False;False;1;-1;1;3;0;228;1;2;1;X;X;1;X;1;X;X;X;X;2;X;X;2;X;2;X;X;X;X;3.0;1.0;1.0;3.0;1.0;3.0;1.0;1.0;3.0;1.0;2.0;1.0;1.0;1.0;1.0;2.0;1.0;1.0;1.0;1.0
2022/23;Sabato;3;Settembre;Lazio;Napoli;1;2;False;False;True;-1;1;2;0;3;228;2;1;2;1;X;X;1;2;X;X;X;X;1;2;X;X;2;1;X;X;X;X;1.0;3.0;1.0;1.0;3.0;1.0;3.0;1.0;1.0;3.0;2.0;2.0;1.0;1.0;1.0;2.0;2.0;1.0;1.0;1.0
2022/23;Domenica;4;Settembre;Cremonese;Sassuolo;0;0;False;True;False;0;0;X;1;1;228;X;X;X;2;1;X;X;X;X;X;X;X;X;1;2;X;X;X;X;X;X;X;0.0;1.0;3.0;1.0;1.0;0.0;1.0;3.0;1.0;1.0;0.0;2.0;2.0;1.0;1.0;0.0;2.0;2.0;1.0;1.0
2022/23;Domenica;4;Settembre;Spezia;Bologna;2;2;False;True;False;0;0;X;1;1;228;X;X;X;X;2;1;X;X;X;X;X;X;X;X;1;2;X;X;X;X;X;X;2.0;0.0;1.0;3.0;1.0;2.0;0.0;1.0;3.0;1.0;2.0;0.0;2.0;2.0;1.0;2.0;0.0;2.0;2.0;1.0
2022/23;Domenica;4;Settembre;Hellas Verona;Sampdoria;2;1;True;False;False;1;-1;1;3;0;228;1;2;1;X;X;2;1;1;X;X;X;X;2;X;X;1;2;2;X;X;X;X;2.0;2.0;0.0;1.0;3.0;2.0;2.0;0.0;1.0;3.0;1.0;2.0;0.0;2.0;2.0;1.0;2.0;0.0;2.0;2.0
2022/23;Domenica;4;Settembre;Udinese;Roma;4;0;True;False;False;1;-1;1;3;0;228;1;2;1;1;X;X;2;1;X;X;X;X;2;2;X;X;1;2;X;X;X;X;4.0;2.0;2.0;0.0;1.0;4.0;2.0;2.0;0.0;1.0;0.0;1.0;2.0;0.0;2.0;0.0;1.0;2.0;0.0;2.0
2022/23;Lunedì;5;Settembre;Monza;Atalanta;0;2;False;False;True;-1;1;2;0;3;228;2;1;2;1;1;X;X;2;X;X;X;X;1;2;2;X;X;1;X;X;X;X;0.0;4.0;2.0;2.0;0.0;0.0;4.0;2.0;2.0;0.0;2.0;0.0;1.0;2.0;0.0;2.0;0.0;1.0;2.0;0.0
2022/23;Lunedì;5;Settembre;Salernitana;Empoli;2;2;False;True;False;0;0;X;1;1;228;X;X;X;2;1;1;X;X;X;X;X;X;X;1;2;2;X;X;X;X;X;X;2.0;0.0;4.0;2.0;2.0;2.0;0.0;4.0;2.0;2.0;2.0;2.0;0.0;1.0;2.0;2.0;2.0;0.0;1.0;2.0
2022/23;Lunedì;5;Settembre;Torino;Lecce;1;0;True;False;False;1;-1;1;3;0;228;1;2;1;X;2;1;1;1;X;X;X;X;2;X;1;2;2;2;X;X;X;X;1.0;2.0;0.0;4.0;2.0;1.0;2.0;0.0;4.0;2.0;0.0;2.0;2.0;0.0;1.0;0.0;2.0;2.0;0.0;1.0
2022/23;Sabato;10;Settembre;Napoli;Spezia;1;0;True;False;False;1;-1;1;3;0;228;1;2;1;1;X;2;1;1;X;X;X;X;2;2;X;1;2;2;X;X;X;X;1.0;1.0;2.0;0.0;4.0;1.0;1.0;2.0;0.0;4.0;0.0;0.0;2.0;2.0;0.0;0.0;0.0;2.0;2.0;0.0
2022/23;Sabato;10;Settembre;Inter;Torino;1;0;True;False;False;1;-1;1;3;0;228;1;2;1;1;1;X;2;1;X;X;X;X;2;2;2;X;1;2;X;X;X;X;1.0;1.0;1.0;2.0;0.0;1.0;1.0;1.0;2.0;0.0;0.0;0.0;0.0;2.0;2.0;0.0;0.0;0.0;2.0;2.0
2022/23;Sabato;10;Settembre;Sampdoria;Milan;1;2;False;False;True;-1;1;2;0;3;228;2;1;2;1;1;1;X;2;X;X;X;X;1;2;2;2;X;1;X;X;X;X;1.0;1.0;1.0;1.0;2.0;1.0;1.0;1.0;1.0;2.0;2.0;0.0;0.0;0.0;2.0;2.0;0.0;0.0;0.0;2.0
2022/23;Domenica;11;Settembre;Atalanta;Cremonese;1;1;False;True;False;0;0;X;1;1;228;X;X;X;2;1;1;1;X;X;X;X;X;X;1;2;2;2;X;X;X;X;X;1.0;1.0;1.0;1.0;1.0;1.0;1.0;1.0;1.0;1.0;1.0;2.0;0.0;0.0;0.0;1.0;2.0;0.0;0.0;0.0
2022/23;Domenica;11;Settembre;Bologna;Fiorentina;2;1;True;False;False;1;-1;1;3;0;228;1;2;1;X;2;1;1;1;X;X;X;X;2;X;1;2;2;2;X;X;X;X;2.0;1.0;1.0;1.0;1.0;2.0;1.0;1.0;1.0;1.0;1.0;1.0;2.0;0.0;0.0;1.0;1.0;2.0;0.0;0.0
2022/23;Domenica;11;Settembre;Lecce;Monza;1;1;False;True;False;0;0;X;1;1;228;X;X;X;1;X;2;1;X;X;X;X;X;X;2;X;1;2;X;X;X;X;X;1.0;2.0;1.0;1.0;1.0;1.0;2.0;1.0;1.0;1.0;1.0;1.0;1.0;2.0;0.0;1.0;1.0;1.0;2.0;0.0
2022/23;Domenica;11;Settembre;Sassuolo;Udinese;1;3;False;False;True;-1;1;2;0;3;228;2;1;2;X;1;X;2;2;X;X;X;X;1;X;2;X;1;1;X;X;X;X;1.0;1.0;2.0;1.0;1.0;1.0;1.0;2.0;1.0;1.0;3.0;1.0;1.0;1.0;2.0;3.0;1.0;1.0;1.0;2.0
2022/23;Domenica;11;Settembre;Lazio;Hellas Verona;2;0;True;False;False;1;-1;1;3;0;228;1;2;1;2;X;1;X;1;X;X;X;X;2;1;X;2;X;2;X;X;X;X;2.0;1.0;1.0;2.0;1.0;2.0;1.0;1.0;2.0;1.0;0.0;3.0;1.0;1.0;1.0;0.0;3.0;1.0;1.0;1.0
2022/23;Domenica;11;Settembre;Juventus;Salernitana;2;2;False;True;False;0;0;X;1;1;228;X;X;X;1;2;X;1;X;X;X;X;X;X;2;1;X;2;X;X;X;X;X;2.0;2.0;1.0;1.0;2.0;2.0;2.0;1.0;1.0;2.0;2.0;0.0;3.0;1.0;1.0;2.0;0.0;3.0;1.0;1.0
2022/23;Lunedì;12;Settembre;Empoli;Roma;1;2;False;False;True;-1;1;2;0;3;228;2;1;2;X;1;2;X;2;X;X;X;X;1;X;2;1;X;1;X;X;X;X;1.0;2.0;2.0;1.0;1.0;1.0;2.0;2.0;1.0;1.0;2.0;2.0;0.0;3.0;1.0;2.0;2.0;0.0;3.0;1.0
2022/23;Venerdì;16;Settembre;Salernitana;Lecce;1;2;False;False;True;-1;1;2;0;3;228;2;1;2;2;X;1;2;2;X;X;X;X;1;1;X;2;1;1;X;X;X;X;1.0;1.0;2.0;2.0;1.0;1.0;1.0;2.0;2.0;1.0;2.0;2.0;2.0;0.0;3.0;2.0;2.0;2.0;0.0;3.0
2022/23;Sabato;17;Settembre;Bologna;Empoli;0;1;False;False;True;-1;1;2;0;3;228;2;1;2;2;2;X;1;2;X;X;X;X;1;1;1;X;2;1;X;X;X;X;0.0;1.0;1.0;2.0;2.0;0.0;1.0;1.0;2.0;2.0;1.0;2.0;2.0;2.0;0.0;1.0;2.0;2.0;2.0;0.0
2022/23;Sabato;17;Settembre;Spezia;Sampdoria;2;1;True;False;False;1;-1;1;3;0;228;1;2;1;2;2;2;X;1;X;X;X;X;2;1;1;1;X;2;X;X;X;X;2.0;0.0;1.0;1.0;2.0;2.0;0.0;1.0;1.0;2.0;1.0;1.0;2.0;2.0;2.0;1.0;1.0;2.0;2.0;2.0
2022/23;Sabato;17;Settembre;Torino;Sassuolo;0;1;False;False;True;-1;1;2;0;3;228;2;1;2;1;2;2;2;2;X;X;X;X;1;2;1;1;1;1;X;X;X;X;0.0;2.0;0.0;1.0;1.0;0.0;2.0;0.0;1.0;1.0;1.0;1.0;1.0;2.0;2.0;1.0;1.0;1.0;2.0;2.0
2022/23;Domenica;18;Settembre;Udinese;Inter;3;1;True;False;False;1;-1;1;3;0;228;1;2;1;2;1;2;2;1;X;X;X;X;2;1;2;1;1;2;X;X;X;X;3.0;0.0;2.0;0.0;1.0;3.0;0.0;2.0;0.0;1.0;1.0;1.0;1.0;1.0;2.0;1.0;1.0;1.0;1.0;2.0
2022/23;Domenica;18;Settembre;Cremonese;Lazio;0;4;False;False;True;-1;1;2;0;3;228;2;1;2;1;2;1;2;2;X;X;X;X;1;2;1;2;1;1;X;X;X;X;0.0;3.0;0.0;2.0;0.0;0.0;3.0;0.0;2.0;0.0;4.0;1.0;1.0;1.0;1.0;4.0;1.0;1.0;1.0;1.0
2022/23;Domenica;18;Settembre;Fiorentina;Hellas Verona;2;0;True;False;False;1;-1;1;3;0;228;1;2;1;2;1;2;1;1;X;X;X;X;2;1;2;1;2;2;X;X;X;X;2.0;0.0;3.0;0.0;2.0;2.0;0.0;3.0;0.0;2.0;0.0;4.0;1.0;1.0;1.0;0.0;4.0;1.0;1.0;1.0
2022/23;Domenica;18;Settembre;Monza;Juventus;1;0;True;False;False;1;-1;1;3;0;228;1;2;1;1;2;1;2;1;X;X;X;X;2;2;1;2;1;2;X;X;X;X;1.0;2.0;0.0;3.0;0.0;1.0;2.0;0.0;3.0;0.0;0.0;0.0;4.0;1.0;1.0;0.0;0.0;4.0;1.0;1.0
2022/23;Domenica;18;Settembre;Roma;Atalanta;0;1;False;False;True;-1;1;2;0;3;228;2;1;2;1;1;2;1;2;X;X;X;X;1;2;2;1;2;1;X;X;X;X;0.0;1.0;2.0;0.0;3.0;0.0;1.0;2.0;0.0;3.0;1.0;0.0;0.0;4.0;1.0;1.0;0.0;0.0;4.0;1.0
2022/23;Domenica;18;Settembre;Milan;Napoli;1;2;False;False;True;-1;1;2;0;3;228;2;1;2;2;1;1;2;2;X;X;X;X;1;1;2;2;1;1;X;X;X;X;1.0;0.0;1.0;2.0;0.0;1.0;0.0;1.0;2.0;0.0;2.0;1.0;0.0;0.0;4.0;2.0;1.0;0.0;0.0;4.0
2022/23;Sabato;1;Ottobre;Napoli;Torino;3;1;True;False;False;1;-1;1;3;0;228;1;2;1;2;2;1;1;1;X;X;X;X;2;1;1;2;2;2;X;X;X;X;3.0;1.0;0.0;1.0;2.0;3.0;1.0;0.0;1.0;2.0;1.0;2.0;1.0;0.0;0.0;1.0;2.0;1.0;0.0;0.0
2022/23;Sabato;1;Ottobre;Inter;Roma;1;2;False;False;True;-1;1;2;0;3;228;2;1;2;1;2;2;1;2;X;X;X;X;1;2;1;1;2;1;X;X;X;X;1.0;3.0;1.0;0.0;1.0;1.0;3.0;1.0;0.0;1.0;2.0;1.0;2.0;1.0;0.0;2.0;1.0;2.0;1.0;0.0
2022/23;Sabato;1;Ottobre;Empoli;Milan;1;3;False;False;True;-1;1;2;0;3;228;2;1;2;2;1;2;2;2;X;X;X;X;1;1;2;1;1;1;X;X;X;X;1.0;1.0;3.0;1.0;0.0;1.0;1.0;3.0;1.0;0.0;3.0;2.0;1.0;2.0;1.0;3.0;2.0;1.0;2.0;1.0
2022/23;Domenica;2;Ottobre;Lazio;Spezia;4;0;True;False;False;1;-1;1;3;0;228;1;2;1;2;2;1;2;1;X;X;X;X;2;1;1;2;1;2;X;X;X;X;4.0;1.0;1.0;3.0;1.0;4.0;1.0;1.0;3.0;1.0;0.0;3.0;2.0;1.0;2.0;0.0;3.0;2.0;1.0;2.0
2022/23;Domenica;2;Ottobre;Lecce;Cremonese;1;1;False;True;False;0;0;X;1;1;228;X;X;X;1;2;2;1;X;X;X;X;X;X;2;1;1;2;X;X;X;X;X;1.0;4.0;1.0;1.0;3.0;1.0;4.0;1.0;1.0;3.0;1.0;0.0;3.0;2.0;1.0;1.0;0.0;3.0;2.0;1.0
2022/23;Domenica;2;Ottobre;Sampdoria;Monza;0;3;False;False;True;-1;1;2;0;3;228;2;1;2;X;1;2;2;2;X;X;X;X;1;X;2;1;1;1;X;X;X;X;0.0;1.0;4.0;1.0;1.0;0.0;1.0;4.0;1.0;1.0;3.0;1.0;0.0;3.0;2.0;3.0;1.0;0.0;3.0;2.0
2022/23;Domenica;2;Ottobre;Sassuolo;Salernitana;5;0;True;False;False;1;-1;1;3;0;228;1;2;1;2;X;1;2;1;X;X;X;X;2;1;X;2;1;2;X;X;X;X;5.0;0.0;1.0;4.0;1.0;5.0;0.0;1.0;4.0;1.0;0.0;3.0;1.0;0.0;3.0;0.0;3.0;1.0;0.0;3.0
2022/23;Domenica;2;Ottobre;Atalanta;Fiorentina;1;0;True;False;False;1;-1;1;3;0;228;1;2;1;1;2;X;1;1;X;X;X;X;2;2;1;X;2;2;X;X;X;X;1.0;5.0;0.0;1.0;4.0;1.0;5.0;0.0;1.0;4.0;0.0;0.0;3.0;1.0;0.0;0.0;0.0;3.0;1.0;0.0
2022/23;Domenica;2;Ottobre;Juventus;Bologna;3;0;True;False;False;1;-1;1;3;0;228;1;2;1;1;1;2;X;1;X;X;X;X;2;2;2;1;X;2;X;X;X;X;3.0;1.0;5.0;0.0;1.0;3.0;1.0;5.0;0.0;1.0;0.0;0.0;0.0;3.0;1.0;0.0;0.0;0.0;3.0;1.0
2022/23;Lunedì;3;Ottobre;Hellas Verona;Udinese;1;2;False;False;True;-1;1;2;0;3;228;2;1;2;1;1;1;2;2;X;X;X;X;1;2;2;2;1;1;X;X;X;X;1.0;3.0;1.0;5.0;0.0;1.0;3.0;1.0;5.0;0.0;2.0;0.0;0.0;0.0;3.0;2.0;0.0;0.0;0.0;3.0
2022/23;Sabato;8;Ottobre;Sassuolo;Inter;1;2;False;False;True;-1;1;2;0;3;228;2;1;2;2;1;1;1;2;X;X;X;1;1;1;2;2;2;1;X;X;X;X;1.0;1.0;3.0;1.0;5.0;1.0;1.0;3.0;1.0;5.0;2.0;2.0;0.0;0.0;0.0;2.0;2.0;0.0;0.0;0.0
2022/23;Sabato;8;Ottobre;Milan;Juventus;2;0;True;False;False;1;-1;1;3;0;228;1;2;1;2;2;1;1;1;X;X;X;X;2;1;1;2;2;2;X;X;X;X;2.0;1.0;1.0;3.0;1.0;2.0;1.0;1.0;3.0;1.0;0.0;2.0;2.0;0.0;0.0;0.0;2.0;2.0;0.0;0.0
2022/23;Sabato;8;Ottobre;Bologna;Sampdoria;1;1;False;True;False;0;0;X;1;1;228;X;X;X;1;2;2;1;X;X;X;X;X;X;2;1;1;2;X;X;X;X;X;1.0;2.0;1.0;1.0;3.0;1.0;2.0;1.0;1.0;3.0;1.0;0.0;2.0;2.0;0.0;1.0;0.0;2.0;2.0;0.0
2022/23;Domenica;9;Ottobre;Torino;Empoli;1;1;False;True;False;0;0;X;1;1;228;X;X;X;X;1;2;2;X;X;X;X;X;X;X;2;1;1;X;X;X;X;X;1.0;1.0;2.0;1.0;1.0;1.0;1.0;2.0;1.0;1.0;1.0;1.0;0.0;2.0;2.0;1.0;1.0;0.0;2.0;2.0
2022/23;Domenica;9;Ottobre;Monza;Spezia;2;0;True;False;False;1;-1;1;3;0;228;1;2;1;X;X;1;2;1;X;X;X;X;2;X;X;2;1;2;X;X;X;X;2.0;1.0;1.0;2.0;1.0;2.0;1.0;1.0;2.0;1.0;0.0;1.0;1.0;0.0;2.0;0.0;1.0;1.0;0.0;2.0
2022/23;Domenica;9;Ottobre;Salernitana;Hellas Verona;2;1;True;False;False;1;-1;1;3;0;228;1;2;1;1;X;X;1;1;X;X;X;X;2;2;X;X;2;2;X;X;X;X;2.0;2.0;1.0;1.0;2.0;2.0;2.0;1.0;1.0;2.0;1.0;0.0;1.0;1.0;0.0;1.0;0.0;1.0;1.0;0.0
2022/23;Domenica;9;Ottobre;Udinese;Atalanta;2;2;False;True;False;0;0;X;1;1;228;X;X;X;1;1;X;X;X;X;X;X;X;X;2;2;X;X;X;X;X;X;X;2.0;2.0;2.0;1.0;1.0;2.0;2.0;2.0;1.0;1.0;2.0;1.0;0.0;1.0;1.0;2.0;1.0;0.0;1.0;1.0
2022/23;Domenica;9;Ottobre;Cremonese;Napoli;1;4;False;False;True;-1;1;2;0;3;228;2;1;2;X;1;1;X;2;X;X;X;X;1;X;2;2;X;1;X;X;X;X;1.0;2.0;2.0;2.0;1.0;1.0;2.0;2.0;2.0;1.0;4.0;2.0;1.0;0.0;1.0;4.0;2.0;1.0;0.0;1.0
2022/23;Domenica;9;Ottobre;Roma;Lecce;2;1;True;False;False;1;-1;1;3;0;228;1;2;1;2;X;1;1;1;X;X;X;X;2;1;X;2;2;2;X;X;X;X;2.0;1.0;2.0;2.0;2.0;2.0;1.0;2.0;2.0;2.0;1.0;4.0;2.0;1.0;0.0;1.0;4.0;2.0;1.0;0.0
2022/23;Lunedì;10;Ottobre;Fiorentina;Lazio;0;4;False;False;True;-1;1;2;0;3;228;2;1;2;1;2;X;1;2;X;X;X;X;1;2;1;X;2;1;X;X;X;X;0.0;2.0;1.0;2.0;2.0;0.0;2.0;1.0;2.0;2.0;4.0;1.0;4.0;2.0;1.0;4.0;1.0;4.0;2.0;1.0
2022/23;Sabato;15;Ottobre;Empoli;Monza;1;0;True;False;False;1;-1;1;3;0;228;1;2;1;2;1;2;X;1;X;X;X;X;2;1;2;1;X;2;X;X;X;X;1.0;0.0;2.0;1.0;2.0;1.0;0.0;2.0;1.0;2.0;0.0;4.0;1.0;4.0;2.0;0.0;4.0;1.0;4.0;2.0
2022/23;Sabato;15;Ottobre;Torino;Juventus;0;1;False;False;True;-1;1;2;0;3;228;2;1;2;1;2;1;2;2;X;X;X;X;1;2;1;2;1;1;X;X;X;X;0.0;1.0;0.0;2.0;1.0;0.0;1.0;0.0;2.0;1.0;1.0;0.0;4.0;1.0;4.0;1.0;0.0;4.0;1.0;4.0
2022/23;Sabato;15;Ottobre;Atalanta;Sassuolo;2;1;True;False;False;1;-1;1;3;0;228;1;2;1;2;1;2;1;1;X;X;X;X;2;1;2;1;2;2;X;X;X;X;2.0;0.0;1.0;0.0;2.0;2.0;0.0;1.0;0.0;2.0;1.0;1.0;0.0;4.0;1.0;1.0;1.0;0.0;4.0;1.0
2022/23;Domenica;16;Ottobre;Inter;Salernitana;2;0;True;False;False;1;-1;1;3;0;228;1;2;1;1;2;1;2;1;X;X;X;X;2;2;1;2;1;2;X;X;X;X;2.0;2.0;0.0;1.0;0.0;2.0;2.0;0.0;1.0;0.0;0.0;1.0;1.0;0.0;4.0;0.0;1.0;1.0;0.0;4.0
2022/23;Domenica;16;Ottobre;Lazio;Udinese;0;0;False;True;False;0;0;X;1;1;228;X;X;X;1;1;2;1;X;X;X;X;X;X;2;2;1;2;X;X;X;X;X;0.0;2.0;2.0;0.0;1.0;0.0;2.0;2.0;0.0;1.0;0.0;0.0;1.0;1.0;0.0;0.0;0.0;1.0;1.0;0.0
2022/23;Domenica;16;Ottobre;Spezia;Cremonese;2;2;False;True;False;0;0;X;1;1;228;X;X;X;X;1;1;2;X;X;X;X;X;X;X;2;2;1;X;X;X;X;X;2.0;0.0;2.0;2.0;0.0;2.0;0.0;2.0;2.0;0.0;2.0;0.0;0.0;1.0;1.0;2.0;0.0;0.0;1.0;1.0
2022/23;Domenica;16;Ottobre;Napoli;Bologna;3;2;True;False;False;1;-1;1;3;0;228;1;2;1;X;X;1;1;1;X;X;X;X;2;X;X;2;2;2;X;X;X;X;3.0;2.0;0.0;2.0;2.0;3.0;2.0;0.0;2.0;2.0;2.0;2.0;0.0;0.0;1.0;2.0;2.0;0.0;0.0;1.0
2022/23;Domenica;16;Ottobre;Hellas Verona;Milan;1;2;False;False;True;-1;1;2;0;3;228;2;1;2;1;X;X;1;2;X;X;X;X;1;2;X;X;2;1;X;X;X;X;1.0;3.0;2.0;0.0;2.0;1.0;3.0;2.0;0.0;2.0;2.0;2.0;2.0;0.0;0.0;2.0;2.0;2.0;0.0;0.0
2022/23;Lunedì;17;Ottobre;Sampdoria;Roma;0;1;False;False;True;-1;1;2;0;3;228;2;1;2;2;1;X;X;2;X;X;X;X;1;1;2;X;X;1;X;X;X;X;0.0;1.0;3.0;2.0;0.0;0.0;1.0;3.0;2.0;0.0;1.0;2.0;2.0;2.0;0.0;1.0;2.0;2.0;2.0;0.0
2022/23;Lunedì;17;Ottobre;Lecce;Fiorentina;1;1;False;True;False;0;0;X;1;1;228;X;X;X;2;2;1;X;X;X;X;X;X;X;1;1;2;X;X;X;X;X;X;1.0;0.0;1.0;3.0;2.0;1.0;0.0;1.0;3.0;2.0;1.0;1.0;2.0;2.0;2.0;1.0;1.0;2.0;2.0;2.0
2022/23;Venerdì;21;Ottobre;Juventus;Empoli;4;0;True;False;False;1;-1;1;3;0;228;1;2;1;X;2;2;1;1;X;X;X;X;2;X;1;1;2;2;X;X;X;X;4.0;1.0;0.0;1.0;3.0;4.0;1.0;0.0;1.0;3.0;0.0;1.0;1.0;2.0;2.0;0.0;1.0;1.0;2.0;2.0
2022/23;Sabato;22;Ottobre;Salernitana;Spezia;1;0;True;False;False;1;-1;1;3;0;228;1;2;1;1;X;2;2;1;X;X;X;X;2;2;X;1;1;2;X;X;X;X;1.0;4.0;1.0;0.0;1.0;1.0;4.0;1.0;0.0;1.0;0.0;0.0;1.0;1.0;2.0;0.0;0.0;1.0;1.0;2.0
2022/23;Sabato;22;Ottobre;Milan;Monza;4;1;True;False;False;1;-1;1;3;0;228;1;2;1;1;1;X;2;1;X;X;X;X;2;2;2;X;1;2;X;X;X;X;4.0;1.0;4.0;1.0;0.0;4.0;1.0;4.0;1.0;0.0;1.0;0.0;0.0;1.0;1.0;1.0;0.0;0.0;1.0;1.0
2022/23;Sabato;22;Ottobre;Fiorentina;Inter;3;4;False;False;True;-1;1;2;0;3;228;2;1;2;1;1;1;X;2;X;X;X;X;1;2;2;2;X;1;X;X;X;X;3.0;4.0;1.0;4.0;1.0;3.0;4.0;1.0;4.0;1.0;4.0;1.0;0.0;0.0;1.0;4.0;1.0;0.0;0.0;1.0
2022/23;Domenica;23;Ottobre;Udinese;Torino;1;2;False;False;True;-1;1;2;0;3;228;2;1;2;2;1;1;1;2;X;X;X;X;1;1;2;2;2;1;X;X;X;X;1.0;3.0;4.0;1.0;4.0;1.0;3.0;4.0;1.0;4.0;2.0;4.0;1.0;0.0;0.0;2.0;4.0;1.0;0.0;0.0
2022/23;Domenica;23;Ottobre;Bologna;Lecce;2;0;True;False;False;1;-1;1;3;0;228;1;2;1;2;2;1;1;1;X;X;X;X;2;1;1;2;2;2;X;X;X;X;2.0;1.0;3.0;4.0;1.0;2.0;1.0;3.0;4.0;1.0;0.0;2.0;4.0;1.0;0.0;0.0;2.0;4.0;1.0;0.0
2022/23;Domenica;23;Ottobre;Atalanta;Lazio;0;2;False;False;True;-1;1;2;0;3;228;2;1;2;1;2;2;1;2;X;X;X;X;1;2;1;1;2;1;X;X;X;X;0.0;2.0;1.0;3.0;4.0;0.0;2.0;1.0;3.0;4.0;2.0;0.0;2.0;4.0;1.0;2.0;0.0;2.0;4.0;1.0
2022/23;Domenica;23;Ottobre;Roma;Napoli;0;1;False;False;True;-1;1;2;0;3;228;2;1;2;2;1;2;2;2;X;X;X;X;1;1;2;1;1;1;X;X;X;X;0.0;0.0;2.0;1.0;3.0;0.0;0.0;2.0;1.0;3.0;1.0;2.0;0.0;2.0;4.0;1.0;2.0;0.0;2.0;4.0
2022/23;Lunedì;24;Ottobre;Cremonese;Sampdoria;0;1;False;False;True;-1;1;2;0;3;228;2;1;2;2;2;1;2;2;X;X;X;X;1;1;1;2;1;1;X;X;X;X;0.0;0.0;0.0;2.0;1.0;0.0;0.0;0.0;2.0;1.0;1.0;1.0;2.0;0.0;2.0;1.0;1.0;2.0;0.0;2.0
2022/23;Lunedì;24;Ottobre;Sassuolo;Hellas Verona;2;1;True;False;False;1;-1;1;3;0;228;1;2;1;2;2;2;1;1;X;X;X;X;2;1;1;1;2;2;X;X;X;X;2.0;0.0;0.0;0.0;2.0;2.0;0.0;0.0;0.0;2.0;1.0;1.0;1.0;2.0;0.0;1.0;1.0;1.0;2.0;0.0
2022/23;Sabato;29;Ottobre;Napoli;Sassuolo;4;0;True;False;False;1;-1;1;3;0;228;1;2;1;1;2;2;2;1;X;X;X;X;2;2;1;1;1;2;X;X;X;X;4.0;2.0;0.0;0.0;0.0;4.0;2.0;0.0;0.0;0.0;0.0;1.0;1.0;1.0;2.0;0.0;1.0;1.0;1.0;2.0
2022/23;Sabato;29;Ottobre;Lecce;Juventus;0;1;False;False;True;-1;1;2;0;3;228;2;1;2;1;1;2;2;2;X;X;X;X;1;2;2;1;1;1;X;X;X;X;0.0;4.0;2.0;0.0;0.0;0.0;4.0;2.0;0.0;0.0;1.0;0.0;1.0;1.0;1.0;1.0;0.0;1.0;1.0;1.0
2022/23;Sabato;29;Ottobre;Inter;Sampdoria;3;0;True;False;False;1;-1;1;3;0;228;1;2;1;2;1;1;2;1;X;X;X;X;2;1;2;2;1;2;X;X;X;1;3.0;0.0;4.0;2.0;0.0;3.0;0.0;4.0;2.0;0.0;0.0;1.0;0.0;1.0;1.0;0.0;1.0;0.0;1.0;1.0
2022/23;Domenica;30;Ottobre;Empoli;Atalanta;0;2;False;False;True;-1;1;2;0;3;228;2;1;2;1;2;1;1;2;X;X;X;X;1;2;1;2;2;1;X;X;X;X;0.0;3.0;0.0;4.0;2.0;0.0;3.0;0.0;4.0;2.0;2.0;0.0;1.0;0.0;1.0;2.0;0.0;1.0;0.0;1.0
2022/23;Domenica;30;Ottobre;Cremonese;Udinese;0;0;False;True;False;0;0;X;1;1;228;X;X;X;2;1;2;1;X;X;X;X;X;X;1;2;1;2;X;X;X;X;X;0.0;0.0;3.0;0.0;4.0;0.0;0.0;3.0;0.0;4.0;0.0;2.0;0.0;1.0;0.0;0.0;2.0;0.0;1.0;0.0
2022/23;Domenica;30;Ottobre;Spezia;Fiorentina;1;2;False;False;True;-1;1;2;0;3;228;2;1;2;X;2;1;2;2;X;X;X;X;1;X;1;2;1;1;X;X;X;X;1.0;0.0;0.0;3.0;0.0;1.0;0.0;0.0;3.0;0.0;2.0;0.0;2.0;0.0;1.0;2.0;0.0;2.0;0.0;1.0
2022/23;Domenica;30;Ottobre;Lazio;Salernitana;1;3;False;False;True;-1;1;2;0;3;228;2;1;2;2;X;2;1;2;X;X;X;X;1;1;X;1;2;1;X;X;X;X;1.0;1.0;0.0;0.0;3.0;1.0;1.0;0.0;0.0;3.0;3.0;2.0;0.0;2.0;0.0;3.0;2.0;0.0;2.0;0.0
2022/23;Domenica;30;Ottobre;Torino;Milan;2;1;True;False;False;1;-1;1;3;0;228;1;2;1;2;2;X;2;1;X;X;X;X;2;1;1;X;1;2;X;X;X;X;2.0;1.0;1.0;0.0;0.0;2.0;1.0;1.0;0.0;0.0;1.0;3.0;2.0;0.0;2.0;1.0;3.0;2.0;0.0;2.0
2022/23;Lunedì;31;Ottobre;Hellas Verona;Roma;1;3;False;False;True;-1;1;2;0;3;228;2;1;2;1;2;2;X;2;X;X;X;X;1;2;1;1;X;1;X;X;X;X;1.0;2.0;1.0;1.0;0.0;1.0;2.0;1.0;1.0;0.0;3.0;1.0;3.0;2.0;0.0;3.0;1.0;3.0;2.0;0.0
2022/23;Lunedì;31;Ottobre;Monza;Bologna;1;2;False;False;True;-1;1;2;0;3;228;2;1;2;2;1;2;2;2;X;X;X;X;1;1;2;1;1;1;X;X;X;X;1.0;1.0;2.0;1.0;1.0;1.0;1.0;2.0;1.0;1.0;2.0;3.0;1.0;3.0;2.0;2.0;3.0;1.0;3.0;2.0
2022/23;Venerdì;4;Novmbre;Udinese;Lecce;1;1;False;True;False;0;0;X;1;1;228;X;X;X;2;2;1;2;X;X;X;X;X;X;1;1;2;1;X;X;X;X;X;1.0;1.0;1.0;2.0;1.0;1.0;1.0;1.0;2.0;1.0;1.0;2.0;3.0;1.0;3.0;1.0;2.0;3.0;1.0;3.0
2022/23;Sabato;5;Novmbre;Empoli;Sassuolo;1;0;True;False;False;1;-1;1;3;0;228;1;2;1;X;2;2;1;1;X;X;X;X;2;X;1;1;2;2;X;X;X;X;1.0;1.0;1.0;1.0;2.0;1.0;1.0;1.0;1.0;2.0;0.0;1.0;2.0;3.0;1.0;0.0;1.0;2.0;3.0;1.0
2022/23;Sabato;5;Novmbre;Salernitana;Cremonese;2;2;False;True;False;0;0;X;1;1;228;X;X;X;1;X;2;2;X;X;X;X;X;X;2;X;1;1;X;X;X;X;X;2.0;1.0;1.0;1.0;1.0;2.0;1.0;1.0;1.0;1.0;2.0;0.0;1.0;2.0;3.0;2.0;0.0;1.0;2.0;3.0
2022/23;Sabato;5;Novmbre;Atalanta;Napoli;1;2;False;False;True;-1;1;2;0;3;228;2;1;2;X;1;X;2;2;X;X;X;X;1;X;2;X;1;1;X;X;X;X;1.0;2.0;1.0;1.0;1.0;1.0;2.0;1.0;1.0;1.0;2.0;2.0;0.0;1.0;2.0;2.0;2.0;0.0;1.0;2.0
2022/23;Sabato;5;Novmbre;Milan;Spezia;2;1;True;False;False;1;-1;1;3;0;228;1;2;1;2;X;1;X;1;X;X;X;X;2;1;X;2;X;2;X;X;X;X;2.0;1.0;2.0;1.0;1.0;2.0;1.0;2.0;1.0;1.0;1.0;2.0;2.0;0.0;1.0;1.0;2.0;2.0;0.0;1.0
2022/23;Domenica;6;Novmbre;Bologna;Torino;2;1;True;False;False;1;-1;1;3;0;228;1;2;1;1;2;X;1;1;X;X;X;X;2;2;1;X;2;2;X;X;X;X;2.0;2.0;1.0;2.0;1.0;2.0;2.0;1.0;2.0;1.0;1.0;1.0;2.0;2.0;0.0;1.0;1.0;2.0;2.0;0.0
2022/23;Domenica;6;Novmbre;Monza;Hellas Verona;2;0;True;False;False;1;-1;1;3;0;228;1;2;1;1;1;2;X;1;X;X;X;X;2;2;2;1;X;2;X;X;X;X;2.0;2.0;2.0;1.0;2.0;2.0;2.0;2.0;1.0;2.0;0.0;1.0;1.0;2.0;2.0;0.0;1.0;1.0;2.0;2.0
2022/23;Domenica;6;Novmbre;Sampdoria;Fiorentina;0;2;False;False;True;-1;1;2;0;3;228;2;1;2;1;1;1;2;2;X;X;X;X;1;2;2;2;1;1;X;X;X;X;0.0;2.0;2.0;2.0;1.0;0.0;2.0;2.0;2.0;1.0;2.0;0.0;1.0;1.0;2.0;2.0;0.0;1.0;1.0;2.0
2022/23;Domenica;6;Novmbre;Roma;Lazio;0;1;False;False;True;-1;1;2;0;3;228;2;1;2;2;1;1;1;2;X;X;X;X;1;1;2;2;2;1;X;X;X;X;0.0;0.0;2.0;2.0;2.0;0.0;0.0;2.0;2.0;2.0;1.0;2.0;0.0;1.0;1.0;1.0;2.0;0.0;1.0;1.0
2022/23;Domenica;6;Novmbre;Juventus;Inter;2;0;True;False;False;1;-1;1;3;0;228;1;2;1;2;2;1;1;1;X;X;X;X;2;1;1;2;2;2;X;X;X;X;2.0;0.0;0.0;2.0;2.0;2.0;0.0;0.0;2.0;2.0;0.0;1.0;2.0;0.0;1.0;0.0;1.0;2.0;0.0;1.0
2022/23;Martedì;8;Novmbre;Napoli;Empoli;2;0;True;False;False;1;-1;1;3;0;228;1;2;1;1;2;2;1;1;X;X;X;X;2;2;1;1;2;2;X;X;X;X;2.0;2.0;0.0;0.0;2.0;2.0;2.0;0.0;0.0;2.0;0.0;0.0;1.0;2.0;0.0;0.0;0.0;1.0;2.0;0.0
2022/23;Martedì;8;Novmbre;Spezia;Udinese;1;1;False;True;False;0;0;X;1;1;228;X;X;X;1;1;2;2;X;X;X;X;X;X;2;2;1;1;X;X;X;X;X;1.0;2.0;2.0;0.0;0.0;1.0;2.0;2.0;0.0;0.0;1.0;0.0;0.0;1.0;2.0;1.0;0.0;0.0;1.0;2.0
2022/23;Martedì;8;Novmbre;Cremonese;Milan;0;0;False;True;False;0;0;X;1;1;228;X;X;X;X;1;1;2;X;X;X;X;X;X;X;2;2;1;X;X;X;X;X;0.0;1.0;2.0;2.0;0.0;0.0;1.0;2.0;2.0;0.0;0.0;1.0;0.0;0.0;1.0;0.0;1.0;0.0;0.0;1.0
2022/23;Mercoledì;9;Novmbre;Lecce;Atalanta;2;1;True;False;False;1;-1;1;3;0;228;1;2;1;X;X;1;1;1;X;X;X;X;2;X;X;2;2;2;X;X;X;X;2.0;0.0;1.0;2.0;2.0;2.0;0.0;1.0;2.0;2.0;1.0;0.0;1.0;0.0;0.0;1.0;0.0;1.0;0.0;0.0
2022/23;Mercoledì;9;Novmbre;Sassuolo;Roma;1;1;False;True;False;0;0;X;1;1;228;X;X;X;1;X;X;1;X;X;X;X;X;X;2;X;X;2;X;X;X;X;X;1.0;2.0;0.0;1.0;2.0;1.0;2.0;0.0;1.0;2.0;1.0;1.0;0.0;1.0;0.0;1.0;1.0;0.0;1.0;0.0
2022/23;Mercoledì;9;Novmbre;Fiorentina;Salernitana;2;1;True;False;False;1;-1;1;3;0;228;1;2;1;X;1;X;X;1;X;X;X;X;2;X;2;X;X;2;X;X;X;X;2.0;1.0;2.0;0.0;1.0;2.0;1.0;2.0;0.0;1.0;1.0;1.0;1.0;0.0;1.0;1.0;1.0;1.0;0.0;1.0
2022/23;Mercoledì;9;Novmbre;Inter;Bologna;6;1;True;False;False;1;-1;1;3;0;228;1;2;1;1;X;1;X;1;X;X;X;X;2;2;X;2;X;2;X;X;X;X;6.0;2.0;1.0;2.0;0.0;6.0;2.0;1.0;2.0;0.0;1.0;1.0;1.0;1.0;0.0;1.0;1.0;1.0;1.0;0.0
2022/23;Mercoledì;9;Novmbre;Torino;Sampdoria;2;0;True;False;False;1;-1;1;3;0;228;1;2;1;1;1;X;1;1;X;X;X;X;2;2;2;X;2;2;X;X;X;X;2.0;6.0;2.0;1.0;2.0;2.0;6.0;2.0;1.0;2.0;0.0;1.0;1.0;1.0;1.0;0.0;1.0;1.0;1.0;1.0
2022/23;Giovedì;10;Novmbre;Hellas Verona;Juventus;0;1;False;False;True;-1;1;2;0;3;228;2;1;2;1;1;1;X;2;X;X;X;X;1;2;2;2;X;1;X;X;X;X;0.0;2.0;6.0;2.0;1.0;0.0;2.0;6.0;2.0;1.0;1.0;0.0;1.0;1.0;1.0;1.0;0.0;1.0;1.0;1.0
2022/23;Giovedì;10;Novmbre;Lazio;Monza;1;0;True;False;False;1;-1;1;3;0;228;1;2;1;2;1;1;1;1;X;X;X;X;2;1;2;2;2;2;X;X;X;X;1.0;0.0;2.0;6.0;2.0;1.0;0.0;2.0;6.0;2.0;0.0;1.0;0.0;1.0;1.0;0.0;1.0;0.0;1.0;1.0
2022/23;Venerdì;11;Novmbre;Empoli;Cremonese;2;0;True;False;False;1;-1;1;3;0;228;1;2;1;1;2;1;1;1;X;X;X;X;2;2;1;2;2;2;X;X;X;X;2.0;1.0;0.0;2.0;6.0;2.0;1.0;0.0;2.0;6.0;0.0;0.0;1.0;0.0;1.0;0.0;0.0;1.0;0.0;1.0
2022/23;Sabato;12;Novmbre;Napoli;Udinese;3;2;True;False;False;1;-1;1;3;0;228;1;2;1;1;1;2;1;1;X;X;X;X;2;2;2;1;2;2;X;X;X;X;3.0;2.0;1.0;0.0;2.0;3.0;2.0;1.0;0.0;2.0;2.0;0.0;0.0;1.0;0.0;2.0;0.0;0.0;1.0;0.0
2022/23;Sabato;12;Novmbre;Sampdoria;Lecce;0;2;False;False;True;-1;1;2;0;3;228;2;1;2;1;1;1;2;2;X;X;X;X;1;2;2;2;1;1;X;X;X;X;0.0;3.0;2.0;1.0;0.0;0.0;3.0;2.0;1.0;0.0;2.0;2.0;0.0;0.0;1.0;2.0;2.0;0.0;0.0;1.0
2022/23;Sabato;12;Novmbre;Bologna;Sassuolo;3;0;True;False;False;1;-1;1;3;0;228;1;2;1;2;1;1;1;1;X;X;X;X;2;1;2;2;2;2;X;X;X;X;3.0;0.0;3.0;2.0;1.0;3.0;0.0;3.0;2.0;1.0;0.0;2.0;2.0;0.0;0.0;0.0;2.0;2.0;0.0;0.0
2022/23;Domenica;13;Novmbre;Atalanta;Inter;2;3;False;False;True;-1;1;2;0;3;228;2;1;2;1;2;1;1;2;X;X;X;X;1;2;1;2;2;1;X;X;X;X;2.0;3.0;0.0;3.0;2.0;2.0;3.0;0.0;3.0;2.0;3.0;0.0;2.0;2.0;0.0;3.0;0.0;2.0;2.0;0.0
2022/23;Domenica;13;Novmbre;Roma;Torino;1;1;False;True;False;0;0;X;1;1;228;X;X;X;2;1;2;1;X;X;X;X;X;X;1;2;1;2;X;X;X;X;X;1.0;2.0;3.0;0.0;3.0;1.0;2.0;3.0;0.0;3.0;1.0;3.0;0.0;2.0;2.0;1.0;3.0;0.0;2.0;2.0
2022/23;Domenica;13;Novmbre;Hellas Verona;Spezia;1;2;False;False;True;-1;1;2;0;3;228;2;1;2;X;2;1;2;2;X;X;X;X;1;X;1;2;1;1;X;X;X;X;1.0;1.0;2.0;3.0;0.0;1.0;1.0;2.0;3.0;0.0;2.0;1.0;3.0;0.0;2.0;2.0;1.0;3.0;0.0;2.0
2022/23;Domenica;13;Novmbre;Monza;Salernitana;3;0;True;False;False;1;-1;1;3;0;228;1;2;1;2;X;2;1;1;X;X;X;X;2;1;X;1;2;2;X;X;X;X;3.0;1.0;1.0;2.0;3.0;3.0;1.0;1.0;2.0;3.0;0.0;2.0;1.0;3.0;0.0;0.0;2.0;1.0;3.0;0.0
2022/23;Domenica;13;Novmbre;Milan;Fiorentina;2;1;True;False;False;1;-1;1;3;0;228;1;2;1;1;2;X;2;1;X;X;X;X;2;2;1;X;1;2;X;X;X;X;2.0;3.0;1.0;1.0;2.0;2.0;3.0;1.0;1.0;2.0;1.0;0.0;2.0;1.0;3.0;1.0;0.0;2.0;1.0;3.0
2022/23;Domenica;13;Novmbre;Juventus;Lazio;3;0;True;False;False;1;-1;1;3;0;228;1;2;1;1;1;2;X;1;X;X;X;X;2;2;2;1;X;2;X;X;X;X;3.0;2.0;3.0;1.0;1.0;3.0;2.0;3.0;1.0;1.0;0.0;1.0;0.0;2.0;1.0;0.0;1.0;0.0;2.0;1.0
2022/23;Mercoledì;4;Gennaio;Salernitana;Milan;1;2;False;False;True;-1;1;2;0;3;228;2;1;2;1;1;1;2;2;X;X;X;X;1;2;2;2;1;1;X;X;X;X;1.0;3.0;2.0;3.0;1.0;1.0;3.0;2.0;3.0;1.0;2.0;0.0;1.0;0.0;2.0;2.0;0.0;1.0;0.0;2.0
2022/23;Mercoledì;4;Gennaio;Sassuolo;Sampdoria;1;2;False;False;True;-1;1;2;0;3;228;2;1;2;2;1;1;1;2;X;X;X;X;1;1;2;2;2;1;X;X;X;X;1.0;1.0;3.0;2.0;3.0;1.0;1.0;3.0;2.0;3.0;2.0;2.0;0.0;1.0;0.0;2.0;2.0;0.0;1.0;0.0
2022/23;Mercoledì;4;Gennaio;Spezia;Atalanta;2;2;False;True;False;0;0;X;1;1;228;X;X;X;2;2;1;1;X;X;X;X;X;X;1;1;2;2;X;X;X;X;X;2.0;1.0;1.0;3.0;2.0;2.0;1.0;1.0;3.0;2.0;2.0;2.0;2.0;0.0;1.0;2.0;2.0;2.0;0.0;1.0
2022/23;Mercoledì;4;Gennaio;Torino;Hellas Verona;1;1;False;True;False;0;0;X;1;1;228;X;X;X;X;2;2;1;X;X;X;X;X;X;X;1;1;2;X;X;X;X;X;1.0;2.0;1.0;1.0;3.0;1.0;2.0;1.0;1.0;3.0;1.0;2.0;2.0;2.0;0.0;1.0;2.0;2.0;2.0;0.0
2022/23;Mercoledì;4;Gennaio;Roma;Bologna;1;0;True;False;False;1;-1;1;3;0;228;1;2;1;X;X;2;2;1;X;X;X;X;2;X;X;1;1;2;X;X;X;X;1.0;1.0;2.0;1.0;1.0;1.0;1.0;2.0;1.0;1.0;0.0;1.0;2.0;2.0;2.0;0.0;1.0;2.0;2.0;2.0
2022/23;Mercoledì;4;Gennaio;Lecce;Lazio;2;1;True;False;False;1;-1;1;3;0;228;1;2;1;1;X;X;2;1;X;X;X;X;2;2;X;X;1;2;X;X;X;X;2.0;1.0;1.0;2.0;1.0;2.0;1.0;1.0;2.0;1.0;1.0;0.0;1.0;2.0;2.0;1.0;0.0;1.0;2.0;2.0
2022/23;Mercoledì;4;Gennaio;Cremonese;Juventus;0;1;False;False;True;-1;1;2;0;3;228;2;1;2;1;1;X;X;2;X;X;X;X;1;2;2;X;X;1;X;X;X;X;0.0;2.0;1.0;1.0;2.0;0.0;2.0;1.0;1.0;2.0;1.0;1.0;0.0;1.0;2.0;1.0;1.0;0.0;1.0;2.0
2022/23;Mercoledì;4;Gennaio;Fiorentina;Monza;1;1;False;True;False;0;0;X;1;1;228;X;X;X;2;1;1;X;X;X;X;X;X;X;1;2;2;X;X;X;X;X;X;1.0;0.0;2.0;1.0;1.0;1.0;0.0;2.0;1.0;1.0;1.0;1.0;1.0;0.0;1.0;1.0;1.0;1.0;0.0;1.0
2022/23;Mercoledì;4;Gennaio;Inter;Napoli;1;0;True;False;False;1;-1;1;3;0;228;1;2;1;X;2;1;1;1;X;X;X;X;2;X;1;2;2;2;X;X;X;X;1.0;1.0;0.0;2.0;1.0;1.0;1.0;0.0;2.0;1.0;0.0;1.0;1.0;1.0;0.0;0.0;1.0;1.0;1.0;0.0
2022/23;Mercoledì;4;Gennaio;Udinese;Empoli;1;1;False;True;False;0;0;X;1;1;228;X;X;X;1;X;2;1;X;X;X;X;X;X;2;X;1;2;X;X;X;X;X;1.0;1.0;1.0;0.0;2.0;1.0;1.0;1.0;0.0;2.0;1.0;0.0;1.0;1.0;1.0;1.0;0.0;1.0;1.0;1.0
2022/23;Sabato;7;Gennaio;Fiorentina;Sassuolo;2;1;True;False;False;1;-1;1;3;0;228;1;2;1;X;1;X;2;1;X;X;X;X;2;X;2;X;1;2;X;X;X;X;2.0;1.0;1.0;1.0;0.0;2.0;1.0;1.0;1.0;0.0;1.0;1.0;0.0;1.0;1.0;1.0;1.0;0.0;1.0;1.0
2022/23;Sabato;7;Gennaio;Juventus;Udinese;1;0;True;False;False;1;-1;1;3;0;228;1;2;1;1;X;1;X;1;X;X;X;X;2;2;X;2;X;2;X;X;X;X;1.0;2.0;1.0;1.0;1.0;1.0;2.0;1.0;1.0;1.0;0.0;1.0;1.0;0.0;1.0;0.0;1.0;1.0;0.0;1.0
2022/23;Sabato;7;Gennaio;Monza;Inter;2;2;False;True;False;0;0;X;1;1;228;X;X;X;1;1;X;1;X;X;X;X;X;X;2;2;X;2;X;X;X;X;X;2.0;1.0;2.0;1.0;1.0;2.0;1.0;2.0;1.0;1.0;2.0;0.0;1.0;1.0;0.0;2.0;0.0;1.0;1.0;0.0
2022/23;Domenica;8;Gennaio;Salernitana;Torino;1;1;False;True;False;0;0;X;1;1;228;X;X;X;X;1;1;X;X;X;X;X;X;X;X;2;2;X;X;X;X;X;X;1.0;2.0;1.0;2.0;1.0;1.0;2.0;1.0;2.0;1.0;1.0;2.0;0.0;1.0;1.0;1.0;2.0;0.0;1.0;1.0
2022/23;Domenica;8;Gennaio;Lazio;Empoli;2;2;False;True;False;0;0;X;1;1;228;X;X;X;X;X;1;1;X;X;X;X;X;X;X;X;2;2;X;X;X;X;X;2.0;1.0;2.0;1.0;2.0;2.0;1.0;2.0;1.0;2.0;2.0;1.0;2.0;0.0;1.0;2.0;1.0;2.0;0.0;1.0
2022/23;Domenica;8;Gennaio;Spezia;Lecce;0;0;False;True;False;0;0;X;1;1;228;X;X;X;X;X;X;1;X;X;X;X;X;X;X;X;X;2;X;X;X;X;X;0.0;2.0;1.0;2.0;1.0;0.0;2.0;1.0;2.0;1.0;0.0;2.0;1.0;2.0;0.0;0.0;2.0;1.0;2.0;0.0
2022/23;Domenica;8;Gennaio;Sampdoria;Napoli;0;2;False;False;True;-1;1;2;0;3;228;2;1;2;X;X;X;X;2;X;X;X;X;1;X;X;X;X;1;X;X;X;X;0.0;0.0;2.0;1.0;2.0;0.0;0.0;2.0;1.0;2.0;2.0;0.0;2.0;1.0;2.0;2.0;0.0;2.0;1.0;2.0
2022/23;Domenica;8;Gennaio;Milan;Roma;2;2;False;True;False;0;0;X;1;1;228;X;X;X;2;X;X;X;X;X;X;X;X;X;1;X;X;X;X;X;X;X;X;2.0;0.0;0.0;2.0;1.0;2.0;0.0;0.0;2.0;1.0;2.0;2.0;0.0;2.0;1.0;2.0;2.0;0.0;2.0;1.0
2022/23;Lunedì;9;Gennaio;Hellas Verona;Cremonese;2;0;True;False;False;1;-1;1;3;0;228;1;2;1;X;2;X;X;1;X;X;X;X;2;X;1;X;X;2;X;X;X;X;2.0;2.0;0.0;0.0;2.0;2.0;2.0;0.0;0.0;2.0;0.0;2.0;2.0;0.0;2.0;0.0;2.0;2.0;0.0;2.0
2022/23;Lunedì;9;Gennaio;Bologna;Atalanta;1;2;False;False;True;-1;1;2;0;3;228;2;1;2;1;X;2;X;2;X;X;X;X;1;2;X;1;X;1;X;X;X;X;1.0;2.0;2.0;0.0;0.0;1.0;2.0;2.0;0.0;0.0;2.0;0.0;2.0;2.0;0.0;2.0;0.0;2.0;2.0;0.0
2022/23;Venerdì;13;Gennaio;Napoli;Juventus;5;1;True;False;False;1;-1;1;3;0;228;1;2;1;2;1;X;2;1;X;X;X;X;2;1;2;X;1;2;X;X;X;X;5.0;1.0;2.0;2.0;0.0;5.0;1.0;2.0;2.0;0.0;1.0;2.0;0.0;2.0;2.0;1.0;2.0;0.0;2.0;2.0
2022/23;Sabato;14;Gennaio;Cremonese;Monza;2;3;False;False;True;-1;1;2;0;3;228;2;1;2;1;2;1;X;2;X;X;X;X;1;2;1;2;X;1;X;X;X;X;2.0;5.0;1.0;2.0;2.0;2.0;5.0;1.0;2.0;2.0;3.0;1.0;2.0;0.0;2.0;3.0;1.0;2.0;0.0;2.0
2022/23;Sabato;14;Gennaio;Lecce;Milan;2;2;False;True;False;0;0;X;1;1;228;X;X;X;2;1;2;1;X;X;X;X;X;X;1;2;1;2;X;X;X;X;X;2.0;2.0;5.0;1.0;2.0;2.0;2.0;5.0;1.0;2.0;2.0;3.0;1.0;2.0;0.0;2.0;3.0;1.0;2.0;0.0
2022/23;Sabato;14;Gennaio;Inter;Hellas Verona;1;0;True;False;False;1;-1;1;3;0;228;1;2;1;X;2;1;2;1;X;X;X;X;2;X;1;2;1;2;X;X;X;X;1.0;2.0;2.0;5.0;1.0;1.0;2.0;2.0;5.0;1.0;0.0;2.0;3.0;1.0;2.0;0.0;2.0;3.0;1.0;2.0
2022/23;Domenica;15;Gennaio;Sassuolo;Lazio;0;2;False;False;True;-1;1;2;0;3;228;2;1;2;1;X;2;1;2;X;X;X;X;1;2;X;1;2;1;X;X;X;X;0.0;1.0;2.0;2.0;5.0;0.0;1.0;2.0;2.0;5.0;2.0;0.0;2.0;3.0;1.0;2.0;0.0;2.0;3.0;1.0
2022/23;Domenica;15;Gennaio;Torino;Spezia;0;1;False;False;True;-1;1;2;0;3;228;2;1;2;2;1;X;2;2;X;X;X;X;1;1;2;X;1;1;X;X;X;X;0.0;0.0;1.0;2.0;2.0;0.0;0.0;1.0;2.0;2.0;1.0;2.0;0.0;2.0;3.0;1.0;2.0;0.0;2.0;3.0
2022/23;Domenica;15;Gennaio;Udinese;Bologna;1;2;False;False;True;-1;1;2;0;3;228;2;1;2;2;2;1;X;2;X;X;X;X;1;1;1;2;X;1;X;X;X;X;1.0;0.0;0.0;1.0;2.0;1.0;0.0;0.0;1.0;2.0;2.0;1.0;2.0;0.0;2.0;2.0;1.0;2.0;0.0;2.0
2022/23;Domenica;15;Gennaio;Atalanta;Salernitana;8;2;True;False;False;1;-1;1;3;0;228;1;2;1;2;2;2;1;1;X;X;X;X;2;1;1;1;2;2;X;X;X;X;8.0;1.0;0.0;0.0;1.0;8.0;1.0;0.0;0.0;1.0;2.0;2.0;1.0;2.0;0.0;2.0;2.0;1.0;2.0;0.0
2022/23;Domenica;15;Gennaio;Roma;Fiorentina;2;0;True;False;False;1;-1;1;3;0;228;1;2;1;1;2;2;2;1;X;X;X;X;2;2;1;1;1;2;X;X;X;X;2.0;8.0;1.0;0.0;0.0;2.0;8.0;1.0;0.0;0.0;0.0;2.0;2.0;1.0;2.0;0.0;2.0;2.0;1.0;2.0
2022/23;Lunedì;16;Gennaio;Empoli;Sampdoria;1;0;True;False;False;1;-1;1;3;0;228;1;2;1;1;1;2;2;1;X;X;X;X;2;2;2;1;1;2;X;X;X;X;1.0;2.0;8.0;1.0;0.0;1.0;2.0;8.0;1.0;0.0;0.0;0.0;2.0;2.0;1.0;0.0;0.0;2.0;2.0;1.0
2022/23;Sabato;21;Gennaio;Hellas Verona;Lecce;2;0;True;False;False;1;-1;1;3;0;228;1;2;1;1;1;1;2;1;X;X;X;X;2;2;2;2;1;2;X;X;X;X;2.0;1.0;2.0;8.0;1.0;2.0;1.0;2.0;8.0;1.0;0.0;0.0;0.0;2.0;2.0;0.0;0.0;0.0;2.0;2.0
2022/23;Sabato;21;Gennaio;Salernitana;Napoli;0;2;False;False;True;-1;1;2;0;3;228;2;1;2;1;1;1;1;2;X;X;X;X;1;2;2;2;2;1;X;X;X;X;0.0;2.0;1.0;2.0;8.0;0.0;2.0;1.0;2.0;8.0;2.0;0.0;0.0;0.0;2.0;2.0;0.0;0.0;0.0;2.0
2022/23;Sabato;21;Gennaio;Fiorentina;Torino;0;1;False;False;True;-1;1;2;0;3;228;2;1;2;2;1;1;1;2;X;X;X;X;1;1;2;2;2;1;X;X;X;X;0.0;0.0;2.0;1.0;2.0;0.0;0.0;2.0;1.0;2.0;1.0;2.0;0.0;0.0;0.0;1.0;2.0;0.0;0.0;0.0
2022/23;Domenica;22;Gennaio;Sampdoria;Udinese;0;1;False;False;True;-1;1;2;0;3;228;2;1;2;2;2;1;1;2;X;X;X;X;1;1;1;2;2;1;X;X;X;X;0.0;0.0;0.0;2.0;1.0;0.0;0.0;0.0;2.0;1.0;1.0;1.0;2.0;0.0;0.0;1.0;1.0;2.0;0.0;0.0
2022/23;Domenica;22;Gennaio;Monza;Sassuolo;1;1;False;True;False;0;0;X;1;1;228;X;X;X;2;2;2;1;X;X;X;X;X;X;1;1;1;2;X;X;X;X;X;1.0;0.0;0.0;0.0;2.0;1.0;0.0;0.0;0.0;2.0;1.0;1.0;1.0;2.0;0.0;1.0;1.0;1.0;2.0;0.0
2022/23;Domenica;22;Gennaio;Spezia;Roma;0;2;False;False;True;-1;1;2;0;3;228;2;1;2;X;2;2;2;2;X;X;X;X;1;X;1;1;1;1;X;X;X;X;0.0;1.0;0.0;0.0;0.0;0.0;1.0;0.0;0.0;0.0;2.0;1.0;1.0;1.0;2.0;2.0;1.0;1.0;1.0;2.0
2022/23;Domenica;22;Gennaio;Juventus;Atalanta;3;3;False;True;False;0;0;X;1;1;228;X;X;X;2;X;2;2;X;X;X;X;X;X;1;X;1;1;X;X;X;X;X;3.0;0.0;1.0;0.0;0.0;3.0;0.0;1.0;0.0;0.0;3.0;2.0;1.0;1.0;1.0;3.0;2.0;1.0;1.0;1.0
2022/23;Lunedì;23;Gennaio;Bologna;Cremonese;1;1;False;True;False;0;0;X;1;1;228;X;X;X;X;2;X;2;X;X;X;X;X;X;X;1;X;1;X;X;X;X;X;1.0;3.0;0.0;1.0;0.0;1.0;3.0;0.0;1.0;0.0;1.0;3.0;2.0;1.0;1.0;1.0;3.0;2.0;1.0;1.0
2022/23;Lunedì;23;Gennaio;Inter;Empoli;0;1;False;False;True;-1;1;2;0;3;228;2;1;2;X;X;2;X;2;X;X;X;X;1;X;X;1;X;1;X;X;X;X;0.0;1.0;3.0;0.0;1.0;0.0;1.0;3.0;0.0;1.0;1.0;1.0;3.0;2.0;1.0;1.0;1.0;3.0;2.0;1.0
2022/23;Martedì;24;Gennaio;Lazio;Milan;4;0;True;False;False;1;-1;1;3;0;228;1;2;1;2;X;X;2;1;X;X;X;X;2;1;X;X;1;2;X;X;X;X;4.0;0.0;1.0;3.0;0.0;4.0;0.0;1.0;3.0;0.0;0.0;1.0;1.0;3.0;2.0;0.0;1.0;1.0;3.0;2.0
2022/23;Venerdì;27;Gennaio;Bologna;Spezia;2;0;True;False;False;1;-1;1;3;0;228;1;2;1;1;2;X;X;1;X;X;X;X;2;2;1;X;X;2;X;X;X;X;2.0;4.0;0.0;1.0;3.0;2.0;4.0;0.0;1.0;3.0;0.0;0.0;1.0;1.0;3.0;0.0;0.0;1.0;1.0;3.0
2022/23;Venerdì;27;Gennaio;Lecce;Salernitana;1;2;False;False;True;-1;1;2;0;3;228;2;1;2;1;1;2;X;2;X;X;X;X;1;2;2;1;X;1;X;X;X;X;1.0;2.0;4.0;0.0;1.0;1.0;2.0;4.0;0.0;1.0;2.0;0.0;0.0;1.0;1.0;2.0;0.0;0.0;1.0;1.0
2022/23;Sabato;28;Gennaio;Empoli;Torino;2;2;False;True;False;0;0;X;1;1;228;X;X;X;2;1;1;2;X;X;X;X;X;X;1;2;2;1;X;X;X;X;X;2.0;1.0;2.0;4.0;0.0;2.0;1.0;2.0;4.0;0.0;2.0;2.0;0.0;0.0;1.0;2.0;2.0;0.0;0.0;1.0
2022/23;Sabato;28;Gennaio;Cremonese;Inter;1;2;False;False;True;-1;1;2;0;3;228;2;1;2;X;2;1;1;2;X;X;X;X;1;X;1;2;2;1;X;X;X;X;1.0;2.0;1.0;2.0;4.0;1.0;2.0;1.0;2.0;4.0;2.0;2.0;2.0;0.0;0.0;2.0;2.0;2.0;0.0;0.0
2022/23;Sabato;28;Gennaio;Atalanta;Sampdoria;2;0;True;False;False;1;-1;1;3;0;228;1;2;1;2;X;2;1;1;X;X;X;X;2;1;X;1;2;2;X;X;X;X;2.0;1.0;2.0;1.0;2.0;2.0;1.0;2.0;1.0;2.0;0.0;2.0;2.0;2.0;0.0;0.0;2.0;2.0;2.0;0.0
2022/23;Domenica;29;Gennaio;Milan;Sassuolo;2;5;False;False;True;-1;1;2;0;3;228;2;1;2;1;2;X;2;2;X;X;X;X;1;2;1;X;1;1;X;X;X;X;2.0;2.0;1.0;2.0;1.0;2.0;2.0;1.0;2.0;1.0;5.0;0.0;2.0;2.0;2.0;5.0;0.0;2.0;2.0;2.0
2022/23;Domenica;29;Gennaio;Juventus;Monza;0;2;False;False;True;-1;1;2;0;3;228;2;1;2;2;1;2;X;2;X;X;X;X;1;1;2;1;X;1;X;X;X;X;0.0;2.0;2.0;1.0;2.0;0.0;2.0;2.0;1.0;2.0;2.0;5.0;0.0;2.0;2.0;2.0;5.0;0.0;2.0;2.0
2022/23;Domenica;29;Gennaio;Lazio;Fiorentina;1;1;False;True;False;0;0;X;1;1;228;X;X;X;2;2;1;2;X;X;X;X;X;X;1;1;2;1;X;X;X;X;X;1.0;0.0;2.0;2.0;1.0;1.0;0.0;2.0;2.0;1.0;1.0;2.0;5.0;0.0;2.0;1.0;2.0;5.0;0.0;2.0
2022/23;Domenica;29;Gennaio;Napoli;Roma;2;1;True;False;False;1;-1;1;3;0;228;1;2;1;X;2;2;1;1;X;X;X;X;2;X;1;1;2;2;X;X;X;X;2.0;1.0;0.0;2.0;2.0;2.0;1.0;0.0;2.0;2.0;1.0;1.0;2.0;5.0;0.0;1.0;1.0;2.0;5.0;0.0
2022/23;Lunedì;30;Gennaio;Udinese;Hellas Verona;1;1;False;True;False;0;0;X;1;1;228;X;X;X;1;X;2;2;X;X;X;X;X;X;2;X;1;1;X;X;X;X;X;1.0;2.0;1.0;0.0;2.0;1.0;2.0;1.0;0.0;2.0;1.0;1.0;1.0;2.0;5.0;1.0;1.0;1.0;2.0;5.0
2022/23;Sabato;4;Febbraio;Cremonese;Lecce;0;2;False;False;True;-1;1;2;0;3;228;2;1;2;X;1;X;2;2;X;X;X;X;1;X;2;X;1;1;X;X;X;X;0.0;1.0;2.0;1.0;0.0;0.0;1.0;2.0;1.0;0.0;2.0;1.0;1.0;1.0;2.0;2.0;1.0;1.0;1.0;2.0
2022/23;Sabato;4;Febbraio;Roma;Empoli;2;0;True;False;False;1;-1;1;3;0;228;1;2;1;2;X;1;X;1;X;X;X;X;2;1;X;2;X;2;X;X;X;X;2.0;0.0;1.0;2.0;1.0;2.0;0.0;1.0;2.0;1.0;0.0;2.0;1.0;1.0;1.0;0.0;2.0;1.0;1.0;1.0
2022/23;Sabato;4;Febbraio;Sassuolo;Atalanta;1;0;True;False;False;1;-1;1;3;0;228;1;2;1;1;2;X;1;1;X;X;X;X;2;2;1;X;2;2;X;X;X;X;1.0;2.0;0.0;1.0;2.0;1.0;2.0;0.0;1.0;2.0;0.0;0.0;2.0;1.0;1.0;0.0;0.0;2.0;1.0;1.0
2022/23;Domenica;5;Febbraio;Spezia;Napoli;0;3;False;False;True;-1;1;2;0;3;228;2;1;2;1;1;2;X;2;X;X;X;X;1;2;2;1;X;1;X;X;X;X;0.0;1.0;2.0;0.0;1.0;0.0;1.0;2.0;0.0;1.0;3.0;0.0;0.0;2.0;1.0;3.0;0.0;0.0;2.0;1.0
2022/23;Domenica;5;Febbraio;Torino;Udinese;1;0;True;False;False;1;-1;1;3;0;228;1;2;1;2;1;1;2;1;X;X;X;X;2;1;2;2;1;2;X;X;X;X;1.0;0.0;1.0;2.0;0.0;1.0;0.0;1.0;2.0;0.0;0.0;3.0;0.0;0.0;2.0;0.0;3.0;0.0;0.0;2.0
2022/23;Domenica;5;Febbraio;Fiorentina;Bologna;1;2;False;False;True;-1;1;2;0;3;228;2;1;2;1;2;1;1;2;X;X;X;X;1;2;1;2;2;1;X;X;X;X;1.0;1.0;0.0;1.0;2.0;1.0;1.0;0.0;1.0;2.0;2.0;0.0;3.0;0.0;0.0;2.0;0.0;3.0;0.0;0.0
2022/23;Domenica;5;Febbraio;Inter;Milan;1;0;True;False;False;1;-1;1;3;0;228;1;2;1;2;1;2;1;1;X;X;X;X;2;1;2;1;2;2;X;X;X;X;1.0;1.0;1.0;0.0;1.0;1.0;1.0;1.0;0.0;1.0;0.0;2.0;0.0;3.0;0.0;0.0;2.0;0.0;3.0;0.0
2022/23;Lunedì;6;Febbraio;Hellas Verona;Lazio;1;1;False;True;False;0;0;X;1;1;228;X;X;X;1;2;1;2;X;X;X;X;X;X;2;1;2;1;X;X;X;X;X;1.0;1.0;1.0;1.0;0.0;1.0;1.0;1.0;1.0;0.0;1.0;0.0;2.0;0.0;3.0;1.0;0.0;2.0;0.0;3.0
2022/23;Lunedì;6;Febbraio;Monza;Sampdoria;2;2;False;True;False;0;0;X;1;1;228;X;X;X;X;1;2;1;X;X;X;X;X;X;X;2;1;2;X;X;X;X;X;2.0;1.0;1.0;1.0;1.0;2.0;1.0;1.0;1.0;1.0;2.0;1.0;0.0;2.0;0.0;2.0;1.0;0.0;2.0;0.0
2022/23;Martedì;7;Febbraio;Salernitana;Juventus;0;3;False;False;True;-1;1;2;0;3;228;2;1;2;X;X;1;2;2;X;X;X;X;1;X;X;2;1;1;X;X;X;X;0.0;2.0;1.0;1.0;1.0;0.0;2.0;1.0;1.0;1.0;3.0;2.0;1.0;0.0;2.0;3.0;2.0;1.0;0.0;2.0
2022/23;Venerdì;10;Febbraio;Milan;Torino;1;0;True;False;False;1;-1;1;3;0;228;1;2;1;2;X;X;1;1;X;X;X;X;2;1;X;X;2;2;X;X;X;X;1.0;0.0;2.0;1.0;1.0;1.0;0.0;2.0;1.0;1.0;0.0;3.0;2.0;1.0;0.0;0.0;3.0;2.0;1.0;0.0
2022/23;Sabato;11;Febbraio;Empoli;Spezia;2;2;False;True;False;0;0;X;1;1;228;X;X;X;1;2;X;X;X;X;X;X;X;X;2;1;X;X;X;X;X;X;X;2.0;1.0;0.0;2.0;1.0;2.0;1.0;0.0;2.0;1.0;2.0;0.0;3.0;2.0;1.0;2.0;0.0;3.0;2.0;1.0
2022/23;Sabato;11;Febbraio;Lecce;Roma;1;1;False;True;False;0;0;X;1;1;228;X;X;X;X;1;2;X;X;X;X;X;X;X;X;2;1;X;X;X;X;X;X;1.0;2.0;1.0;0.0;2.0;1.0;2.0;1.0;0.0;2.0;1.0;2.0;0.0;3.0;2.0;1.0;2.0;0.0;3.0;2.0
2022/23;Sabato;11;Febbraio;Lazio;Atalanta;0;2;False;False;True;-1;1;2;0;3;228;2;1;2;X;X;1;2;2;X;X;X;X;1;X;X;2;1;1;X;X;X;X;0.0;1.0;2.0;1.0;0.0;0.0;1.0;2.0;1.0;0.0;2.0;1.0;2.0;0.0;3.0;2.0;1.0;2.0;0.0;3.0
2022/23;Domenica;12;Febbraio;Udinese;Sassuolo;2;2;False;True;False;0;0;X;1;1;228;X;X;X;2;X;X;1;X;X;X;X;X;X;1;X;X;2;X;X;X;X;X;2.0;0.0;1.0;2.0;1.0;2.0;0.0;1.0;2.0;1.0;2.0;2.0;1.0;2.0;0.0;2.0;2.0;1.0;2.0;0.0
2022/23;Domenica;12;Febbraio;Bologna;Monza;0;1;False;False;True;-1;1;2;0;3;228;2;1;2;X;2;X;X;2;X;X;X;X;1;X;1;X;X;1;X;X;X;X;0.0;2.0;0.0;1.0;2.0;0.0;2.0;0.0;1.0;2.0;1.0;2.0;2.0;1.0;2.0;1.0;2.0;2.0;1.0;2.0
2022/23;Domenica;12;Febbraio;Juventus;Fiorentina;1;0;True;False;False;1;-1;1;3;0;228;1;2;1;2;X;2;X;1;X;X;X;X;2;1;X;1;X;2;X;X;X;X;1.0;0.0;2.0;0.0;1.0;1.0;0.0;2.0;0.0;1.0;0.0;1.0;2.0;2.0;1.0;0.0;1.0;2.0;2.0;1.0
2022/23;Domenica;12;Febbraio;Napoli;Cremonese;3;0;True;False;False;1;-1;1;3;0;228;1;2;1;1;2;X;2;1;X;X;X;X;2;2;1;X;1;2;X;X;X;X;3.0;1.0;0.0;2.0;0.0;3.0;1.0;0.0;2.0;0.0;0.0;0.0;1.0;2.0;2.0;0.0;0.0;1.0;2.0;2.0
2022/23;Lunedì;13;Febbraio;Hellas Verona;Salernitana;1;0;True;False;False;1;-1;1;3;0;228;1;2;1;1;1;2;X;1;X;X;X;X;2;2;2;1;X;2;X;X;X;X;1.0;3.0;1.0;0.0;2.0;1.0;3.0;1.0;0.0;2.0;0.0;0.0;0.0;1.0;2.0;0.0;0.0;0.0;1.0;2.0
2022/23;Lunedì;13;Febbraio;Sampdoria;Inter;0;0;False;True;False;0;0;X;1;1;228;X;X;X;1;1;1;2;X;X;X;X;X;X;2;2;2;1;X;X;X;X;X;0.0;1.0;3.0;1.0;0.0;0.0;1.0;3.0;1.0;0.0;0.0;0.0;0.0;0.0;1.0;0.0;0.0;0.0;0.0;1.0
2022/23;Venerdì;17;Febbraio;Sassuolo;Napoli;0;2;False;False;True;-1;1;2;0;3;228;2;1;2;X;1;1;1;2;X;X;X;X;1;X;2;2;2;1;X;X;X;X;0.0;0.0;1.0;3.0;1.0;0.0;0.0;1.0;3.0;1.0;2.0;0.0;0.0;0.0;0.0;2.0;0.0;0.0;0.0;0.0
2022/23;Sabato;18;Febbraio;Sampdoria;Bologna;1;2;False;False;True;-1;1;2;0;3;228;2;1;2;2;X;1;1;2;X;X;X;X;1;1;X;2;2;1;X;X;X;X;1.0;0.0;0.0;1.0;3.0;1.0;0.0;0.0;1.0;3.0;2.0;2.0;0.0;0.0;0.0;2.0;2.0;0.0;0.0;0.0
2022/23;Sabato;18;Febbraio;Monza;Milan;0;1;False;False;True;-1;1;2;0;3;228;2;1;2;2;2;X;1;2;X;X;X;X;1;1;1;X;2;1;X;X;X;X;0.0;1.0;0.0;0.0;1.0;0.0;1.0;0.0;0.0;1.0;1.0;2.0;2.0;0.0;0.0;1.0;2.0;2.0;0.0;0.0
2022/23;Sabato;18;Febbraio;Inter;Udinese;3;1;True;False;False;1;-1;1;3;0;228;1;2;1;2;2;2;X;1;X;X;X;X;2;1;1;1;X;2;X;X;X;X;3.0;0.0;1.0;0.0;0.0;3.0;0.0;1.0;0.0;0.0;1.0;1.0;2.0;2.0;0.0;1.0;1.0;2.0;2.0;0.0
2022/23;Domenica;19;Febbraio;Atalanta;Lecce;1;2;False;False;True;-1;1;2;0;3;228;2;1;2;1;2;2;2;2;X;X;X;X;1;2;1;1;1;1;X;X;X;X;1.0;3.0;0.0;1.0;0.0;1.0;3.0;0.0;1.0;0.0;2.0;1.0;1.0;2.0;2.0;2.0;1.0;1.0;2.0;2.0
2022/23;Domenica;19;Febbraio;Fiorentina;Empoli;1;1;False;True;False;0;0;X;1;1;228;X;X;X;2;1;2;2;X;X;X;X;X;X;1;2;1;1;X;X;X;X;X;1.0;1.0;3.0;0.0;1.0;1.0;1.0;3.0;0.0;1.0;1.0;2.0;1.0;1.0;2.0;1.0;2.0;1.0;1.0;2.0
2022/23;Domenica;19;Febbraio;Salernitana;Lazio;0;2;False;False;True;-1;1;2;0;3;228;2;1;2;X;2;1;2;2;X;X;X;X;1;X;1;2;1;1;X;X;X;X;0.0;1.0;1.0;3.0;0.0;0.0;1.0;1.0;3.0;0.0;2.0;1.0;2.0;1.0;1.0;2.0;1.0;2.0;1.0;1.0
2022/23;Domenica;19;Febbraio;Spezia;Juventus;0;2;False;False;True;-1;1;2;0;3;228;2;1;2;2;X;2;1;2;X;X;X;X;1;1;X;1;2;1;X;X;X;X;0.0;0.0;1.0;1.0;3.0;0.0;0.0;1.0;1.0;3.0;2.0;2.0;1.0;2.0;1.0;2.0;2.0;1.0;2.0;1.0
2022/23;Domenica;19;Febbraio;Roma;Hellas Verona;1;0;True;False;False;1;-1;1;3;0;228;1;2;1;2;2;X;2;1;X;X;X;X;2;1;1;X;1;2;X;X;X;X;1.0;0.0;0.0;1.0;1.0;1.0;0.0;0.0;1.0;1.0;0.0;2.0;2.0;1.0;2.0;0.0;2.0;2.0;1.0;2.0
2022/23;Lunedì;20;Febbraio;Torino;Cremonese;2;2;False;True;False;0;0;X;1;1;228;X;X;X;1;2;2;X;X;X;X;X;X;X;2;1;1;X;X;X;X;X;X;2.0;1.0;0.0;0.0;1.0;2.0;1.0;0.0;0.0;1.0;2.0;0.0;2.0;2.0;1.0;2.0;0.0;2.0;2.0;1.0
2022/23;Sabato;25;Febbraio;Empoli;Napoli;0;2;False;False;True;-1;1;2;0;3;228;2;1;2;X;1;2;2;2;X;X;X;X;1;X;2;1;1;1;X;X;X;X;0.0;2.0;1.0;0.0;0.0;0.0;2.0;1.0;0.0;0.0;2.0;2.0;0.0;2.0;2.0;2.0;2.0;0.0;2.0;2.0
2022/23;Sabato;25;Febbraio;Lecce;Sassuolo;0;1;False;False;True;-1;1;2;0;3;228;2;1;2;2;X;1;2;2;X;X;X;X;1;1;X;2;1;1;X;X;X;X;0.0;0.0;2.0;1.0;0.0;0.0;0.0;2.0;1.0;0.0;1.0;2.0;2.0;0.0;2.0;1.0;2.0;2.0;0.0;2.0
2022/23;Domenica;26;Febbraio;Bologna;Inter;1;0;True;False;False;1;-1;1;3;0;228;1;2;1;2;2;X;1;1;X;X;X;X;2;1;1;X;2;2;X;X;X;X;1.0;0.0;0.0;2.0;1.0;1.0;0.0;0.0;2.0;1.0;0.0;1.0;2.0;2.0;0.0;0.0;1.0;2.0;2.0;0.0
2022/23;Domenica;26;Febbraio;Salernitana;Monza;3;0;True;False;False;1;-1;1;3;0;228;1;2;1;1;2;2;X;1;X;X;X;X;2;2;1;1;X;2;X;X;X;X;3.0;1.0;0.0;0.0;2.0;3.0;1.0;0.0;0.0;2.0;0.0;0.0;1.0;2.0;2.0;0.0;0.0;1.0;2.0;2.0
2022/23;Domenica;26;Febbraio;Udinese;Spezia;2;2;False;True;False;0;0;X;1;1;228;X;X;X;1;1;2;2;X;X;X;X;X;X;2;2;1;1;X;X;X;X;X;2.0;3.0;1.0;0.0;0.0;2.0;3.0;1.0;0.0;0.0;2.0;0.0;0.0;1.0;2.0;2.0;0.0;0.0;1.0;2.0
2022/23;Domenica;26;Febbraio;Milan;Atalanta;2;0;True;False;False;1;-1;1;3;0;228;1;2;1;X;1;1;2;1;X;X;X;X;2;X;2;2;1;2;X;X;X;X;2.0;2.0;3.0;1.0;0.0;2.0;2.0;3.0;1.0;0.0;0.0;2.0;0.0;0.0;1.0;0.0;2.0;0.0;0.0;1.0
2022/23;Lunedì;27;Febbraio;Hellas Verona;Fiorentina;0;3;False;False;True;-1;1;2;0;3;228;2;1;2;1;X;1;1;2;X;X;X;X;1;2;X;2;2;1;X;X;X;X;0.0;2.0;2.0;3.0;1.0;0.0;2.0;2.0;3.0;1.0;3.0;0.0;2.0;0.0;0.0;3.0;0.0;2.0;0.0;0.0
2022/23;Lunedì;27;Febbraio;Lazio;Sampdoria;1;0;True;False;False;1;-1;1;3;0;228;1;2;1;2;1;X;1;1;X;X;X;X;2;1;2;X;2;2;X;X;X;X;1.0;0.0;2.0;2.0;3.0;1.0;0.0;2.0;2.0;3.0;0.0;3.0;0.0;2.0;0.0;0.0;3.0;0.0;2.0;0.0
2022/23;Martedì;28;Febbraio;Cremonese;Roma;2;1;True;False;False;1;-1;1;3;0;228;1;2;1;1;2;1;X;1;X;X;X;X;2;2;1;2;X;2;X;X;X;X;2.0;1.0;0.0;2.0;2.0;2.0;1.0;0.0;2.0;2.0;1.0;0.0;3.0;0.0;2.0;1.0;0.0;3.0;0.0;2.0
2022/23;Martedì;28;Febbraio;Juventus;Torino;4;2;True;False;False;1;-1;1;3;0;228;1;2;1;1;1;2;1;1;X;X;X;X;2;2;2;1;2;2;X;X;X;X;4.0;2.0;1.0;0.0;2.0;4.0;2.0;1.0;0.0;2.0;2.0;1.0;0.0;3.0;0.0;2.0;1.0;0.0;3.0;0.0
2022/23;Venerdì;3;Marzo;Napoli;Lazio;0;1;False;False;True;-1;1;2;0;3;228;2;1;2;1;1;1;2;2;X;X;X;X;1;2;2;2;1;1;X;X;X;X;0.0;4.0;2.0;1.0;0.0;0.0;4.0;2.0;1.0;0.0;1.0;2.0;1.0;0.0;3.0;1.0;2.0;1.0;0.0;3.0
2022/23;Sabato;4;Marzo;Monza;Empoli;2;1;True;False;False;1;-1;1;3;0;228;1;2;1;2;1;1;1;1;X;X;X;X;2;1;2;2;2;2;X;X;X;X;2.0;0.0;4.0;2.0;1.0;2.0;0.0;4.0;2.0;1.0;1.0;1.0;2.0;1.0;0.0;1.0;1.0;2.0;1.0;0.0
2022/23;Sabato;4;Marzo;Atalanta;Udinese;0;0;False;True;False;0;0;X;1;1;228;X;X;X;1;2;1;1;X;X;X;X;X;X;2;1;2;2;X;X;X;X;X;0.0;2.0;0.0;4.0;2.0;0.0;2.0;0.0;4.0;2.0;0.0;1.0;1.0;2.0;1.0;0.0;1.0;1.0;2.0;1.0
2022/23;Sabato;4;Marzo;Fiorentina;Milan;2;1;True;False;False;1;-1;1;3;0;228;1;2;1;X;1;2;1;1;X;X;X;X;2;X;2;1;2;2;X;X;X;X;2.0;0.0;2.0;0.0;4.0;2.0;0.0;2.0;0.0;4.0;1.0;0.0;1.0;1.0;2.0;1.0;0.0;1.0;1.0;2.0
2022/23;Domenica;5;Marzo;Spezia;Hellas Verona;0;0;False;True;False;0;0;X;1;1;228;X;X;X;1;X;1;2;X;X;X;X;X;X;2;X;2;1;X;X;X;X;X;0.0;2.0;0.0;2.0;0.0;0.0;2.0;0.0;2.0;0.0;0.0;1.0;0.0;1.0;1.0;0.0;1.0;0.0;1.0;1.0
2022/23;Domenica;5;Marzo;Sampdoria;Salernitana;0;0;False;True;False;0;0;X;1;1;228;X;X;X;X;1;X;1;X;X;X;X;X;X;X;2;X;2;X;X;X;X;X;0.0;0.0;2.0;0.0;2.0;0.0;0.0;2.0;0.0;2.0;0.0;0.0;1.0;0.0;1.0;0.0;0.0;1.0;0.0;1.0
2022/23;Domenica;5;Marzo;Inter;Lecce;2;0;True;False;False;1;-1;1;3;0;228;1;2;1;X;X;1;X;1;X;X;X;X;2;X;X;2;X;2;X;X;X;X;2.0;0.0;0.0;2.0;0.0;2.0;0.0;0.0;2.0;0.0;0.0;0.0;0.0;1.0;0.0;0.0;0.0;0.0;1.0;0.0
2022/23;Domenica;5;Marzo;Roma;Juventus;1;0;True;False;False;1;-1;1;3;0;228;1;2;1;1;X;X;1;1;X;X;X;X;2;2;X;X;2;2;X;X;X;X;1.0;2.0;0.0;0.0;2.0;1.0;2.0;0.0;0.0;2.0;0.0;0.0;0.0;0.0;1.0;0.0;0.0;0.0;0.0;1.0
2022/23;Lunedì;6;Marzo;Sassuolo;Cremonese;3;2;True;False;False;1;-1;1;3;0;228;1;2;1;1;1;X;X;1;X;X;X;X;2;2;2;X;X;2;X;X;X;X;3.0;1.0;2.0;0.0;0.0;3.0;1.0;2.0;0.0;0.0;2.0;0.0;0.0;0.0;0.0;2.0;0.0;0.0;0.0;0.0
2022/23;Lunedì;6;Marzo;Torino;Bologna;1;0;True;False;False;1;-1;1;3;0;228;1;2;1;1;1;1;X;1;X;X;X;X;2;2;2;2;X;2;X;X;X;X;1.0;3.0;1.0;2.0;0.0;1.0;3.0;1.0;2.0;0.0;0.0;2.0;0.0;0.0;0.0;0.0;2.0;0.0;0.0;0.0
2022/23;Venerdì;10;Marzo;Spezia;Inter;2;1;True;False;False;1;-1;1;3;0;228;1;2;1;1;1;1;1;1;X;X;X;X;2;2;2;2;2;2;X;X;X;X;2.0;1.0;3.0;1.0;2.0;2.0;1.0;3.0;1.0;2.0;1.0;0.0;2.0;0.0;0.0;1.0;0.0;2.0;0.0;0.0
2022/23;Sabato;11;Marzo;Empoli;Udinese;0;1;False;False;True;-1;1;2;0;3;228;2;1;2;1;1;1;1;2;X;X;X;X;1;2;2;2;2;1;X;X;X;X;0.0;2.0;1.0;3.0;1.0;0.0;2.0;1.0;3.0;1.0;1.0;1.0;0.0;2.0;0.0;1.0;1.0;0.0;2.0;0.0
2022/23;Sabato;11;Marzo;Napoli;Atalanta;2;0;True;False;False;1;-1;1;3;0;228;1;2;1;2;1;1;1;1;X;X;X;X;2;1;2;2;2;2;X;X;X;X;2.0;0.0;2.0;1.0;3.0;2.0;0.0;2.0;1.0;3.0;0.0;1.0;1.0;0.0;2.0;0.0;1.0;1.0;0.0;2.0
2022/23;Sabato;11;Marzo;Bologna;Lazio;0;0;False;True;False;0;0;X;1;1;228;X;X;X;1;2;1;1;X;X;X;X;X;X;2;1;2;2;X;X;X;X;X;0.0;2.0;0.0;2.0;1.0;0.0;2.0;0.0;2.0;1.0;0.0;0.0;1.0;1.0;0.0;0.0;0.0;1.0;1.0;0.0
2022/23;Domenica;12;Marzo;Lecce;Torino;0;2;False;False;True;-1;1;2;0;3;228;2;1;2;X;1;2;1;2;X;X;X;X;1;X;2;1;2;1;X;X;X;X;0.0;0.0;2.0;0.0;2.0;0.0;0.0;2.0;0.0;2.0;2.0;0.0;0.0;1.0;1.0;2.0;0.0;0.0;1.0;1.0
2022/23;Domenica;12;Marzo;Cremonese;Fiorentina;0;2;False;False;True;-1;1;2;0;3;228;2;1;2;2;X;1;2;2;X;X;X;X;1;1;X;2;1;1;X;X;X;X;0.0;0.0;0.0;2.0;0.0;0.0;0.0;0.0;2.0;0.0;2.0;2.0;0.0;0.0;1.0;2.0;2.0;0.0;0.0;1.0
2022/23;Domenica;12;Marzo;Hellas Verona;Monza;1;1;False;True;False;0;0;X;1;1;228;X;X;X;2;2;X;1;X;X;X;X;X;X;1;1;X;2;X;X;X;X;X;1.0;0.0;0.0;0.0;2.0;1.0;0.0;0.0;0.0;2.0;1.0;2.0;2.0;0.0;0.0;1.0;2.0;2.0;0.0;0.0
2022/23;Domenica;12;Marzo;Roma;Sassuolo;3;4;False;False;True;-1;1;2;0;3;228;2;1;2;X;2;2;X;2;X;X;X;X;1;X;1;1;X;1;X;X;X;X;3.0;1.0;0.0;0.0;0.0;3.0;1.0;0.0;0.0;0.0;4.0;1.0;2.0;2.0;0.0;4.0;1.0;2.0;2.0;0.0
2022/23;Domenica;12;Marzo;Juventus;Sampdoria;4;2;True;False;False;1;-1;1;3;0;228;1;2;1;2;X;2;2;1;X;X;X;X;2;1;X;1;1;2;X;X;X;X;4.0;3.0;1.0;0.0;0.0;4.0;3.0;1.0;0.0;0.0;2.0;4.0;1.0;2.0;2.0;2.0;4.0;1.0;2.0;2.0
2022/23;Lunedì;13;Marzo;Milan;Salernitana;1;1;False;True;False;0;0;X;1;1;228;X;X;X;1;2;X;2;X;X;X;X;X;X;2;1;X;1;X;X;X;X;X;1.0;4.0;3.0;1.0;0.0;1.0;4.0;3.0;1.0;0.0;1.0;2.0;4.0;1.0;2.0;1.0;2.0;4.0;1.0;2.0
2022/23;Venerdì;17;Marzo;Sassuolo;Spezia;1;0;True;False;False;1;-1;1;3;0;228;1;2;1;X;1;2;X;1;X;X;X;X;2;X;2;1;X;2;X;X;X;X;1.0;1.0;4.0;3.0;1.0;1.0;1.0;4.0;3.0;1.0;0.0;1.0;2.0;4.0;1.0;0.0;1.0;2.0;4.0;1.0
2022/23;Venerdì;17;Marzo;Atalanta;Empoli;2;1;True;False;False;1;-1;1;3;0;228;1;2;1;1;X;1;2;1;X;X;X;X;2;2;X;2;1;2;X;X;X;X;2.0;1.0;1.0;4.0;3.0;2.0;1.0;1.0;4.0;3.0;1.0;0.0;1.0;2.0;4.0;1.0;0.0;1.0;2.0;4.0
2022/23;Sabato;18;Marzo;Monza;Cremonese;1;1;False;True;False;0;0;X;1;1;228;X;X;X;1;1;X;1;X;X;X;X;X;X;2;2;X;2;X;X;X;X;X;1.0;2.0;1.0;1.0;4.0;1.0;2.0;1.0;1.0;4.0;1.0;1.0;0.0;1.0;2.0;1.0;1.0;0.0;1.0;2.0
2022/23;Sabato;18;Marzo;Salernitana;Bologna;2;2;False;True;False;0;0;X;1;1;228;X;X;X;X;1;1;X;X;X;X;X;X;X;X;2;2;X;X;X;X;X;X;2.0;1.0;2.0;1.0;1.0;2.0;1.0;2.0;1.0;1.0;2.0;1.0;1.0;0.0;1.0;2.0;1.0;1.0;0.0;1.0
2022/23;Sabato;18;Marzo;Udinese;Milan;3;1;True;False;False;1;-1;1;3;0;228;1;2;1;X;X;1;1;1;X;X;X;X;2;X;X;2;2;2;X;X;X;X;3.0;2.0;1.0;2.0;1.0;3.0;2.0;1.0;2.0;1.0;1.0;2.0;1.0;1.0;0.0;1.0;2.0;1.0;1.0;0.0
2022/23;Domenica;19;Marzo;Sampdoria;Hellas Verona;3;1;True;False;False;1;-1;1;3;0;228;1;2;1;1;X;X;1;1;X;X;X;X;2;2;X;X;2;2;X;X;X;X;3.0;3.0;2.0;1.0;2.0;3.0;3.0;2.0;1.0;2.0;1.0;1.0;2.0;1.0;1.0;1.0;1.0;2.0;1.0;1.0
2022/23;Domenica;19;Marzo;Fiorentina;Lecce;1;0;True;False;False;1;-1;1;3;0;228;1;2;1;1;1;X;X;1;X;X;X;X;2;2;2;X;X;2;X;X;X;X;1.0;3.0;3.0;2.0;1.0;1.0;3.0;3.0;2.0;1.0;0.0;1.0;1.0;2.0;1.0;0.0;1.0;1.0;2.0;1.0
2022/23;Domenica;19;Marzo;Torino;Napoli;0;4;False;False;True;-1;1;2;0;3;228;2;1;2;1;1;1;X;2;X;X;X;X;1;2;2;2;X;1;X;X;X;X;0.0;1.0;3.0;3.0;2.0;0.0;1.0;3.0;3.0;2.0;4.0;0.0;1.0;1.0;2.0;4.0;0.0;1.0;1.0;2.0
2022/23;Domenica;19;Marzo;Lazio;Roma;1;0;True;False;False;1;-1;1;3;0;228;1;2;1;2;1;1;1;1;X;X;X;X;2;1;2;2;2;2;X;X;X;X;1.0;0.0;1.0;3.0;3.0;1.0;0.0;1.0;3.0;3.0;0.0;4.0;0.0;1.0;1.0;0.0;4.0;0.0;1.0;1.0
2022/23;Domenica;19;Marzo;Inter;Juventus;0;1;False;False;True;-1;1;2;0;3;228;2;1;2;1;2;1;1;2;X;X;X;X;1;2;1;2;2;1;X;X;X;X;0.0;1.0;0.0;1.0;3.0;0.0;1.0;0.0;1.0;3.0;1.0;0.0;4.0;0.0;1.0;1.0;0.0;4.0;0.0;1.0
2022/23;Sabato;1;Aprile;Cremonese;Atalanta;1;3;False;False;True;-1;1;2;0;3;228;2;1;2;2;1;2;1;2;X;X;X;X;1;1;2;1;2;1;X;X;X;X;1.0;0.0;1.0;0.0;1.0;1.0;0.0;1.0;0.0;1.0;3.0;1.0;0.0;4.0;0.0;3.0;1.0;0.0;4.0;0.0
2022/23;Sabato;1;Aprile;Inter;Fiorentina;0;1;False;False;True;-1;1;2;0;3;228;2;1;2;2;2;1;2;2;X;2;X;X;1;1;1;2;1;1;X;X;X;X;0.0;1.0;0.0;1.0;0.0;0.0;1.0;0.0;1.0;0.0;1.0;3.0;1.0;0.0;4.0;1.0;3.0;1.0;0.0;4.0
2022/23;Sabato;1;Aprile;Juventus;Hellas Verona;1;0;True;False;False;1;-1;1;3;0;228;1;2;1;2;2;2;1;1;X;X;X;X;2;1;1;1;2;2;X;X;X;X;1.0;0.0;1.0;0.0;1.0;1.0;0.0;1.0;0.0;1.0;0.0;1.0;3.0;1.0;0.0;0.0;1.0;3.0;1.0;0.0
2022/23;Domenica;2;Aprile;Bologna;Udinese;3;0;True;False;False;1;-1;1;3;0;228;1;2;1;1;2;2;2;1;X;X;X;X;2;2;1;1;1;2;X;X;X;X;3.0;1.0;0.0;1.0;0.0;3.0;1.0;0.0;1.0;0.0;0.0;0.0;1.0;3.0;1.0;0.0;0.0;1.0;3.0;1.0
2022/23;Domenica;2;Aprile;Monza;Lazio;0;2;False;False;True;-1;1;2;0;3;228;2;1;2;1;1;2;2;2;X;X;X;X;1;2;2;1;1;1;X;X;X;X;0.0;3.0;1.0;0.0;1.0;0.0;3.0;1.0;0.0;1.0;2.0;0.0;0.0;1.0;3.0;2.0;0.0;0.0;1.0;3.0
2022/23;Domenica;2;Aprile;Spezia;Salernitana;1;1;False;True;False;0;0;X;1;1;228;X;X;X;2;1;1;2;X;X;X;X;X;X;1;2;2;1;X;X;X;X;X;1.0;0.0;3.0;1.0;0.0;1.0;0.0;3.0;1.0;0.0;1.0;2.0;0.0;0.0;1.0;1.0;2.0;0.0;0.0;1.0
2022/23;Domenica;2;Aprile;Roma;Sampdoria;3;0;True;False;False;1;-1;1;3;0;228;1;2;1;X;2;1;1;1;X;X;X;X;2;X;1;2;2;2;X;X;X;X;3.0;1.0;0.0;3.0;1.0;3.0;1.0;0.0;3.0;1.0;0.0;1.0;2.0;0.0;0.0;0.0;1.0;2.0;0.0;0.0
2022/23;Domenica;2;Aprile;Napoli;Milan;0;4;False;False;True;-1;1;2;0;3;228;2;1;2;1;X;2;1;2;X;X;X;X;1;2;X;1;2;1;X;X;X;X;0.0;3.0;1.0;0.0;3.0;0.0;3.0;1.0;0.0;3.0;4.0;0.0;1.0;2.0;0.0;4.0;0.0;1.0;2.0;0.0
2022/23;Lunedì;3;Aprile;Empoli;Lecce;1;0;True;False;False;1;-1;1;3;0;228;1;2;1;2;1;X;2;1;X;X;X;X;2;1;2;X;1;2;X;X;X;X;1.0;0.0;3.0;1.0;0.0;1.0;0.0;3.0;1.0;0.0;0.0;4.0;0.0;1.0;2.0;0.0;4.0;0.0;1.0;2.0
2022/23;Lunedì;3;Aprile;Sassuolo;Torino;1;1;False;True;False;0;0;X;1;1;228;X;X;X;1;2;1;X;X;X;X;X;X;X;2;1;2;X;X;X;X;X;X;1.0;1.0;0.0;3.0;1.0;1.0;1.0;0.0;3.0;1.0;1.0;0.0;4.0;0.0;1.0;1.0;0.0;4.0;0.0;1.0
2022/23;Venerdì;7;Aprile;Salernitana;Inter;1;1;False;True;False;0;0;X;1;1;228;X;X;X;X;1;2;1;X;X;X;X;X;X;X;2;1;2;X;X;X;X;X;1.0;1.0;1.0;0.0;3.0;1.0;1.0;1.0;0.0;3.0;1.0;1.0;0.0;4.0;0.0;1.0;1.0;0.0;4.0;0.0
2022/23;Venerdì;7;Aprile;Lecce;Napoli;1;2;False;False;True;-1;1;2;0;3;228;2;1;2;X;X;1;2;2;X;X;X;X;1;X;X;2;1;1;X;X;X;X;1.0;1.0;1.0;1.0;0.0;1.0;1.0;1.0;1.0;0.0;2.0;1.0;1.0;0.0;4.0;2.0;1.0;1.0;0.0;4.0
2022/23;Venerdì;7;Aprile;Milan;Empoli;0;0;False;True;False;0;0;X;1;1;228;X;X;X;2;X;X;1;X;X;X;X;X;X;1;X;X;2;X;X;X;X;X;0.0;1.0;1.0;1.0;1.0;0.0;1.0;1.0;1.0;1.0;0.0;2.0;1.0;1.0;0.0;0.0;2.0;1.0;1.0;0.0
2022/23;Sabato;8;Aprile;Udinese;Monza;2;2;False;True;False;0;0;X;1;1;228;X;X;X;X;2;X;X;X;X;X;X;X;X;X;1;X;X;X;X;X;X;X;2.0;0.0;1.0;1.0;1.0;2.0;0.0;1.0;1.0;1.0;2.0;0.0;2.0;1.0;1.0;2.0;0.0;2.0;1.0;1.0
2022/23;Sabato;8;Aprile;Fiorentina;Spezia;1;1;False;True;False;0;0;X;1;1;228;X;X;X;X;X;2;X;X;X;X;X;X;X;X;X;1;X;X;X;X;X;X;1.0;2.0;0.0;1.0;1.0;1.0;2.0;0.0;1.0;1.0;1.0;2.0;0.0;2.0;1.0;1.0;2.0;0.0;2.0;1.0
2022/23;Sabato;8;Aprile;Atalanta;Bologna;0;2;False;False;True;-1;1;2;0;3;228;2;1;2;X;X;X;2;2;X;X;X;X;1;X;X;X;1;1;X;X;X;X;0.0;1.0;2.0;0.0;1.0;0.0;1.0;2.0;0.0;1.0;2.0;1.0;2.0;0.0;2.0;2.0;1.0;2.0;0.0;2.0
2022/23;Sabato;8;Aprile;Sampdoria;Cremonese;2;3;False;False;True;-1;1;2;0;3;228;2;1;2;2;X;X;X;2;X;X;X;X;1;1;X;X;X;1;X;X;X;X;2.0;0.0;1.0;2.0;0.0;2.0;0.0;1.0;2.0;0.0;3.0;2.0;1.0;2.0;0.0;3.0;2.0;1.0;2.0;0.0
2022/23;Sabato;8;Aprile;Hellas Verona;Sassuolo;2;1;True;False;False;1;-1;1;3;0;228;1;2;1;2;2;X;X;1;X;X;X;X;2;1;1;X;X;2;X;X;X;X;2.0;2.0;0.0;1.0;2.0;2.0;2.0;0.0;1.0;2.0;1.0;3.0;2.0;1.0;2.0;1.0;3.0;2.0;1.0;2.0
2022/23;Sabato;8;Aprile;Torino;Roma;0;1;False;False;True;-1;1;2;0;3;228;2;1;2;1;2;2;X;2;X;X;X;X;1;2;1;1;X;1;X;X;X;X;0.0;2.0;2.0;0.0;1.0;0.0;2.0;2.0;0.0;1.0;1.0;1.0;3.0;2.0;1.0;1.0;1.0;3.0;2.0;1.0
2022/23;Sabato;8;Aprile;Lazio;Juventus;2;1;True;False;False;1;-1;1;3;0;228;1;2;1;2;1;2;2;1;X;X;X;X;2;1;2;1;1;2;X;X;X;X;2.0;0.0;2.0;2.0;0.0;2.0;0.0;2.0;2.0;0.0;1.0;1.0;1.0;3.0;2.0;1.0;1.0;1.0;3.0;2.0
2022/23;Venerdì;14;Aprile;Cremonese;Empoli;1;0;True;False;False;1;-1;1;3;0;228;1;2;1;1;2;1;2;1;X;X;X;X;2;2;1;2;1;2;X;X;X;X;1.0;2.0;0.0;2.0;2.0;1.0;2.0;0.0;2.0;2.0;0.0;1.0;1.0;1.0;3.0;0.0;1.0;1.0;1.0;3.0
2022/23;Venerdì;14;Aprile;Spezia;Lazio;0;3;False;False;True;-1;1;2;0;3;228;2;1;2;1;1;2;1;2;X;X;X;X;1;2;2;1;2;1;X;X;X;X;0.0;1.0;2.0;0.0;2.0;0.0;1.0;2.0;0.0;2.0;3.0;0.0;1.0;1.0;1.0;3.0;0.0;1.0;1.0;1.0
2022/23;Sabato;15;Aprile;Bologna;Milan;1;1;False;True;False;0;0;X;1;1;228;X;X;X;2;1;1;2;X;X;X;X;X;X;1;2;2;1;X;X;X;X;X;1.0;0.0;1.0;2.0;0.0;1.0;0.0;1.0;2.0;0.0;1.0;3.0;0.0;1.0;1.0;1.0;3.0;0.0;1.0;1.0
2022/23;Sabato;15;Aprile;Napoli;Hellas Verona;0;0;False;True;False;0;0;X;1;1;228;X;X;X;X;2;1;1;X;X;X;X;X;X;X;1;2;2;X;X;X;X;X;0.0;1.0;0.0;1.0;2.0;0.0;1.0;0.0;1.0;2.0;0.0;1.0;3.0;0.0;1.0;0.0;1.0;3.0;0.0;1.0
2022/23;Sabato;15;Aprile;Inter;Monza;0;1;False;False;True;-1;1;2;0;3;228;2;1;2;X;X;2;1;2;X;X;X;X;1;X;X;1;2;1;X;X;X;X;0.0;0.0;1.0;0.0;1.0;0.0;0.0;1.0;0.0;1.0;1.0;0.0;1.0;3.0;0.0;1.0;0.0;1.0;3.0;0.0
2022/23;Domenica;16;Aprile;Lecce;Sampdoria;1;1;False;True;False;0;0;X;1;1;228;X;X;X;2;X;X;2;X;X;X;X;X;X;1;X;X;1;X;X;X;X;X;1.0;0.0;0.0;1.0;0.0;1.0;0.0;0.0;1.0;0.0;1.0;1.0;0.0;1.0;3.0;1.0;1.0;0.0;1.0;3.0
2022/23;Domenica;16;Aprile;Torino;Salernitana;1;1;False;True;False;0;0;X;1;1;228;X;X;X;X;2;X;X;X;X;X;X;X;X;X;1;X;X;X;X;X;X;X;1.0;1.0;0.0;0.0;1.0;1.0;1.0;0.0;0.0;1.0;1.0;1.0;1.0;0.0;1.0;1.0;1.0;1.0;0.0;1.0
2022/23;Domenica;16;Aprile;Sassuolo;Juventus;1;0;True;False;False;1;-1;1;3;0;228;1;2;1;X;X;2;X;1;X;X;X;X;2;X;X;1;X;2;X;X;X;X;1.0;1.0;1.0;0.0;0.0;1.0;1.0;1.0;0.0;0.0;0.0;1.0;1.0;1.0;0.0;0.0;1.0;1.0;1.0;0.0
2022/23;Domenica;16;Aprile;Roma;Udinese;3;0;True;False;False;1;-1;1;3;0;228;1;2;1;1;X;X;2;1;X;X;X;X;2;2;X;X;1;2;X;X;X;X;3.0;1.0;1.0;1.0;0.0;3.0;1.0;1.0;1.0;0.0;0.0;0.0;1.0;1.0;1.0;0.0;0.0;1.0;1.0;1.0
2022/23;Lunedì;17;Aprile;Fiorentina;Atalanta;1;1;False;True;False;0;0;X;1;1;228;X;X;X;1;1;X;X;X;X;X;X;X;X;2;2;X;X;X;X;X;X;X;1.0;3.0;1.0;1.0;1.0;1.0;3.0;1.0;1.0;1.0;1.0;0.0;0.0;1.0;1.0;1.0;0.0;0.0;1.0;1.0
2022/23;Venerdì;21;Aprile;Hellas Verona;Bologna;2;1;True;False;False;1;-1;1;3;0;228;1;2;1;X;1;1;X;1;X;X;X;X;2;X;2;2;X;2;X;X;X;X;2.0;1.0;3.0;1.0;1.0;2.0;1.0;3.0;1.0;1.0;1.0;1.0;0.0;0.0;1.0;1.0;1.0;0.0;0.0;1.0
2022/23;Sabato;22;Aprile;Salernitana;Sassuolo;3;0;True;False;False;1;-1;1;3;0;228;1;2;1;1;X;1;1;1;X;X;X;X;2;2;X;2;2;2;X;X;X;X;3.0;2.0;1.0;3.0;1.0;3.0;2.0;1.0;3.0;1.0;0.0;1.0;1.0;0.0;0.0;0.0;1.0;1.0;0.0;0.0
2022/23;Sabato;22;Aprile;Lazio;Torino;0;1;False;False;True;-1;1;2;0;3;228;2;1;2;1;1;X;1;2;X;X;X;X;1;2;2;X;2;1;X;X;X;X;0.0;3.0;2.0;1.0;3.0;0.0;3.0;2.0;1.0;3.0;1.0;0.0;1.0;1.0;0.0;1.0;0.0;1.0;1.0;0.0
2022/23;Sabato;22;Aprile;Sampdoria;Spezia;1;1;False;True;False;0;0;X;1;1;228;X;X;X;2;1;1;X;X;X;X;X;X;X;1;2;2;X;X;X;X;X;X;1.0;0.0;3.0;2.0;1.0;1.0;0.0;3.0;2.0;1.0;1.0;1.0;0.0;1.0;1.0;1.0;1.0;0.0;1.0;1.0
2022/23;Domenica;23;Aprile;Empoli;Inter;0;3;False;False;True;-1;1;2;0;3;228;2;1;2;X;2;1;1;2;X;X;X;X;1;X;1;2;2;1;X;X;X;X;0.0;1.0;0.0;3.0;2.0;0.0;1.0;0.0;3.0;2.0;3.0;1.0;1.0;0.0;1.0;3.0;1.0;1.0;0.0;1.0
2022/23;Domenica;23;Aprile;Monza;Fiorentina;3;2;True;False;False;1;-1;1;3;0;228;1;2;1;2;X;2;1;1;X;X;X;X;2;1;X;1;2;2;X;X;X;X;3.0;0.0;1.0;0.0;3.0;3.0;0.0;1.0;0.0;3.0;2.0;3.0;1.0;1.0;0.0;2.0;3.0;1.0;1.0;0.0
2022/23;Domenica;23;Aprile;Udinese;Cremonese;3;0;True;False;False;1;-1;1;3;0;228;1;2;1;1;2;X;2;1;X;X;X;X;2;2;1;X;1;2;X;X;X;X;3.0;3.0;0.0;1.0;0.0;3.0;3.0;0.0;1.0;0.0;0.0;2.0;3.0;1.0;1.0;0.0;2.0;3.0;1.0;1.0
2022/23;Domenica;23;Aprile;Milan;Lecce;2;0;True;False;False;1;-1;1;3;0;228;1;2;1;1;1;2;X;1;X;X;X;X;2;2;2;1;X;2;X;X;X;X;2.0;3.0;3.0;0.0;1.0;2.0;3.0;3.0;0.0;1.0;0.0;0.0;2.0;3.0;1.0;0.0;0.0;2.0;3.0;1.0
2022/23;Domenica;23;Aprile;Juventus;Napoli;0;1;False;False;True;-1;1;2;0;3;228;2;1;2;1;1;1;2;2;X;X;X;X;1;2;2;2;1;1;X;X;X;X;0.0;2.0;3.0;3.0;0.0;0.0;2.0;3.0;3.0;0.0;1.0;0.0;0.0;2.0;3.0;1.0;0.0;0.0;2.0;3.0
2022/23;Lunedì;24;Aprile;Atalanta;Roma;3;1;True;False;False;1;-1;1;3;0;228;1;2;1;2;1;1;1;1;X;X;X;X;2;1;2;2;2;2;X;X;X;X;3.0;0.0;2.0;3.0;3.0;3.0;0.0;2.0;3.0;3.0;1.0;1.0;0.0;0.0;2.0;1.0;1.0;0.0;0.0;2.0
2022/23;Venerdì;28;Aprile;Lecce;Udinese;1;0;True;False;False;1;-1;1;3;0;228;1;2;1;1;2;1;1;1;X;X;X;X;2;2;1;2;2;2;X;X;X;X;1.0;3.0;0.0;2.0;3.0;1.0;3.0;0.0;2.0;3.0;0.0;1.0;1.0;0.0;0.0;0.0;1.0;1.0;0.0;0.0
2022/23;Venerdì;28;Aprile;Spezia;Monza;0;2;False;False;True;-1;1;2;0;3;228;2;1;2;1;1;2;1;2;X;X;X;X;1;2;2;1;2;1;X;X;X;X;0.0;1.0;3.0;0.0;2.0;0.0;1.0;3.0;0.0;2.0;2.0;0.0;1.0;1.0;0.0;2.0;0.0;1.0;1.0;0.0
2022/23;Sabato;29;Aprile;Roma;Milan;1;1;False;True;False;0;0;X;1;1;228;X;X;X;2;1;1;2;X;X;X;X;X;X;1;2;2;1;X;X;X;X;X;1.0;0.0;1.0;3.0;0.0;1.0;0.0;1.0;3.0;0.0;1.0;2.0;0.0;1.0;1.0;1.0;2.0;0.0;1.0;1.0
2022/23;Sabato;29;Aprile;Torino;Atalanta;1;2;False;False;True;-1;1;2;0;3;228;2;1;2;X;2;1;1;2;X;X;X;X;1;X;1;2;2;1;X;X;X;X;1.0;1.0;0.0;1.0;3.0;1.0;1.0;0.0;1.0;3.0;2.0;1.0;2.0;0.0;1.0;2.0;1.0;2.0;0.0;1.0
2022/23;Domenica;30;Aprile;Inter;Lazio;3;1;True;False;False;1;-1;1;3;0;228;1;2;1;2;X;2;1;1;X;X;X;X;2;1;X;1;2;2;X;X;X;X;3.0;1.0;1.0;0.0;1.0;3.0;1.0;1.0;0.0;1.0;1.0;2.0;1.0;2.0;0.0;1.0;2.0;1.0;2.0;0.0
2022/23;Domenica;30;Aprile;Cremonese;Hellas Verona;1;1;False;True;False;0;0;X;1;1;228;X;X;X;1;2;X;2;X;X;X;X;X;X;2;1;X;1;X;X;X;X;X;1.0;3.0;1.0;1.0;0.0;1.0;3.0;1.0;1.0;0.0;1.0;1.0;2.0;1.0;2.0;1.0;1.0;2.0;1.0;2.0
2022/23;Domenica;30;Aprile;Napoli;Salernitana;1;1;False;True;False;0;0;X;1;1;228;X;X;X;X;1;2;X;X;X;X;X;X;X;X;2;1;X;X;X;X;X;X;1.0;1.0;3.0;1.0;1.0;1.0;1.0;3.0;1.0;1.0;1.0;1.0;1.0;2.0;1.0;1.0;1.0;1.0;2.0;1.0
2022/23;Domenica;30;Aprile;Sassuolo;Empoli;2;1;True;False;False;1;-1;1;3;0;228;1;2;1;X;X;1;2;1;X;X;X;X;2;X;X;2;1;2;X;X;X;X;2.0;1.0;1.0;3.0;1.0;2.0;1.0;1.0;3.0;1.0;1.0;1.0;1.0;1.0;2.0;1.0;1.0;1.0;1.0;2.0
2022/23;Domenica;30;Aprile;Fiorentina;Sampdoria;5;0;True;False;False;1;-1;1;3;0;228;1;2;1;1;X;X;1;1;X;X;X;X;2;2;X;X;2;2;X;X;X;X;5.0;2.0;1.0;1.0;3.0;5.0;2.0;1.0;1.0;3.0;0.0;1.0;1.0;1.0;1.0;0.0;1.0;1.0;1.0;1.0
2022/23;Domenica;30;Aprile;Bologna;Juventus;1;1;False;True;False;0;0;X;1;1;228;X;X;X;1;1;X;X;X;X;X;X;X;X;2;2;X;X;X;X;X;X;X;1.0;5.0;2.0;1.0;1.0;1.0;5.0;2.0;1.0;1.0;1.0;0.0;1.0;1.0;1.0;1.0;0.0;1.0;1.0;1.0
2022/23;Mercoledì;3;Maggio;Atalanta;Spezia;3;2;True;False;False;1;-1;1;3;0;228;1;2;1;X;1;1;X;1;X;X;X;X;2;X;2;2;X;2;X;X;X;X;3.0;1.0;5.0;2.0;1.0;3.0;1.0;5.0;2.0;1.0;2.0;1.0;0.0;1.0;1.0;2.0;1.0;0.0;1.0;1.0
2022/23;Mercoledì;3;Maggio;Juventus;Lecce;2;1;True;False;False;1;-1;1;3;0;228;1;2;1;1;X;1;1;1;X;X;X;X;2;2;X;2;2;2;X;X;X;X;2.0;3.0;1.0;5.0;2.0;2.0;3.0;1.0;5.0;2.0;1.0;2.0;1.0;0.0;1.0;1.0;2.0;1.0;0.0;1.0
2022/23;Mercoledì;3;Maggio;Salernitana;Fiorentina;3;3;False;True;False;0;0;X;1;1;228;X;X;X;1;1;X;1;X;X;X;X;X;X;2;2;X;2;X;X;X;X;X;3.0;2.0;3.0;1.0;5.0;3.0;2.0;3.0;1.0;5.0;3.0;1.0;2.0;1.0;0.0;3.0;1.0;2.0;1.0;0.0
2022/23;Mercoledì;3;Maggio;Sampdoria;Torino;0;2;False;False;True;-1;1;2;0;3;228;2;1;2;X;1;1;X;2;X;X;X;X;1;X;2;2;X;1;X;X;X;X;0.0;3.0;2.0;3.0;1.0;0.0;3.0;2.0;3.0;1.0;2.0;3.0;1.0;2.0;1.0;2.0;3.0;1.0;2.0;1.0
2022/23;Mercoledì;3;Maggio;Milan;Cremonese;1;1;False;True;False;0;0;X;1;1;228;X;X;X;2;X;1;1;X;X;X;X;X;X;1;X;2;2;X;X;X;X;X;1.0;0.0;3.0;2.0;3.0;1.0;0.0;3.0;2.0;3.0;1.0;2.0;3.0;1.0;2.0;1.0;2.0;3.0;1.0;2.0
2022/23;Mercoledì;3;Maggio;Hellas Verona;Inter;0;6;False;False;True;-1;1;2;0;3;228;2;1;2;X;2;X;1;2;X;X;X;X;1;X;1;X;2;1;X;X;X;X;0.0;1.0;0.0;3.0;2.0;0.0;1.0;0.0;3.0;2.0;6.0;1.0;2.0;3.0;1.0;6.0;1.0;2.0;3.0;1.0
2022/23;Mercoledì;3;Maggio;Lazio;Sassuolo;2;0;True;False;False;1;-1;1;3;0;228;1;2;1;2;X;2;X;1;X;X;X;X;2;1;X;1;X;2;X;X;X;X;2.0;0.0;1.0;0.0;3.0;2.0;0.0;1.0;0.0;3.0;0.0;6.0;1.0;2.0;3.0;0.0;6.0;1.0;2.0;3.0
2022/23;Mercoledì;3;Maggio;Monza;Roma;1;1;False;True;False;0;0;X;1;1;228;X;X;X;1;2;X;2;X;X;X;X;X;X;2;1;X;1;X;X;X;X;X;1.0;2.0;0.0;1.0;0.0;1.0;2.0;0.0;1.0;0.0;1.0;0.0;6.0;1.0;2.0;1.0;0.0;6.0;1.0;2.0
2022/23;Giovedì;4;Maggio;Empoli;Bologna;3;1;True;False;False;1;-1;1;3;0;228;1;2;1;X;1;2;X;1;X;X;X;X;2;X;2;1;X;2;X;X;X;X;3.0;1.0;2.0;0.0;1.0;3.0;1.0;2.0;0.0;1.0;1.0;1.0;0.0;6.0;1.0;1.0;1.0;0.0;6.0;1.0
2022/23;Giovedì;4;Maggio;Udinese;Napoli;1;1;False;True;False;0;0;X;1;1;228;X;X;X;1;X;1;2;X;X;X;X;X;X;2;X;2;1;X;X;X;X;X;1.0;3.0;1.0;2.0;0.0;1.0;3.0;1.0;2.0;0.0;1.0;1.0;1.0;0.0;6.0;1.0;1.0;1.0;0.0;6.0
2022/23;Sabato;6;Maggio;Milan;Lazio;2;0;True;False;False;1;-1;1;3;0;228;1;2;1;X;1;X;1;1;X;X;X;X;2;X;2;X;2;2;X;X;X;X;2.0;1.0;3.0;1.0;2.0;2.0;1.0;3.0;1.0;2.0;0.0;1.0;1.0;1.0;0.0;0.0;1.0;1.0;1.0;0.0
2022/23;Sabato;6;Maggio;Roma;Inter;0;2;False;False;True;-1;1;2;0;3;228;2;1;2;1;X;1;X;2;X;X;X;X;1;2;X;2;X;1;X;X;X;X;0.0;2.0;1.0;3.0;1.0;0.0;2.0;1.0;3.0;1.0;2.0;0.0;1.0;1.0;1.0;2.0;0.0;1.0;1.0;1.0
2022/23;Sabato;6;Maggio;Cremonese;Spezia;2;0;True;False;False;1;-1;1;3;0;228;1;2;1;2;1;X;1;1;X;X;X;X;2;1;2;X;2;2;X;X;X;X;2.0;0.0;2.0;1.0;3.0;2.0;0.0;2.0;1.0;3.0;0.0;2.0;0.0;1.0;1.0;0.0;2.0;0.0;1.0;1.0
2022/23;Domenica;7;Maggio;Atalanta;Juventus;0;2;False;False;True;-1;1;2;0;3;228;2;1;2;1;2;1;X;2;X;X;X;X;1;2;1;2;X;1;X;X;X;X;0.0;2.0;0.0;2.0;1.0;0.0;2.0;0.0;2.0;1.0;2.0;0.0;2.0;0.0;1.0;2.0;0.0;2.0;0.0;1.0
2022/23;Domenica;7;Maggio;Torino;Monza;1;1;False;True;False;0;0;X;1;1;228;X;X;X;2;1;2;1;X;X;X;X;X;X;1;2;1;2;X;X;X;X;X;1.0;0.0;2.0;0.0;2.0;1.0;0.0;2.0;0.0;2.0;1.0;2.0;0.0;2.0;0.0;1.0;2.0;0.0;2.0;0.0
2022/23;Domenica;7;Maggio;Napoli;Fiorentina;1;0;True;False;False;1;-1;1;3;0;228;1;2;1;X;2;1;2;1;X;X;X;X;2;X;1;2;1;2;X;X;X;X;1.0;1.0;0.0;2.0;0.0;1.0;1.0;0.0;2.0;0.0;0.0;1.0;2.0;0.0;2.0;0.0;1.0;2.0;0.0;2.0
2022/23;Domenica;7;Maggio;Lecce;Hellas Verona;0;1;False;False;True;-1;1;2;0;3;228;2;1;2;1;X;2;1;2;X;X;X;X;1;2;X;1;2;1;X;X;X;X;0.0;1.0;1.0;0.0;2.0;0.0;1.0;1.0;0.0;2.0;1.0;0.0;1.0;2.0;0.0;1.0;0.0;1.0;2.0;0.0
2022/23;Lunedì;8;Maggio;Empoli;Salernitana;2;1;True;False;False;1;-1;1;3;0;228;1;2;1;2;1;X;2;1;X;X;X;X;2;1;2;X;1;2;X;X;X;X;2.0;0.0;1.0;1.0;0.0;2.0;0.0;1.0;1.0;0.0;1.0;1.0;0.0;1.0;2.0;1.0;1.0;0.0;1.0;2.0
2022/23;Lunedì;8;Maggio;Udinese;Sampdoria;2;0;True;False;False;1;-1;1;3;0;228;1;2;1;1;2;1;X;1;X;X;X;X;2;2;1;2;X;2;X;X;X;X;2.0;2.0;0.0;1.0;1.0;2.0;2.0;0.0;1.0;1.0;0.0;1.0;1.0;0.0;1.0;0.0;1.0;1.0;0.0;1.0
2022/23;Lunedì;8;Maggio;Sassuolo;Bologna;1;1;False;True;False;0;0;X;1;1;228;X;X;X;1;1;2;1;X;X;X;X;X;X;2;2;1;2;X;X;X;X;X;1.0;2.0;2.0;0.0;1.0;1.0;2.0;2.0;0.0;1.0;1.0;0.0;1.0;1.0;0.0;1.0;0.0;1.0;1.0;0.0
2022/23;Venerdì;12;Maggio;Lazio;Lecce;2;2;False;True;False;0;0;X;1;1;228;X;X;X;X;1;1;2;X;X;X;X;X;X;X;2;2;1;X;X;X;X;X;2.0;1.0;2.0;2.0;0.0;2.0;1.0;2.0;2.0;0.0;2.0;1.0;0.0;1.0;1.0;2.0;1.0;0.0;1.0;1.0
2022/23;Sabato;13;Maggio;Salernitana;Atalanta;1;0;True;False;False;1;-1;1;3;0;228;1;2;1;X;X;1;1;1;X;X;X;X;2;X;X;2;2;2;X;X;X;X;1.0;2.0;1.0;2.0;2.0;1.0;2.0;1.0;2.0;2.0;0.0;2.0;1.0;0.0;1.0;0.0;2.0;1.0;0.0;1.0
2022/23;Sabato;13;Maggio;Spezia;Milan;2;0;True;False;False;1;-1;1;3;0;228;1;2;1;1;X;X;1;1;X;X;X;X;2;2;X;X;2;2;X;X;X;X;2.0;1.0;2.0;1.0;2.0;2.0;1.0;2.0;1.0;2.0;0.0;0.0;2.0;1.0;0.0;0.0;0.0;2.0;1.0;0.0
2022/23;Sabato;13;Maggio;Inter;Sassuolo;4;2;True;False;False;1;-1;1;3;0;228;1;2;1;1;1;X;X;1;X;X;X;X;2;2;2;X;X;2;X;X;X;X;4.0;2.0;1.0;2.0;1.0;4.0;2.0;1.0;2.0;1.0;2.0;0.0;0.0;2.0;1.0;2.0;0.0;0.0;2.0;1.0
2022/23;Domenica;14;Maggio;Hellas Verona;Torino;0;1;False;False;True;-1;1;2;0;3;228;2;1;2;1;1;1;X;2;X;X;X;X;1;2;2;2;X;1;X;X;X;X;0.0;4.0;2.0;1.0;2.0;0.0;4.0;2.0;1.0;2.0;1.0;2.0;0.0;0.0;2.0;1.0;2.0;0.0;0.0;2.0
2022/23;Domenica;14;Maggio;Fiorentina;Udinese;2;0;True;False;False;1;-1;1;3;0;228;1;2;1;2;1;1;1;1;X;X;X;X;2;1;2;2;2;2;X;X;X;X;2.0;0.0;4.0;2.0;1.0;2.0;0.0;4.0;2.0;1.0;0.0;1.0;2.0;0.0;0.0;0.0;1.0;2.0;0.0;0.0
2022/23;Domenica;14;Maggio;Monza;Napoli;2;0;True;False;False;1;-1;1;3;0;228;1;2;1;1;2;1;1;1;X;X;X;X;2;2;1;2;2;2;X;X;X;X;2.0;2.0;0.0;4.0;2.0;2.0;2.0;0.0;4.0;2.0;0.0;0.0;1.0;2.0;0.0;0.0;0.0;1.0;2.0;0.0
2022/23;Domenica;14;Maggio;Bologna;Roma;0;0;False;True;False;0;0;X;1;1;228;X;X;X;1;1;2;1;X;X;X;X;X;X;2;2;1;2;X;X;X;X;X;0.0;2.0;2.0;0.0;4.0;0.0;2.0;2.0;0.0;4.0;0.0;0.0;0.0;1.0;2.0;0.0;0.0;0.0;1.0;2.0
2022/23;Domenica;14;Maggio;Juventus;Cremonese;2;0;True;False;False;1;-1;1;3;0;228;1;2;1;X;1;1;2;1;X;X;X;X;2;X;2;2;1;2;X;X;X;X;2.0;0.0;2.0;2.0;0.0;2.0;0.0;2.0;2.0;0.0;0.0;0.0;0.0;0.0;1.0;0.0;0.0;0.0;0.0;1.0
2022/23;Lunedì;15;Maggio;Sampdoria;Empoli;1;1;False;True;False;0;0;X;1;1;228;X;X;X;1;X;1;1;X;X;X;X;X;X;2;X;2;2;X;X;X;X;X;1.0;2.0;0.0;2.0;2.0;1.0;2.0;0.0;2.0;2.0;1.0;0.0;0.0;0.0;0.0;1.0;0.0;0.0;0.0;0.0
2022/23;Venerdì;19;Maggio;Sassuolo;Monza;1;2;False;False;True;-1;1;2;0;3;228;2;1;2;X;1;X;1;2;X;X;X;X;1;X;2;X;2;1;X;X;X;X;1.0;1.0;2.0;0.0;2.0;1.0;1.0;2.0;0.0;2.0;2.0;1.0;0.0;0.0;0.0;2.0;1.0;0.0;0.0;0.0
2022/23;Sabato;20;Maggio;Cremonese;Bologna;1;5;False;False;True;-1;1;2;0;3;228;2;1;2;2;X;1;X;2;X;X;X;X;1;1;X;2;X;1;X;X;X;X;1.0;1.0;1.0;2.0;0.0;1.0;1.0;1.0;2.0;0.0;5.0;2.0;1.0;0.0;0.0;5.0;2.0;1.0;0.0;0.0
2022/23;Sabato;20;Maggio;Atalanta;Hellas Verona;3;1;True;False;False;1;-1;1;3;0;228;1;2;1;2;2;X;1;1;X;X;X;X;2;1;1;X;2;2;X;X;X;X;3.0;1.0;1.0;1.0;2.0;3.0;1.0;1.0;1.0;2.0;1.0;5.0;2.0;1.0;0.0;1.0;5.0;2.0;1.0;0.0
2022/23;Sabato;20;Maggio;Milan;Sampdoria;5;1;True;False;False;1;-1;1;3;0;228;1;2;1;1;2;2;X;1;X;X;X;X;2;2;1;1;X;2;X;X;X;X;5.0;3.0;1.0;1.0;1.0;5.0;3.0;1.0;1.0;1.0;1.0;1.0;5.0;2.0;1.0;1.0;1.0;5.0;2.0;1.0
2022/23;Domenica;21;Maggio;Lecce;Spezia;0;0;False;True;False;0;0;X;1;1;228;X;X;X;1;1;2;2;X;X;X;X;X;X;2;2;1;1;X;X;X;X;X;0.0;5.0;3.0;1.0;1.0;0.0;5.0;3.0;1.0;1.0;0.0;1.0;1.0;5.0;2.0;0.0;1.0;1.0;5.0;2.0
2022/23;Domenica;21;Maggio;Torino;Fiorentina;1;1;False;True;False;0;0;X;1;1;228;X;X;X;X;1;1;2;X;X;X;X;X;X;X;2;2;1;X;X;X;X;X;1.0;0.0;5.0;3.0;1.0;1.0;0.0;5.0;3.0;1.0;1.0;0.0;1.0;1.0;5.0;1.0;0.0;1.0;1.0;5.0
2022/23;Domenica;21;Maggio;Napoli;Inter;3;1;True;False;False;1;-1;1;3;0;228;1;2;1;X;X;1;1;1;X;X;X;X;2;X;X;2;2;2;X;X;X;X;3.0;1.0;0.0;5.0;3.0;3.0;1.0;0.0;5.0;3.0;1.0;1.0;0.0;1.0;1.0;1.0;1.0;0.0;1.0;1.0
2022/23;Domenica;21;Maggio;Udinese;Lazio;0;1;False;False;True;-1;1;2;0;3;228;2;1;2;1;X;X;1;2;X;X;X;X;1;2;X;X;2;1;X;X;X;X;0.0;3.0;1.0;0.0;5.0;0.0;3.0;1.0;0.0;5.0;1.0;1.0;1.0;0.0;1.0;1.0;1.0;1.0;0.0;1.0
2022/23;Lunedì;22;Maggio;Roma;Salernitana;2;2;False;True;False;0;0;X;1;1;228;X;X;X;2;1;X;X;X;X;X;X;X;X;1;2;X;X;X;X;X;X;X;2.0;0.0;3.0;1.0;0.0;2.0;0.0;3.0;1.0;0.0;2.0;1.0;1.0;1.0;0.0;2.0;1.0;1.0;1.0;0.0
2022/23;Lunedì;22;Maggio;Empoli;Juventus;4;1;True;False;False;1;-1;1;3;0;228;1;2;1;X;2;1;X;1;X;X;X;X;2;X;1;2;X;2;X;X;X;X;4.0;2.0;0.0;3.0;1.0;4.0;2.0;0.0;3.0;1.0;1.0;2.0;1.0;1.0;1.0;1.0;2.0;1.0;1.0;1.0
2022/23;Venerdì;26;Maggio;Sampdoria;Sassuolo;2;2;False;True;False;0;0;X;1;1;228;X;X;X;1;X;2;1;X;X;X;X;X;X;2;X;1;2;X;X;X;X;X;2.0;4.0;2.0;0.0;3.0;2.0;4.0;2.0;0.0;3.0;2.0;1.0;2.0;1.0;1.0;2.0;1.0;2.0;1.0;1.0
2022/23;Sabato;27;Maggio;Salernitana;Udinese;3;2;True;False;False;1;-1;1;3;0;228;1;2;1;X;1;X;2;1;X;X;X;X;2;X;2;X;1;2;X;X;X;X;3.0;2.0;4.0;2.0;0.0;3.0;2.0;4.0;2.0;0.0;2.0;2.0;1.0;2.0;1.0;2.0;2.0;1.0;2.0;1.0
2022/23;Sabato;27;Maggio;Spezia;Torino;0;4;False;False;True;-1;1;2;0;3;228;2;1;2;1;X;1;X;2;X;X;X;X;1;2;X;2;X;1;X;X;X;X;0.0;3.0;2.0;4.0;2.0;0.0;3.0;2.0;4.0;2.0;4.0;2.0;2.0;1.0;2.0;4.0;2.0;2.0;1.0;2.0
2022/23;Sabato;27;Maggio;Fiorentina;Roma;2;1;True;False;False;1;-1;1;3;0;228;1;2;1;2;1;X;1;1;X;X;X;X;2;1;2;X;2;2;X;X;X;X;2.0;0.0;3.0;2.0;4.0;2.0;0.0;3.0;2.0;4.0;1.0;4.0;2.0;2.0;1.0;1.0;4.0;2.0;2.0;1.0
2022/23;Sabato;27;Maggio;Inter;Atalanta;3;2;True;False;False;1;-1;1;3;0;228;1;2;1;1;2;1;X;1;X;X;X;X;2;2;1;2;X;2;X;X;X;X;3.0;2.0;0.0;3.0;2.0;3.0;2.0;0.0;3.0;2.0;2.0;1.0;4.0;2.0;2.0;2.0;1.0;4.0;2.0;2.0
2022/23;Domenica;28;Maggio;Hellas Verona;Empoli;1;1;False;True;False;0;0;X;1;1;228;X;X;X;1;1;2;1;X;X;X;X;X;X;2;2;1;2;X;X;X;X;X;1.0;3.0;2.0;0.0;3.0;1.0;3.0;2.0;0.0;3.0;1.0;2.0;1.0;4.0;2.0;1.0;2.0;1.0;4.0;2.0
2022/23;Domenica;28;Maggio;Bologna;Napoli;2;2;False;True;False;0;0;X;1;1;228;X;X;X;X;1;1;2;X;X;X;X;X;X;X;2;2;1;X;X;X;X;X;2.0;1.0;3.0;2.0;0.0;2.0;1.0;3.0;2.0;0.0;2.0;1.0;2.0;1.0;4.0;2.0;1.0;2.0;1.0;4.0
2022/23;Domenica;28;Maggio;Monza;Lecce;0;1;False;False;True;-1;1;2;0;3;228;2;1;2;X;X;1;1;2;X;X;X;X;1;X;X;2;2;1;X;X;X;X;0.0;2.0;1.0;3.0;2.0;0.0;2.0;1.0;3.0;2.0;1.0;2.0;1.0;2.0;1.0;1.0;2.0;1.0;2.0;1.0
2022/23;Domenica;28;Maggio;Lazio;Cremonese;3;2;True;False;False;1;-1;1;3;0;228;1;2;1;2;X;X;1;1;X;X;X;X;2;1;X;X;2;2;X;X;X;X;3.0;0.0;2.0;1.0;3.0;3.0;0.0;2.0;1.0;3.0;2.0;1.0;2.0;1.0;2.0;2.0;1.0;2.0;1.0;2.0
2022/23;Domenica;28;Maggio;Juventus;Milan;0;1;False;False;True;-1;1;2;0;3;228;2;1;2;1;2;X;X;2;X;X;X;X;1;2;1;X;X;1;X;X;X;X;0.0;3.0;0.0;2.0;1.0;0.0;3.0;0.0;2.0;1.0;1.0;2.0;1.0;2.0;1.0;1.0;2.0;1.0;2.0;1.0
2022/23;Venerdì;2;Giugno;Sassuolo;Fiorentina;1;3;False;False;True;-1;1;2;0;3;228;2;1;2;2;1;2;X;2;X;X;X;X;1;1;2;1;X;1;X;X;X;X;1.0;0.0;3.0;0.0;2.0;1.0;0.0;3.0;0.0;2.0;3.0;1.0;2.0;1.0;2.0;3.0;1.0;2.0;1.0;2.0
2022/23;Sabato;3;Giugno;Torino;Inter;0;1;False;False;True;-1;1;2;0;3;228;2;1;2;2;2;1;2;2;X;X;X;X;1;1;1;2;1;1;X;X;X;X;0.0;1.0;0.0;3.0;0.0;0.0;1.0;0.0;3.0;0.0;1.0;3.0;1.0;2.0;1.0;1.0;3.0;1.0;2.0;1.0
2022/23;Sabato;3;Giugno;Cremonese;Salernitana;2;0;True;False;False;1;-1;1;3;0;228;1;2;1;2;2;2;1;1;X;X;X;X;2;1;1;1;2;2;X;X;X;X;2.0;0.0;1.0;0.0;3.0;2.0;0.0;1.0;0.0;3.0;0.0;1.0;3.0;1.0;2.0;0.0;1.0;3.0;1.0;2.0
2022/23;Sabato;3;Giugno;Empoli;Lazio;0;2;False;False;True;-1;1;2;0;3;228;2;1;2;1;2;2;2;2;X;X;X;X;1;2;1;1;1;1;X;X;X;X;0.0;2.0;0.0;1.0;0.0;0.0;2.0;0.0;1.0;0.0;2.0;0.0;1.0;3.0;1.0;2.0;0.0;1.0;3.0;1.0
2022/23;Domenica;4;Giugno;Napoli;Sampdoria;2;0;True;False;False;1;-1;1;3;0;228;1;2;1;2;1;2;2;1;X;X;X;X;2;1;2;1;1;2;X;X;X;X;2.0;0.0;2.0;0.0;1.0;2.0;0.0;2.0;0.0;1.0;0.0;2.0;0.0;1.0;3.0;0.0;2.0;0.0;1.0;3.0
2022/23;Domenica;4;Giugno;Milan;Hellas Verona;3;1;True;False;False;1;-1;1;3;0;228;1;2;1;1;2;1;2;1;X;X;X;X;2;2;1;2;1;2;X;X;X;X;3.0;2.0;0.0;2.0;0.0;3.0;2.0;0.0;2.0;0.0;1.0;0.0;2.0;0.0;1.0;1.0;0.0;2.0;0.0;1.0
2022/23;Domenica;4;Giugno;Roma;Spezia;2;1;True;False;False;1;-1;1;3;0;228;1;2;1;1;1;2;1;1;X;X;X;X;2;2;2;1;2;2;X;X;X;X;2.0;3.0;2.0;0.0;2.0;2.0;3.0;2.0;0.0;2.0;1.0;1.0;0.0;2.0;0.0;1.0;1.0;0.0;2.0;0.0
2022/23;Domenica;4;Giugno;Atalanta;Monza;5;2;True;False;False;1;-1;1;3;0;228;1;2;1;1;1;1;2;1;X;X;X;X;2;2;2;2;1;2;X;X;X;X;5.0;2.0;3.0;2.0;0.0;5.0;2.0;3.0;2.0;0.0;2.0;1.0;1.0;0.0;2.0;2.0;1.0;1.0;0.0;2.0
2022/23;Domenica;4;Giugno;Lecce;Bologna;2;3;False;False;True;-1;1;2;0;3;228;2;1;2;1;1;1;1;2;X;X;X;X;1;2;2;2;2;1;X;X;X;X;2.0;5.0;2.0;3.0;2.0;2.0;5.0;2.0;3.0;2.0;3.0;2.0;1.0;1.0;0.0;3.0;2.0;1.0;1.0;0.0
2022/23;Domenica;4;Giugno;Udinese;Juventus;0;1;False;False;True;-1;1;2;0;3;228;2;1;2;2;1;1;1;2;X;X;X;X;1;1;2;2;2;1;X;X;X;X;0.0;2.0;5.0;2.0;3.0;0.0;2.0;5.0;2.0;3.0;1.0;3.0;2.0;1.0;1.0;1.0;3.0;2.0;1.0;1.0
2023/24;Sabato;19;Agosto;Empoli;Hellas Verona;0;1;False;False;True;-1;1;2;0;3;228;2;1;2;2;2;1;1;2;X;X;X;X;1;1;1;2;2;1;X;X;X;X;0.0;0.0;2.0;5.0;2.0;0.0;0.0;2.0;5.0;2.0;1.0;1.0;3.0;2.0;1.0;1.0;1.0;3.0;2.0;1.0
2023/24;Sabato;19;Agosto;Frosinone;Napoli;1;3;False;False;True;-1;1;2;0;3;228;2;1;2;2;2;2;1;2;X;X;X;X;1;1;1;1;2;1;X;X;X;X;1.0;0.0;0.0;2.0;5.0;1.0;0.0;0.0;2.0;5.0;3.0;1.0;1.0;3.0;2.0;3.0;1.0;1.0;3.0;2.0
2023/24;Sabato;19;Agosto;Genoa;Fiorentina;1;4;False;False;True;-1;1;2;0;3;228;2;1;2;2;2;2;2;2;X;X;X;X;1;1;1;1;1;1;X;X;X;X;1.0;1.0;0.0;0.0;2.0;1.0;1.0;0.0;0.0;2.0;4.0;3.0;1.0;1.0;3.0;4.0;3.0;1.0;1.0;3.0
2023/24;Sabato;19;Agosto;Inter;Monza;2;0;True;False;False;1;-1;1;3;0;228;1;2;1;2;2;2;2;1;X;X;X;X;2;1;1;1;1;2;X;X;X;X;2.0;1.0;1.0;0.0;0.0;2.0;1.0;1.0;0.0;0.0;0.0;4.0;3.0;1.0;1.0;0.0;4.0;3.0;1.0;1.0
2023/24;Domenica;20;Agosto;Roma;Salernitana;2;2;False;True;False;0;0;X;1;1;228;X;X;X;1;2;2;2;X;X;X;X;X;X;2;1;1;1;X;X;X;X;X;2.0;2.0;1.0;1.0;0.0;2.0;2.0;1.0;1.0;0.0;2.0;0.0;4.0;3.0;1.0;2.0;0.0;4.0;3.0;1.0
2023/24;Domenica;20;Agosto;Sassuolo;Atalanta;0;2;False;False;True;-1;1;2;0;3;228;2;1;2;X;1;2;2;2;X;X;X;X;1;X;2;1;1;1;X;X;X;X;0.0;2.0;2.0;1.0;1.0;0.0;2.0;2.0;1.0;1.0;2.0;2.0;0.0;4.0;3.0;2.0;2.0;0.0;4.0;3.0
2023/24;Domenica;20;Agosto;Lecce;Lazio;2;1;True;False;False;1;-1;1;3;0;228;1;2;1;2;X;1;2;1;X;X;X;X;2;1;X;2;1;2;X;X;X;X;2.0;0.0;2.0;2.0;1.0;2.0;0.0;2.0;2.0;1.0;1.0;2.0;2.0;0.0;4.0;1.0;2.0;2.0;0.0;4.0
2023/24;Domenica;20;Agosto;Udinese;Juventus;0;3;False;False;True;-1;1;2;0;3;228;2;1;2;1;2;X;1;2;X;X;X;X;1;2;1;X;2;1;X;X;X;X;0.0;2.0;0.0;2.0;2.0;0.0;2.0;0.0;2.0;2.0;3.0;1.0;2.0;2.0;0.0;3.0;1.0;2.0;2.0;0.0
2023/24;Lunedì;21;Agosto;Torino;Cagliari;0;0;False;True;False;0;0;X;1;1;228;X;X;X;2;1;2;X;X;X;X;X;X;X;1;2;1;X;X;X;X;X;X;0.0;0.0;2.0;0.0;2.0;0.0;0.0;2.0;0.0;2.0;0.0;3.0;1.0;2.0;2.0;0.0;3.0;1.0;2.0;2.0
2023/24;Lunedì;21;Agosto;Bologna;Milan;0;2;False;False;True;-1;1;2;0;3;228;2;1;2;X;2;1;2;2;X;X;X;X;1;X;1;2;1;1;X;X;X;X;0.0;0.0;0.0;2.0;0.0;0.0;0.0;0.0;2.0;0.0;2.0;0.0;3.0;1.0;2.0;2.0;0.0;3.0;1.0;2.0
2023/24;Sabato;26;Agosto;Frosinone;Atalanta;2;1;True;False;False;1;-1;1;3;0;228;1;2;1;2;X;2;1;1;X;X;X;X;2;1;X;1;2;2;X;X;X;X;2.0;0.0;0.0;0.0;2.0;2.0;0.0;0.0;0.0;2.0;1.0;2.0;0.0;3.0;1.0;1.0;2.0;0.0;3.0;1.0
2023/24;Sabato;26;Agosto;Monza;Empoli;2;0;True;False;False;1;-1;1;3;0;228;1;2;1;1;2;X;2;1;X;X;X;X;2;2;1;X;1;2;X;X;X;X;2.0;2.0;0.0;0.0;0.0;2.0;2.0;0.0;0.0;0.0;0.0;1.0;2.0;0.0;3.0;0.0;1.0;2.0;0.0;3.0
2023/24;Sabato;26;Agosto;Milan;Torino;4;1;True;False;False;1;-1;1;3;0;228;1;2;1;1;1;2;X;1;X;X;X;X;2;2;2;1;X;2;X;X;X;X;4.0;2.0;2.0;0.0;0.0;4.0;2.0;2.0;0.0;0.0;1.0;0.0;1.0;2.0;0.0;1.0;0.0;1.0;2.0;0.0
2023/24;Sabato;26;Agosto;Hellas Verona;Roma;2;1;True;False;False;1;-1;1;3;0;228;1;2;1;1;1;1;2;1;X;X;X;X;2;2;2;2;1;2;X;X;X;X;2.0;4.0;2.0;2.0;0.0;2.0;4.0;2.0;2.0;0.0;1.0;1.0;0.0;1.0;2.0;1.0;1.0;0.0;1.0;2.0
2023/24;Domenica;27;Agosto;Fiorentina;Lecce;2;2;False;True;False;0;0;X;1;1;228;X;X;X;1;1;1;1;X;X;X;X;X;X;2;2;2;2;X;X;X;X;X;2.0;2.0;4.0;2.0;2.0;2.0;2.0;4.0;2.0;2.0;2.0;1.0;1.0;0.0;1.0;2.0;1.0;1.0;0.0;1.0
2023/24;Domenica;27;Agosto;Juventus;Bologna;1;1;False;True;False;0;0;X;1;1;228;X;X;X;X;1;1;1;X;X;X;X;X;X;X;2;2;2;X;X;X;X;X;1.0;2.0;2.0;4.0;2.0;1.0;2.0;2.0;4.0;2.0;1.0;2.0;1.0;1.0;0.0;1.0;2.0;1.0;1.0;0.0
2023/24;Domenica;27;Agosto;Lazio;Genoa;0;1;False;False;True;-1;1;2;0;3;228;2;1;2;X;X;1;1;2;X;X;X;X;1;X;X;2;2;1;X;X;X;X;0.0;1.0;2.0;2.0;4.0;0.0;1.0;2.0;2.0;4.0;1.0;1.0;2.0;1.0;1.0;1.0;1.0;2.0;1.0;1.0
2023/24;Domenica;27;Agosto;Napoli;Sassuolo;2;0;True;False;False;1;-1;1;3;0;228;1;2;1;2;X;X;1;1;X;X;X;X;2;1;X;X;2;2;X;X;X;X;2.0;0.0;1.0;2.0;2.0;2.0;0.0;1.0;2.0;2.0;0.0;1.0;1.0;2.0;1.0;0.0;1.0;1.0;2.0;1.0
2023/24;Lunedì;28;Agosto;Salernitana;Udinese;1;1;False;True;False;0;0;X;1;1;228;X;X;X;1;2;X;X;X;X;X;X;X;X;2;1;X;X;X;X;X;X;X;1.0;2.0;0.0;1.0;2.0;1.0;2.0;0.0;1.0;2.0;1.0;0.0;1.0;1.0;2.0;1.0;0.0;1.0;1.0;2.0
2023/24;Lunedì;28;Agosto;Cagliari;Inter;0;2;False;False;True;-1;1;2;0;3;228;2;1;2;X;1;2;X;2;X;X;X;X;1;X;2;1;X;1;X;X;X;X;0.0;1.0;2.0;0.0;1.0;0.0;1.0;2.0;0.0;1.0;2.0;1.0;0.0;1.0;1.0;2.0;1.0;0.0;1.0;1.0
2023/24;Venerdì;1;Settembre;Sassuolo;Hellas Verona;3;1;True;False;False;1;-1;1;3;0;228;1;2;1;2;X;1;2;1;X;X;X;X;2;1;X;2;1;2;X;X;X;X;3.0;0.0;1.0;2.0;0.0;3.0;0.0;1.0;2.0;0.0;1.0;2.0;1.0;0.0;1.0;1.0;2.0;1.0;0.0;1.0
2023/24;Venerdì;1;Settembre;Roma;Milan;1;2;False;False;True;-1;1;2;0;3;228;2;1;2;1;2;X;1;2;X;X;X;X;1;2;1;X;2;1;X;X;X;X;1.0;3.0;0.0;1.0;2.0;1.0;3.0;0.0;1.0;2.0;2.0;1.0;2.0;1.0;0.0;2.0;1.0;2.0;1.0;0.0
2023/24;Sabato;2;Settembre;Bologna;Cagliari;2;1;True;False;False;1;-1;1;3;0;228;1;2;1;2;1;2;X;1;X;X;X;X;2;1;2;1;X;2;X;X;X;X;2.0;1.0;3.0;0.0;1.0;2.0;1.0;3.0;0.0;1.0;1.0;2.0;1.0;2.0;1.0;1.0;2.0;1.0;2.0;1.0
2023/24;Sabato;2;Settembre;Udinese;Frosinone;0;0;False;True;False;0;0;X;1;1;228;X;X;X;1;2;1;2;X;X;X;X;X;X;2;1;2;1;X;X;X;X;X;0.0;2.0;1.0;3.0;0.0;0.0;2.0;1.0;3.0;0.0;0.0;1.0;2.0;1.0;2.0;0.0;1.0;2.0;1.0;2.0
2023/24;Sabato;2;Settembre;Atalanta;Monza;3;0;True;False;False;1;-1;1;3;0;228;1;2;1;X;1;2;1;1;X;X;X;X;2;X;2;1;2;2;X;X;X;X;3.0;0.0;2.0;1.0;3.0;3.0;0.0;2.0;1.0;3.0;0.0;0.0;1.0;2.0;1.0;0.0;0.0;1.0;2.0;1.0
2023/24;Sabato;2;Settembre;Napoli;Lazio;1;2;False;False;True;-1;1;2;0;3;228;2;1;2;1;X;1;2;2;X;X;X;X;1;2;X;2;1;1;X;X;X;X;1.0;3.0;0.0;2.0;1.0;1.0;3.0;0.0;2.0;1.0;2.0;0.0;0.0;1.0;2.0;2.0;0.0;0.0;1.0;2.0
2023/24;Domenica;3;Settembre;Inter;Fiorentina;4;0;True;False;False;1;-1;1;3;0;228;1;2;1;2;1;X;1;1;X;X;X;X;2;1;2;X;2;2;X;X;X;X;4.0;1.0;3.0;0.0;2.0;4.0;1.0;3.0;0.0;2.0;0.0;2.0;0.0;0.0;1.0;0.0;2.0;0.0;0.0;1.0
2023/24;Domenica;3;Settembre;Torino;Genoa;1;0;True;False;False;1;-1;1;3;0;228;1;2;1;1;2;1;X;1;X;X;X;X;2;2;1;2;X;2;X;X;X;X;1.0;4.0;1.0;3.0;0.0;1.0;4.0;1.0;3.0;0.0;0.0;0.0;2.0;0.0;0.0;0.0;0.0;2.0;0.0;0.0
2023/24;Domenica;3;Settembre;Empoli;Juventus;0;2;False;False;True;-1;1;2;0;3;228;2;1;2;1;1;2;1;2;X;X;X;X;1;2;2;1;2;1;X;X;X;X;0.0;1.0;4.0;1.0;3.0;0.0;1.0;4.0;1.0;3.0;2.0;0.0;0.0;2.0;0.0;2.0;0.0;0.0;2.0;0.0
2023/24;Domenica;3;Settembre;Lecce;Salernitana;2;0;True;False;False;1;-1;1;3;0;228;1;2;1;2;1;1;2;1;X;X;X;X;2;1;2;2;1;2;X;X;X;X;2.0;0.0;1.0;4.0;1.0;2.0;0.0;1.0;4.0;1.0;0.0;2.0;0.0;0.0;2.0;0.0;2.0;0.0;0.0;2.0
2023/24;Sabato;16;Settembre;Juventus;Lazio;3;1;True;False;False;1;-1;1;3;0;228;1;2;1;1;2;1;1;1;X;X;X;X;2;2;1;2;2;2;X;X;X;X;3.0;2.0;0.0;1.0;4.0;3.0;2.0;0.0;1.0;4.0;1.0;0.0;2.0;0.0;0.0;1.0;0.0;2.0;0.0;0.0
2023/24;Sabato;16;Settembre;Inter;Milan;5;1;True;False;False;1;-1;1;3;0;228;1;2;1;1;1;2;1;1;X;X;X;X;2;2;2;1;2;2;X;X;X;X;5.0;3.0;2.0;0.0;1.0;5.0;3.0;2.0;0.0;1.0;1.0;1.0;0.0;2.0;0.0;1.0;1.0;0.0;2.0;0.0
2023/24;Sabato;16;Settembre;Genoa;Napoli;2;2;False;True;False;0;0;X;1;1;228;X;X;X;1;1;1;2;X;X;X;X;X;X;2;2;2;1;X;X;X;X;X;2.0;5.0;3.0;2.0;0.0;2.0;5.0;3.0;2.0;0.0;2.0;1.0;1.0;0.0;2.0;2.0;1.0;1.0;0.0;2.0
2023/24;Domenica;17;Settembre;Cagliari;Udinese;0;0;False;True;False;0;0;X;1;1;228;X;X;X;X;1;1;1;X;X;X;X;X;X;X;2;2;2;X;X;X;X;X;0.0;2.0;5.0;3.0;2.0;0.0;2.0;5.0;3.0;2.0;0.0;2.0;1.0;1.0;0.0;0.0;2.0;1.0;1.0;0.0
2023/24;Domenica;17;Settembre;Frosinone;Sassuolo;4;2;True;False;False;1;-1;1;3;0;228;1;2;1;X;X;1;1;1;X;X;X;X;2;X;X;2;2;2;X;X;X;X;4.0;0.0;2.0;5.0;3.0;4.0;0.0;2.0;5.0;3.0;2.0;0.0;2.0;1.0;1.0;2.0;0.0;2.0;1.0;1.0
2023/24;Domenica;17;Settembre;Monza;Lecce;1;1;False;True;False;0;0;X;1;1;228;X;X;X;1;X;X;1;X;X;X;X;X;X;2;X;X;2;X;X;X;X;X;1.0;4.0;0.0;2.0;5.0;1.0;4.0;0.0;2.0;5.0;1.0;2.0;0.0;2.0;1.0;1.0;2.0;0.0;2.0;1.0
2023/24;Domenica;17;Settembre;Fiorentina;Atalanta;3;2;True;False;False;1;-1;1;3;0;228;1;2;1;X;1;X;X;1;X;X;X;X;2;X;2;X;X;2;X;X;X;X;3.0;1.0;4.0;0.0;2.0;3.0;1.0;4.0;0.0;2.0;2.0;1.0;2.0;0.0;2.0;2.0;1.0;2.0;0.0;2.0
2023/24;Domenica;17;Settembre;Roma;Empoli;7;0;True;False;False;1;-1;1;3;0;228;1;2;1;1;X;1;X;1;X;X;X;X;2;2;X;2;X;2;X;X;X;X;7.0;3.0;1.0;4.0;0.0;7.0;3.0;1.0;4.0;0.0;0.0;2.0;1.0;2.0;0.0;0.0;2.0;1.0;2.0;0.0
2023/24;Lunedì;18;Settembre;Salernitana;Torino;0;3;False;False;True;-1;1;2;0;3;228;2;1;2;1;1;X;1;2;X;X;X;X;1;2;2;X;2;1;X;X;X;X;0.0;7.0;3.0;1.0;4.0;0.0;7.0;3.0;1.0;4.0;3.0;0.0;2.0;1.0;2.0;3.0;0.0;2.0;1.0;2.0
2023/24;Lunedì;18;Settembre;Hellas Verona;Bologna;0;0;False;True;False;0;0;X;1;1;228;X;X;X;2;1;1;X;X;X;X;X;X;X;1;2;2;X;X;X;X;X;X;0.0;0.0;7.0;3.0;1.0;0.0;0.0;7.0;3.0;1.0;0.0;3.0;0.0;2.0;1.0;0.0;3.0;0.0;2.0;1.0
2023/24;Venerdì;22;Settembre;Salernitana;Frosinone;1;1;False;True;False;0;0;X;1;1;228;X;X;X;X;2;1;1;X;X;2;X;X;X;X;1;2;2;X;X;X;X;X;1.0;0.0;0.0;7.0;3.0;1.0;0.0;0.0;7.0;3.0;1.0;0.0;3.0;0.0;2.0;1.0;0.0;3.0;0.0;2.0
2023/24;Venerdì;22;Settembre;Lecce;Genoa;1;0;True;False;False;1;-1;1;3;0;228;1;2;1;X;X;2;1;1;X;X;X;X;2;X;X;1;2;2;X;X;X;X;1.0;1.0;0.0;0.0;7.0;1.0;1.0;0.0;0.0;7.0;0.0;1.0;0.0;3.0;0.0;0.0;1.0;0.0;3.0;0.0
2023/24;Sabato;23;Settembre;Milan;Hellas Verona;1;0;True;False;False;1;-1;1;3;0;228;1;2;1;1;X;X;2;1;X;X;X;X;2;2;X;X;1;2;X;X;X;X;1.0;1.0;1.0;0.0;0.0;1.0;1.0;1.0;0.0;0.0;0.0;0.0;1.0;0.0;3.0;0.0;0.0;1.0;0.0;3.0
2023/24;Sabato;23;Settembre;Sassuolo;Juventus;4;2;True;False;False;1;-1;1;3;0;228;1;2;1;1;1;X;X;1;X;X;X;X;2;2;2;X;X;2;X;X;X;X;4.0;1.0;1.0;1.0;0.0;4.0;1.0;1.0;1.0;0.0;2.0;0.0;0.0;1.0;0.0;2.0;0.0;0.0;1.0;0.0
2023/24;Sabato;23;Settembre;Lazio;Monza;1;1;False;True;False;0;0;X;1;1;228;X;X;X;1;1;1;X;X;X;X;X;X;X;2;2;2;X;X;X;X;X;X;1.0;4.0;1.0;1.0;1.0;1.0;4.0;1.0;1.0;1.0;1.0;2.0;0.0;0.0;1.0;1.0;2.0;0.0;0.0;1.0
2023/24;Domenica;24;Settembre;Empoli;Inter;0;1;False;False;True;-1;1;2;0;3;228;2;1;2;X;1;1;1;2;X;X;X;X;1;X;2;2;2;1;X;X;X;X;0.0;1.0;4.0;1.0;1.0;0.0;1.0;4.0;1.0;1.0;1.0;1.0;2.0;0.0;0.0;1.0;1.0;2.0;0.0;0.0
2023/24;Domenica;24;Settembre;Atalanta;Cagliari;2;0;True;False;False;1;-1;1;3;0;228;1;2;1;2;X;1;1;1;X;X;X;X;2;1;X;2;2;2;X;X;X;X;2.0;0.0;1.0;4.0;1.0;2.0;0.0;1.0;4.0;1.0;0.0;1.0;1.0;2.0;0.0;0.0;1.0;1.0;2.0;0.0
2023/24;Domenica;24;Settembre;Udinese;Fiorentina;0;2;False;False;True;-1;1;2;0;3;228;2;1;2;1;2;X;1;2;X;X;X;X;1;2;1;X;2;1;X;X;X;X;0.0;2.0;0.0;1.0;4.0;0.0;2.0;0.0;1.0;4.0;2.0;0.0;1.0;1.0;2.0;2.0;0.0;1.0;1.0;2.0
2023/24;Domenica;24;Settembre;Bologna;Napoli;0;0;False;True;False;0;0;X;1;1;228;X;X;X;2;1;2;X;X;X;X;X;X;X;1;2;1;X;X;X;X;X;X;0.0;0.0;2.0;0.0;1.0;0.0;0.0;2.0;0.0;1.0;0.0;2.0;0.0;1.0;1.0;0.0;2.0;0.0;1.0;1.0
2023/24;Domenica;24;Settembre;Torino;Roma;1;1;False;True;False;0;0;X;1;1;228;X;X;X;X;2;1;2;X;X;X;X;X;X;X;1;2;1;X;X;X;X;X;1.0;0.0;0.0;2.0;0.0;1.0;0.0;0.0;2.0;0.0;1.0;0.0;2.0;0.0;1.0;1.0;0.0;2.0;0.0;1.0
2023/24;Martedì;26;Settembre;Juventus;Lecce;1;0;True;False;False;1;-1;1;3;0;228;1;2;1;X;X;2;1;1;X;X;X;X;2;X;X;1;2;2;X;X;X;X;1.0;1.0;0.0;0.0;2.0;1.0;1.0;0.0;0.0;2.0;0.0;1.0;0.0;2.0;0.0;0.0;1.0;0.0;2.0;0.0
2023/24;Mercoledì;27;Settembre;Cagliari;Milan;1;3;False;False;True;-1;1;2;0;3;228;2;1;2;1;X;X;2;2;X;X;X;X;1;2;X;X;1;1;X;X;X;X;1.0;1.0;1.0;0.0;0.0;1.0;1.0;1.0;0.0;0.0;3.0;0.0;1.0;0.0;2.0;3.0;0.0;1.0;0.0;2.0
2023/24;Mercoledì;27;Settembre;Empoli;Salernitana;1;0;True;False;False;1;-1;1;3;0;228;1;2;1;2;1;X;X;1;X;X;X;X;2;1;2;X;X;2;X;X;X;X;1.0;1.0;1.0;1.0;0.0;1.0;1.0;1.0;1.0;0.0;0.0;3.0;0.0;1.0;0.0;0.0;3.0;0.0;1.0;0.0
2023/24;Mercoledì;27;Settembre;Hellas Verona;Atalanta;0;1;False;False;True;-1;1;2;0;3;228;2;1;2;1;2;1;X;2;X;X;X;X;1;2;1;2;X;1;X;X;X;X;0.0;1.0;1.0;1.0;1.0;0.0;1.0;1.0;1.0;1.0;1.0;0.0;3.0;0.0;1.0;1.0;0.0;3.0;0.0;1.0
2023/24;Mercoledì;27;Settembre;Inter;Sassuolo;1;2;False;False;True;-1;1;2;0;3;228;2;1;2;2;1;2;1;2;X;X;X;X;1;1;2;1;2;1;X;X;X;X;1.0;0.0;1.0;1.0;1.0;1.0;0.0;1.0;1.0;1.0;2.0;1.0;0.0;3.0;0.0;2.0;1.0;0.0;3.0;0.0
2023/24;Mercoledì;27;Settembre;Lazio;Torino;2;0;True;False;False;1;-1;1;3;0;228;1;2;1;2;2;1;2;1;X;X;X;X;2;1;1;2;1;2;X;X;X;X;2.0;1.0;0.0;1.0;1.0;2.0;1.0;0.0;1.0;1.0;0.0;2.0;1.0;0.0;3.0;0.0;2.0;1.0;0.0;3.0
2023/24;Mercoledì;27;Settembre;Napoli;Udinese;4;1;True;False;False;1;-1;1;3;0;228;1;2;1;1;2;2;1;1;X;X;X;X;2;2;1;1;2;2;X;X;X;X;4.0;2.0;1.0;0.0;1.0;4.0;2.0;1.0;0.0;1.0;1.0;0.0;2.0;1.0;0.0;1.0;0.0;2.0;1.0;0.0
2023/24;Giovedì;28;Settembre;Frosinone;Fiorentina;1;1;False;True;False;0;0;X;1;1;228;X;X;X;1;1;2;2;X;X;X;X;X;X;2;2;1;1;X;X;X;X;X;1.0;4.0;2.0;1.0;0.0;1.0;4.0;2.0;1.0;0.0;1.0;1.0;0.0;2.0;1.0;1.0;1.0;0.0;2.0;1.0
2023/24;Giovedì;28;Settembre;Monza;Bologna;0;0;False;True;False;0;0;X;1;1;228;X;X;X;X;1;1;2;X;X;X;X;X;X;X;2;2;1;X;X;X;X;X;0.0;1.0;4.0;2.0;1.0;0.0;1.0;4.0;2.0;1.0;0.0;1.0;1.0;0.0;2.0;0.0;1.0;1.0;0.0;2.0
2023/24;Giovedì;28;Settembre;Genoa;Roma;4;1;True;False;False;1;-1;1;3;0;228;1;2;1;X;X;1;1;1;X;X;X;X;2;X;X;2;2;2;X;X;X;X;4.0;0.0;1.0;4.0;2.0;4.0;0.0;1.0;4.0;2.0;1.0;0.0;1.0;1.0;0.0;1.0;0.0;1.0;1.0;0.0
2023/24;Sabato;30;Settembre;Lecce;Napoli;0;4;False;False;True;-1;1;2;0;3;228;2;1;2;1;X;X;1;2;X;X;X;X;1;2;X;X;2;1;X;X;X;X;0.0;4.0;0.0;1.0;4.0;0.0;4.0;0.0;1.0;4.0;4.0;1.0;0.0;1.0;1.0;4.0;1.0;0.0;1.0;1.0
2023/24;Sabato;30;Settembre;Milan;Lazio;2;0;True;False;False;1;-1;1;3;0;228;1;2;1;2;1;X;X;1;X;X;X;X;2;1;2;X;X;2;X;X;X;X;2.0;0.0;4.0;0.0;1.0;2.0;0.0;4.0;0.0;1.0;0.0;4.0;1.0;0.0;1.0;0.0;4.0;1.0;0.0;1.0
2023/24;Sabato;30;Settembre;Salernitana;Inter;0;4;False;False;True;-1;1;2;0;3;228;2;1;2;1;2;1;X;2;X;X;X;X;1;2;1;2;X;1;X;X;X;X;0.0;2.0;0.0;4.0;0.0;0.0;2.0;0.0;4.0;0.0;4.0;0.0;4.0;1.0;0.0;4.0;0.0;4.0;1.0;0.0
2023/24;Domenica;1;Ottobre;Bologna;Empoli;3;0;True;False;False;1;-1;1;3;0;228;1;2;1;2;1;2;1;1;X;X;X;X;2;1;2;1;2;2;X;X;X;X;3.0;0.0;2.0;0.0;4.0;3.0;0.0;2.0;0.0;4.0;0.0;4.0;0.0;4.0;1.0;0.0;4.0;0.0;4.0;1.0
2023/24;Domenica;1;Ottobre;Udinese;Genoa;2;2;False;True;False;0;0;X;1;1;228;X;X;X;1;2;1;2;X;X;X;X;X;X;2;1;2;1;X;X;X;X;X;2.0;3.0;0.0;2.0;0.0;2.0;3.0;0.0;2.0;0.0;2.0;0.0;4.0;0.0;4.0;2.0;0.0;4.0;0.0;4.0
2023/24;Domenica;1;Ottobre;Atalanta;Juventus;0;0;False;True;False;0;0;X;1;1;228;X;X;X;X;1;2;1;X;X;X;X;X;X;X;2;1;2;X;X;X;X;X;0.0;2.0;3.0;0.0;2.0;0.0;2.0;3.0;0.0;2.0;0.0;2.0;0.0;4.0;0.0;0.0;2.0;0.0;4.0;0.0
2023/24;Domenica;1;Ottobre;Roma;Frosinone;2;0;True;False;False;1;-1;1;3;0;228;1;2;1;X;X;1;2;1;X;X;X;X;2;X;X;2;1;2;X;X;X;X;2.0;0.0;2.0;3.0;0.0;2.0;0.0;2.0;3.0;0.0;0.0;0.0;2.0;0.0;4.0;0.0;0.0;2.0;0.0;4.0
2023/24;Lunedì;2;Ottobre;Sassuolo;Monza;0;1;False;False;True;-1;1;2;0;3;228;2;1;2;1;X;X;1;2;X;X;X;X;1;2;X;X;2;1;X;X;X;X;0.0;2.0;0.0;2.0;3.0;0.0;2.0;0.0;2.0;3.0;1.0;0.0;0.0;2.0;0.0;1.0;0.0;0.0;2.0;0.0
2023/24;Lunedì;2;Ottobre;Torino;Hellas Verona;0;0;False;True;False;0;0;X;1;1;228;X;X;X;2;1;X;X;X;X;X;X;X;X;1;2;X;X;X;X;X;X;X;0.0;0.0;2.0;0.0;2.0;0.0;0.0;2.0;0.0;2.0;0.0;1.0;0.0;0.0;2.0;0.0;1.0;0.0;0.0;2.0
2023/24;Lunedì;2;Ottobre;Fiorentina;Cagliari;3;0;True;False;False;1;-1;1;3;0;228;1;2;1;X;2;1;X;1;X;X;X;X;2;X;1;2;X;2;X;X;X;X;3.0;0.0;0.0;2.0;0.0;3.0;0.0;0.0;2.0;0.0;0.0;0.0;1.0;0.0;0.0;0.0;0.0;1.0;0.0;0.0
2023/24;Venerdì;6;Ottobre;Empoli;Udinese;0;0;False;True;False;0;0;X;1;1;228;X;X;X;1;X;2;1;X;X;X;X;X;X;2;X;1;2;X;X;X;X;X;0.0;3.0;0.0;0.0;2.0;0.0;3.0;0.0;0.0;2.0;0.0;0.0;0.0;1.0;0.0;0.0;0.0;0.0;1.0;0.0
2023/24;Venerdì;6;Ottobre;Lecce;Sassuolo;1;1;False;True;False;0;0;X;1;1;228;X;X;X;X;1;X;2;X;X;X;X;X;X;X;2;X;1;X;X;X;X;X;1.0;0.0;3.0;0.0;0.0;1.0;0.0;3.0;0.0;0.0;1.0;0.0;0.0;0.0;1.0;1.0;0.0;0.0;0.0;1.0
2023/24;Sabato;7;Ottobre;Inter;Bologna;2;2;False;True;False;0;0;X;1;1;228;X;X;X;X;X;1;X;X;X;X;X;X;X;X;X;2;X;X;X;X;X;X;2.0;1.0;0.0;3.0;0.0;2.0;1.0;0.0;3.0;0.0;2.0;1.0;0.0;0.0;0.0;2.0;1.0;0.0;0.0;0.0
2023/24;Sabato;7;Ottobre;Juventus;Torino;2;0;True;False;False;1;-1;1;3;0;228;1;2;1;X;X;X;1;1;X;X;X;X;2;X;X;X;2;2;X;X;X;X;2.0;2.0;1.0;0.0;3.0;2.0;2.0;1.0;0.0;3.0;0.0;2.0;1.0;0.0;0.0;0.0;2.0;1.0;0.0;0.0
2023/24;Sabato;7;Ottobre;Genoa;Milan;0;1;False;False;True;-1;1;2;0;3;228;2;1;2;1;X;X;X;2;X;X;X;X;1;2;X;X;X;1;X;X;X;X;0.0;2.0;2.0;1.0;0.0;0.0;2.0;2.0;1.0;0.0;1.0;0.0;2.0;1.0;0.0;1.0;0.0;2.0;1.0;0.0
2023/24;Domenica;8;Ottobre;Monza;Salernitana;3;0;True;False;False;1;-1;1;3;0;228;1;2;1;2;1;X;X;1;X;X;X;X;2;1;2;X;X;2;X;X;X;X;3.0;0.0;2.0;2.0;1.0;3.0;0.0;2.0;2.0;1.0;0.0;1.0;0.0;2.0;1.0;0.0;1.0;0.0;2.0;1.0
2023/24;Domenica;8;Ottobre;Frosinone;Hellas Verona;2;1;True;False;False;1;-1;1;3;0;228;1;2;1;1;2;1;X;1;X;X;X;X;2;2;1;2;X;2;X;X;X;X;2.0;3.0;0.0;2.0;2.0;2.0;3.0;0.0;2.0;2.0;1.0;0.0;1.0;0.0;2.0;1.0;0.0;1.0;0.0;2.0
2023/24;Domenica;8;Ottobre;Lazio;Atalanta;3;2;True;False;False;1;-1;1;3;0;228;1;2;1;1;1;2;1;1;X;X;X;X;2;2;2;1;2;2;X;X;X;X;3.0;2.0;3.0;0.0;2.0;3.0;2.0;3.0;0.0;2.0;2.0;1.0;0.0;1.0;0.0;2.0;1.0;0.0;1.0;0.0
2023/24;Domenica;8;Ottobre;Cagliari;Roma;1;4;False;False;True;-1;1;2;0;3;228;2;1;2;1;1;1;2;2;X;X;X;X;1;2;2;2;1;1;X;X;X;X;1.0;3.0;2.0;3.0;0.0;1.0;3.0;2.0;3.0;0.0;4.0;2.0;1.0;0.0;1.0;4.0;2.0;1.0;0.0;1.0
2023/24;Domenica;8;Ottobre;Napoli;Fiorentina;1;3;False;False;True;-1;1;2;0;3;228;2;1;2;2;1;1;1;2;X;X;X;X;1;1;2;2;2;1;X;X;X;X;1.0;1.0;3.0;2.0;3.0;1.0;1.0;3.0;2.0;3.0;3.0;4.0;2.0;1.0;0.0;3.0;4.0;2.0;1.0;0.0
2023/24;Sabato;21;Ottobre;Hellas Verona;Napoli;1;3;False;False;True;-1;1;2;0;3;228;2;1;2;2;2;1;1;2;X;X;X;X;1;1;1;2;2;1;X;X;X;X;1.0;1.0;1.0;3.0;2.0;1.0;1.0;1.0;3.0;2.0;3.0;3.0;4.0;2.0;1.0;3.0;3.0;4.0;2.0;1.0
2023/24;Sabato;21;Ottobre;Torino;Inter;0;3;False;False;True;-1;1;2;0;3;228;2;1;2;2;2;2;1;2;X;X;X;X;1;1;1;1;2;1;X;X;X;X;0.0;1.0;1.0;1.0;3.0;0.0;1.0;1.0;1.0;3.0;3.0;3.0;3.0;4.0;2.0;3.0;3.0;3.0;4.0;2.0
2023/24;Sabato;21;Ottobre;Sassuolo;Lazio;0;2;False;False;True;-1;1;2;0;3;228;2;1;2;2;2;2;2;2;X;X;X;X;1;1;1;1;1;1;X;X;X;X;0.0;0.0;1.0;1.0;1.0;0.0;0.0;1.0;1.0;1.0;2.0;3.0;3.0;3.0;4.0;2.0;3.0;3.0;3.0;4.0
2023/24;Domenica;22;Ottobre;Roma;Monza;1;0;True;False;False;1;-1;1;3;0;228;1;2;1;2;2;2;2;1;X;X;X;X;2;1;1;1;1;2;X;X;X;X;1.0;0.0;0.0;1.0;1.0;1.0;0.0;0.0;1.0;1.0;0.0;2.0;3.0;3.0;3.0;0.0;2.0;3.0;3.0;3.0
2023/24;Domenica;22;Ottobre;Bologna;Frosinone;2;1;True;False;False;1;-1;1;3;0;228;1;2;1;1;2;2;2;1;X;X;X;X;2;2;1;1;1;2;X;X;X;X;2.0;1.0;0.0;0.0;1.0;2.0;1.0;0.0;0.0;1.0;1.0;0.0;2.0;3.0;3.0;1.0;0.0;2.0;3.0;3.0
2023/24;Domenica;22;Ottobre;Salernitana;Cagliari;2;2;False;True;False;0;0;X;1;1;228;X;X;X;1;1;2;2;X;X;X;X;X;X;2;2;1;1;X;X;X;X;X;2.0;2.0;1.0;0.0;0.0;2.0;2.0;1.0;0.0;0.0;2.0;1.0;0.0;2.0;3.0;2.0;1.0;0.0;2.0;3.0
2023/24;Domenica;22;Ottobre;Atalanta;Genoa;2;0;True;False;False;1;-1;1;3;0;228;1;2;1;X;1;1;2;1;X;X;X;X;2;X;2;2;1;2;X;X;X;X;2.0;2.0;2.0;1.0;0.0;2.0;2.0;2.0;1.0;0.0;0.0;2.0;1.0;0.0;2.0;0.0;2.0;1.0;0.0;2.0
2023/24;Domenica;22;Ottobre;Milan;Juventus;0;1;False;False;True;-1;1;2;0;3;228;2;1;2;1;X;1;1;2;X;X;X;X;1;2;X;2;2;1;X;X;X;X;0.0;2.0;2.0;2.0;1.0;0.0;2.0;2.0;2.0;1.0;1.0;0.0;2.0;1.0;0.0;1.0;0.0;2.0;1.0;0.0
2023/24;Lunedì;23;Ottobre;Udinese;Lecce;1;1;False;True;False;0;0;X;1;1;228;X;X;X;2;1;X;1;X;X;X;X;X;X;1;2;X;2;X;X;X;X;X;1.0;0.0;2.0;2.0;2.0;1.0;0.0;2.0;2.0;2.0;1.0;1.0;0.0;2.0;1.0;1.0;1.0;0.0;2.0;1.0
2023/24;Lunedì;23;Ottobre;Fiorentina;Empoli;0;2;False;False;True;-1;1;2;0;3;228;2;1;2;X;2;1;X;2;X;X;X;X;1;X;1;2;X;1;X;X;X;X;0.0;1.0;0.0;2.0;2.0;0.0;1.0;0.0;2.0;2.0;2.0;1.0;1.0;0.0;2.0;2.0;1.0;1.0;0.0;2.0
2023/24;Venerdì;27;Ottobre;Genoa;Salernitana;1;0;True;False;False;1;-1;1;3;0;228;1;2;1;2;X;2;1;1;X;X;X;X;2;1;X;1;2;2;X;X;X;X;1.0;0.0;1.0;0.0;2.0;1.0;0.0;1.0;0.0;2.0;0.0;2.0;1.0;1.0;0.0;0.0;2.0;1.0;1.0;0.0
2023/24;Sabato;28;Ottobre;Sassuolo;Bologna;1;1;False;True;False;0;0;X;1;1;228;X;X;X;1;2;X;2;X;X;X;X;X;X;2;1;X;1;X;X;X;X;X;1.0;1.0;0.0;1.0;0.0;1.0;1.0;0.0;1.0;0.0;1.0;0.0;2.0;1.0;1.0;1.0;0.0;2.0;1.0;1.0
2023/24;Sabato;28;Ottobre;Lecce;Torino;0;1;False;False;True;-1;1;2;0;3;228;2;1;2;X;1;2;X;2;X;X;X;X;1;X;2;1;X;1;X;X;X;X;0.0;1.0;1.0;0.0;1.0;0.0;1.0;1.0;0.0;1.0;1.0;1.0;0.0;2.0;1.0;1.0;1.0;0.0;2.0;1.0
2023/24;Sabato;28;Ottobre;Juventus;Hellas Verona;1;0;True;False;False;1;-1;1;3;0;228;1;2;1;2;X;1;2;1;X;X;X;X;2;1;X;2;1;2;X;X;X;X;1.0;0.0;1.0;1.0;0.0;1.0;0.0;1.0;1.0;0.0;0.0;1.0;1.0;0.0;2.0;0.0;1.0;1.0;0.0;2.0
2023/24;Domenica;29;Ottobre;Cagliari;Frosinone;4;3;True;False;False;1;-1;1;3;0;228;1;2;1;1;2;X;1;1;X;X;X;X;2;2;1;X;2;2;X;X;X;X;4.0;1.0;0.0;1.0;1.0;4.0;1.0;0.0;1.0;1.0;3.0;0.0;1.0;1.0;0.0;3.0;0.0;1.0;1.0;0.0
2023/24;Domenica;29;Ottobre;Monza;Udinese;1;1;False;True;False;0;0;X;1;1;228;X;X;X;1;1;2;X;X;X;X;X;X;X;2;2;1;X;X;X;X;X;X;1.0;4.0;1.0;0.0;1.0;1.0;4.0;1.0;0.0;1.0;1.0;3.0;0.0;1.0;1.0;1.0;3.0;0.0;1.0;1.0
2023/24;Domenica;29;Ottobre;Inter;Roma;1;0;True;False;False;1;-1;1;3;0;228;1;2;1;X;1;1;2;1;X;X;X;X;2;X;2;2;1;2;X;X;X;X;1.0;1.0;4.0;1.0;0.0;1.0;1.0;4.0;1.0;0.0;0.0;1.0;3.0;0.0;1.0;0.0;1.0;3.0;0.0;1.0
2023/24;Domenica;29;Ottobre;Napoli;Milan;2;2;False;True;False;0;0;X;1;1;228;X;X;X;1;X;1;1;X;X;X;X;X;X;2;X;2;2;X;X;X;X;X;2.0;1.0;1.0;4.0;1.0;2.0;1.0;1.0;4.0;1.0;2.0;0.0;1.0;3.0;0.0;2.0;0.0;1.0;3.0;0.0
2023/24;Lunedì;30;Ottobre;Empoli;Atalanta;0;3;False;False;True;-1;1;2;0;3;228;2;1;2;X;1;X;1;2;X;X;X;X;1;X;2;X;2;1;X;X;X;X;0.0;2.0;1.0;1.0;4.0;0.0;2.0;1.0;1.0;4.0;3.0;2.0;0.0;1.0;3.0;3.0;2.0;0.0;1.0;3.0
2023/24;Lunedì;30;Ottobre;Lazio;Fiorentina;1;0;True;False;False;1;-1;1;3;0;228;1;2;1;2;X;1;X;1;X;X;X;X;2;1;X;2;X;2;X;X;X;X;1.0;0.0;2.0;1.0;1.0;1.0;0.0;2.0;1.0;1.0;0.0;3.0;2.0;0.0;1.0;0.0;3.0;2.0;0.0;1.0
2023/24;Venerdì;3;Novmbre;Bologna;Lazio;1;0;True;False;False;1;-1;1;3;0;228;1;2;1;1;2;X;1;1;X;X;X;X;2;2;1;X;2;2;X;X;X;X;1.0;1.0;0.0;2.0;1.0;1.0;1.0;0.0;2.0;1.0;0.0;0.0;3.0;2.0;0.0;0.0;0.0;3.0;2.0;0.0
2023/24;Sabato;4;Novmbre;Salernitana;Napoli;0;2;False;False;True;-1;1;2;0;3;228;2;1;2;1;1;2;X;2;X;X;X;X;1;2;2;1;X;1;X;X;X;X;0.0;1.0;1.0;0.0;2.0;0.0;1.0;1.0;0.0;2.0;2.0;0.0;0.0;3.0;2.0;2.0;0.0;0.0;3.0;2.0
2023/24;Sabato;4;Novmbre;Atalanta;Inter;1;2;False;False;True;-1;1;2;0;3;228;2;1;2;2;1;1;2;2;X;X;X;X;1;1;2;2;1;1;X;X;X;X;1.0;0.0;1.0;1.0;0.0;1.0;0.0;1.0;1.0;0.0;2.0;2.0;0.0;0.0;3.0;2.0;2.0;0.0;0.0;3.0
2023/24;Sabato;4;Novmbre;Milan;Udinese;0;1;False;False;True;-1;1;2;0;3;228;2;1;2;2;2;1;1;2;X;X;X;X;1;1;1;2;2;1;X;X;X;X;0.0;1.0;0.0;1.0;1.0;0.0;1.0;0.0;1.0;1.0;1.0;2.0;2.0;0.0;0.0;1.0;2.0;2.0;0.0;0.0
2023/24;Domenica;5;Novmbre;Hellas Verona;Monza;1;3;False;False;True;-1;1;2;0;3;228;2;1;2;2;2;2;1;2;X;X;X;X;1;1;1;1;2;1;X;X;X;X;1.0;0.0;1.0;0.0;1.0;1.0;0.0;1.0;0.0;1.0;3.0;1.0;2.0;2.0;0.0;3.0;1.0;2.0;2.0;0.0
2023/24;Domenica;5;Novmbre;Cagliari;Genoa;2;1;True;False;False;1;-1;1;3;0;228;1;2;1;2;2;2;2;1;X;X;X;X;2;1;1;1;1;2;X;X;X;X;2.0;1.0;0.0;1.0;0.0;2.0;1.0;0.0;1.0;0.0;1.0;3.0;1.0;2.0;2.0;1.0;3.0;1.0;2.0;2.0
2023/24;Domenica;5;Novmbre;Roma;Lecce;2;1;True;False;False;1;-1;1;3;0;228;1;2;1;1;2;2;2;1;X;X;X;X;2;2;1;1;1;2;X;X;X;X;2.0;2.0;1.0;0.0;1.0;2.0;2.0;1.0;0.0;1.0;1.0;1.0;3.0;1.0;2.0;1.0;1.0;3.0;1.0;2.0
2023/24;Domenica;5;Novmbre;Fiorentina;Juventus;0;1;False;False;True;-1;1;2;0;3;228;2;1;2;1;1;2;2;2;X;X;X;X;1;2;2;1;1;1;X;X;X;X;0.0;2.0;2.0;1.0;0.0;0.0;2.0;2.0;1.0;0.0;1.0;1.0;1.0;3.0;1.0;1.0;1.0;1.0;3.0;1.0
2023/24;Lunedì;6;Novmbre;Frosinone;Empoli;2;1;True;False;False;1;-1;1;3;0;228;1;2;1;2;1;1;2;1;X;X;X;X;2;1;2;2;1;2;X;X;X;X;2.0;0.0;2.0;2.0;1.0;2.0;0.0;2.0;2.0;1.0;1.0;1.0;1.0;1.0;3.0;1.0;1.0;1.0;1.0;3.0
2023/24;Lunedì;6;Novmbre;Torino;Sassuolo;2;1;True;False;False;1;-1;1;3;0;228;1;2;1;1;2;1;1;1;X;X;X;X;2;2;1;2;2;2;X;X;X;X;2.0;2.0;0.0;2.0;2.0;2.0;2.0;0.0;2.0;2.0;1.0;1.0;1.0;1.0;1.0;1.0;1.0;1.0;1.0;1.0
2023/24;Venerdì;10;Novmbre;Sassuolo;Salernitana;2;2;False;True;False;0;0;X;1;1;228;X;X;X;1;1;2;1;X;X;X;X;X;X;2;2;1;2;X;X;X;X;X;2.0;2.0;2.0;0.0;2.0;2.0;2.0;2.0;0.0;2.0;2.0;1.0;1.0;1.0;1.0;2.0;1.0;1.0;1.0;1.0
2023/24;Venerdì;10;Novmbre;Genoa;Hellas Verona;1;0;True;False;False;1;-1;1;3;0;228;1;2;1;X;1;1;2;1;X;X;X;X;2;X;2;2;1;2;X;X;X;X;1.0;2.0;2.0;2.0;0.0;1.0;2.0;2.0;2.0;0.0;0.0;2.0;1.0;1.0;1.0;0.0;2.0;1.0;1.0;1.0
2023/24;Sabato;11;Novmbre;Lecce;Milan;2;2;False;True;False;0;0;X;1;1;228;X;X;X;1;X;1;1;X;X;X;X;X;X;2;X;2;2;X;X;X;X;X;2.0;1.0;2.0;2.0;2.0;2.0;1.0;2.0;2.0;2.0;2.0;0.0;2.0;1.0;1.0;2.0;0.0;2.0;1.0;1.0
2023/24;Sabato;11;Novmbre;Juventus;Cagliari;2;1;True;False;False;1;-1;1;3;0;228;1;2;1;X;1;X;1;1;X;X;X;X;2;X;2;X;2;2;X;X;X;X;2.0;2.0;1.0;2.0;2.0;2.0;2.0;1.0;2.0;2.0;1.0;2.0;0.0;2.0;1.0;1.0;2.0;0.0;2.0;1.0
2023/24;Sabato;11;Novmbre;Monza;Torino;1;1;False;True;False;0;0;X;1;1;228;X;X;X;1;X;1;X;X;X;X;X;X;X;2;X;2;X;X;X;X;X;X;1.0;2.0;2.0;1.0;2.0;1.0;2.0;2.0;1.0;2.0;1.0;1.0;2.0;0.0;2.0;1.0;1.0;2.0;0.0;2.0
2023/24;Domenica;12;Novmbre;Napoli;Empoli;0;1;False;False;True;-1;1;2;0;3;228;2;1;2;X;1;X;1;2;X;X;X;X;1;X;2;X;2;1;X;X;X;X;0.0;1.0;2.0;2.0;1.0;0.0;1.0;2.0;2.0;1.0;1.0;1.0;1.0;2.0;0.0;1.0;1.0;1.0;2.0;0.0
2023/24;Domenica;12;Novmbre;Fiorentina;Bologna;2;1;True;False;False;1;-1;1;3;0;228;1;2;1;2;X;1;X;1;X;X;X;X;2;1;X;2;X;2;X;X;X;X;2.0;0.0;1.0;2.0;2.0;2.0;0.0;1.0;2.0;2.0;1.0;1.0;1.0;1.0;2.0;1.0;1.0;1.0;1.0;2.0
2023/24;Domenica;12;Novmbre;Udinese;Atalanta;1;1;False;True;False;0;0;X;1;1;228;X;X;X;1;2;X;1;X;X;X;X;X;X;2;1;X;2;X;X;X;X;X;1.0;2.0;0.0;1.0;2.0;1.0;2.0;0.0;1.0;2.0;1.0;1.0;1.0;1.0;1.0;1.0;1.0;1.0;1.0;1.0
2023/24;Domenica;12;Novmbre;Lazio;Roma;0;0;False;True;False;0;0;X;1;1;228;X;X;X;X;1;2;X;X;X;X;X;X;X;X;2;1;X;X;X;X;X;X;0.0;1.0;2.0;0.0;1.0;0.0;1.0;2.0;0.0;1.0;0.0;1.0;1.0;1.0;1.0;0.0;1.0;1.0;1.0;1.0
2023/24;Domenica;12;Novmbre;Inter;Frosinone;2;0;True;False;False;1;-1;1;3;0;228;1;2;1;X;X;1;2;1;X;X;X;X;2;X;X;2;1;2;X;X;X;X;2.0;0.0;1.0;2.0;0.0;2.0;0.0;1.0;2.0;0.0;0.0;0.0;1.0;1.0;1.0;0.0;0.0;1.0;1.0;1.0
2023/24;Sabato;25;Novmbre;Salernitana;Lazio;2;1;True;False;False;1;-1;1;3;0;228;1;2;1;1;X;X;1;1;X;X;X;X;2;2;X;X;2;2;X;X;X;X;2.0;2.0;0.0;1.0;2.0;2.0;2.0;0.0;1.0;2.0;1.0;0.0;0.0;1.0;1.0;1.0;0.0;0.0;1.0;1.0
2023/24;Sabato;25;Novmbre;Atalanta;Napoli;1;2;False;False;True;-1;1;2;0;3;228;2;1;2;1;1;X;X;2;X;X;X;X;1;2;2;X;X;1;X;X;X;X;1.0;2.0;2.0;0.0;1.0;1.0;2.0;2.0;0.0;1.0;2.0;1.0;0.0;0.0;1.0;2.0;1.0;0.0;0.0;1.0
2023/24;Sabato;25;Novmbre;Milan;Fiorentina;1;0;True;False;False;1;-1;1;3;0;228;1;2;1;2;1;1;X;1;X;X;X;X;2;1;2;2;X;2;X;X;X;X;1.0;1.0;2.0;2.0;0.0;1.0;1.0;2.0;2.0;0.0;0.0;2.0;1.0;0.0;0.0;0.0;2.0;1.0;0.0;0.0
2023/24;Domenica;26;Novmbre;Cagliari;Monza;1;1;False;True;False;0;0;X;1;1;228;X;X;X;1;2;1;1;X;X;X;X;X;X;2;1;2;2;X;X;X;X;X;1.0;1.0;1.0;2.0;2.0;1.0;1.0;1.0;2.0;2.0;1.0;0.0;2.0;1.0;0.0;1.0;0.0;2.0;1.0;0.0
2023/24;Domenica;26;Novmbre;Empoli;Sassuolo;3;4;False;False;True;-1;1;2;0;3;228;2;1;2;X;1;2;1;2;X;X;X;X;1;X;2;1;2;1;X;X;X;X;3.0;1.0;1.0;1.0;2.0;3.0;1.0;1.0;1.0;2.0;4.0;1.0;0.0;2.0;1.0;4.0;1.0;0.0;2.0;1.0
2023/24;Domenica;26;Novmbre;Frosinone;Genoa;2;1;True;False;False;1;-1;1;3;0;228;1;2;1;2;X;1;2;1;X;X;X;X;2;1;X;2;1;2;X;X;X;X;2.0;3.0;1.0;1.0;1.0;2.0;3.0;1.0;1.0;1.0;1.0;4.0;1.0;0.0;2.0;1.0;4.0;1.0;0.0;2.0
2023/24;Domenica;26;Novmbre;Roma;Udinese;3;1;True;False;False;1;-1;1;3;0;228;1;2;1;1;2;X;1;1;X;X;X;X;2;2;1;X;2;2;X;X;X;X;3.0;2.0;3.0;1.0;1.0;3.0;2.0;3.0;1.0;1.0;1.0;1.0;4.0;1.0;0.0;1.0;1.0;4.0;1.0;0.0
2023/24;Domenica;26;Novmbre;Juventus;Inter;1;1;False;True;False;0;0;X;1;1;228;X;X;X;1;1;2;X;X;X;X;X;X;X;2;2;1;X;X;X;X;X;X;1.0;3.0;2.0;3.0;1.0;1.0;3.0;2.0;3.0;1.0;1.0;1.0;1.0;4.0;1.0;1.0;1.0;1.0;4.0;1.0
2023/24;Lunedì;27;Novmbre;Hellas Verona;Lecce;2;2;False;True;False;0;0;X;1;1;228;X;X;X;X;1;1;2;X;X;X;X;X;X;X;2;2;1;X;X;X;X;X;2.0;1.0;3.0;2.0;3.0;2.0;1.0;3.0;2.0;3.0;2.0;1.0;1.0;1.0;4.0;2.0;1.0;1.0;1.0;4.0
2023/24;Lunedì;27;Novmbre;Bologna;Torino;2;0;True;False;False;1;-1;1;3;0;228;1;2;1;X;X;1;1;1;X;X;X;X;2;X;X;2;2;2;X;X;X;X;2.0;2.0;1.0;3.0;2.0;2.0;2.0;1.0;3.0;2.0;0.0;2.0;1.0;1.0;1.0;0.0;2.0;1.0;1.0;1.0
2023/24;Venerdì;1;Dicembre;Monza;Juventus;1;2;False;False;True;-1;1;2;0;3;228;2;1;2;1;X;X;1;2;X;X;X;X;1;2;X;X;2;1;X;X;X;X;1.0;2.0;2.0;1.0;3.0;1.0;2.0;2.0;1.0;3.0;2.0;0.0;2.0;1.0;1.0;2.0;0.0;2.0;1.0;1.0
2023/24;Sabato;2;Dicembre;Genoa;Empoli;1;1;False;True;False;0;0;X;1;1;228;X;X;X;2;1;X;X;X;X;X;X;X;X;1;2;X;X;X;X;X;X;X;1.0;1.0;2.0;2.0;1.0;1.0;1.0;2.0;2.0;1.0;1.0;2.0;0.0;2.0;1.0;1.0;2.0;0.0;2.0;1.0
2023/24;Sabato;2;Dicembre;Lazio;Cagliari;1;0;True;False;False;1;-1;1;3;0;228;1;2;1;X;2;1;X;1;X;X;X;X;2;X;1;2;X;2;X;X;X;X;1.0;1.0;1.0;2.0;2.0;1.0;1.0;1.0;2.0;2.0;0.0;1.0;2.0;0.0;2.0;0.0;1.0;2.0;0.0;2.0
2023/24;Sabato;2;Dicembre;Milan;Frosinone;3;1;True;False;False;1;-1;1;3;0;228;1;2;1;1;X;2;1;1;X;X;X;X;2;2;X;1;2;2;X;X;X;X;3.0;1.0;1.0;1.0;2.0;3.0;1.0;1.0;1.0;2.0;1.0;0.0;1.0;2.0;0.0;1.0;0.0;1.0;2.0;0.0
2023/24;Domenica;3;Dicembre;Lecce;Bologna;1;1;False;True;False;0;0;X;1;1;228;X;X;X;1;1;X;2;X;X;X;X;X;X;2;2;X;1;X;X;X;X;X;1.0;3.0;1.0;1.0;1.0;1.0;3.0;1.0;1.0;1.0;1.0;1.0;0.0;1.0;2.0;1.0;1.0;0.0;1.0;2.0
2023/24;Domenica;3;Dicembre;Fiorentina;Salernitana;3;0;True;False;False;1;-1;1;3;0;228;1;2;1;X;1;1;X;1;X;X;X;X;2;X;2;2;X;2;X;X;X;X;3.0;1.0;3.0;1.0;1.0;3.0;1.0;3.0;1.0;1.0;0.0;1.0;1.0;0.0;1.0;0.0;1.0;1.0;0.0;1.0
2023/24;Domenica;3;Dicembre;Udinese;Hellas Verona;3;3;False;True;False;0;0;X;1;1;228;X;X;X;1;X;1;1;X;X;X;X;X;X;2;X;2;2;X;X;X;X;X;3.0;3.0;1.0;3.0;1.0;3.0;3.0;1.0;3.0;1.0;3.0;0.0;1.0;1.0;0.0;3.0;0.0;1.0;1.0;0.0
2023/24;Domenica;3;Dicembre;Sassuolo;Roma;1;2;False;False;True;-1;1;2;0;3;228;2;1;2;X;1;X;1;2;X;X;X;X;1;X;2;X;2;1;X;X;X;X;1.0;3.0;3.0;1.0;3.0;1.0;3.0;3.0;1.0;3.0;2.0;3.0;0.0;1.0;1.0;2.0;3.0;0.0;1.0;1.0
2023/24;Domenica;3;Dicembre;Napoli;Inter;0;3;False;False;True;-1;1;2;0;3;228;2;1;2;2;X;1;X;2;X;X;X;X;1;1;X;2;X;1;X;X;X;X;0.0;1.0;3.0;3.0;1.0;0.0;1.0;3.0;3.0;1.0;3.0;2.0;3.0;0.0;1.0;3.0;2.0;3.0;0.0;1.0
2023/24;Lunedì;4;Dicembre;Torino;Atalanta;3;0;True;False;False;1;-1;1;3;0;228;1;2;1;2;2;X;1;1;X;X;X;X;2;1;1;X;2;2;X;X;X;X;3.0;0.0;1.0;3.0;3.0;3.0;0.0;1.0;3.0;3.0;0.0;3.0;2.0;3.0;0.0;0.0;3.0;2.0;3.0;0.0
2023/24;Venerdì;8;Dicembre;Juventus;Napoli;1;0;True;False;False;1;-1;1;3;0;228;1;2;1;1;2;2;X;1;X;X;X;X;2;2;1;1;X;2;X;X;X;X;1.0;3.0;0.0;1.0;3.0;1.0;3.0;0.0;1.0;3.0;0.0;0.0;3.0;2.0;3.0;0.0;0.0;3.0;2.0;3.0
2023/24;Sabato;9;Dicembre;Hellas Verona;Lazio;1;1;False;True;False;0;0;X;1;1;228;X;X;X;1;1;2;2;X;X;X;X;X;X;2;2;1;1;X;X;X;X;X;1.0;1.0;3.0;0.0;1.0;1.0;1.0;3.0;0.0;1.0;1.0;0.0;0.0;3.0;2.0;1.0;0.0;0.0;3.0;2.0
2023/24;Sabato;9;Dicembre;Atalanta;Milan;3;2;True;False;False;1;-1;1;3;0;228;1;2;1;X;1;1;2;1;X;X;X;X;2;X;2;2;1;2;X;X;X;X;3.0;1.0;1.0;3.0;0.0;3.0;1.0;1.0;3.0;0.0;2.0;1.0;0.0;0.0;3.0;2.0;1.0;0.0;0.0;3.0
2023/24;Sabato;9;Dicembre;Inter;Udinese;4;0;True;False;False;1;-1;1;3;0;228;1;2;1;1;X;1;1;1;X;X;X;X;2;2;X;2;2;2;X;X;X;X;4.0;3.0;1.0;1.0;3.0;4.0;3.0;1.0;1.0;3.0;0.0;2.0;1.0;0.0;0.0;0.0;2.0;1.0;0.0;0.0
2023/24;Domenica;10;Dicembre;Frosinone;Torino;0;0;False;True;False;0;0;X;1;1;228;X;X;X;1;1;X;1;X;X;X;X;X;X;2;2;X;2;X;X;X;X;X;0.0;4.0;3.0;1.0;1.0;0.0;4.0;3.0;1.0;1.0;0.0;0.0;2.0;1.0;0.0;0.0;0.0;2.0;1.0;0.0
2023/24;Domenica;10;Dicembre;Monza;Genoa;1;0;True;False;False;1;-1;1;3;0;228;1;2;1;X;1;1;X;1;X;X;X;X;2;X;2;2;X;2;X;X;X;X;1.0;0.0;4.0;3.0;1.0;1.0;0.0;4.0;3.0;1.0;0.0;0.0;0.0;2.0;1.0;0.0;0.0;0.0;2.0;1.0
2023/24;Domenica;10;Dicembre;Salernitana;Bologna;1;2;False;False;True;-1;1;2;0;3;228;2;1;2;1;X;1;1;2;X;X;X;X;1;2;X;2;2;1;X;X;X;X;1.0;1.0;0.0;4.0;3.0;1.0;1.0;0.0;4.0;3.0;2.0;0.0;0.0;0.0;2.0;2.0;0.0;0.0;0.0;2.0
2023/24;Domenica;10;Dicembre;Roma;Fiorentina;1;1;False;True;False;0;0;X;1;1;228;X;X;X;2;1;X;1;X;X;X;X;X;X;1;2;X;2;X;X;X;X;X;1.0;1.0;1.0;0.0;4.0;1.0;1.0;1.0;0.0;4.0;1.0;2.0;0.0;0.0;0.0;1.0;2.0;0.0;0.0;0.0
2023/24;Lunedì;11;Dicembre;Empoli;Lecce;1;1;False;True;False;0;0;X;1;1;228;X;X;X;X;2;1;X;X;X;X;X;X;X;X;1;2;X;X;X;X;X;X;1.0;1.0;1.0;1.0;0.0;1.0;1.0;1.0;1.0;0.0;1.0;1.0;2.0;0.0;0.0;1.0;1.0;2.0;0.0;0.0
2023/24;Lunedì;11;Dicembre;Cagliari;Sassuolo;2;1;True;False;False;1;-1;1;3;0;228;1;2;1;X;X;2;1;1;X;X;X;X;2;X;X;1;2;2;X;X;X;X;2.0;1.0;1.0;1.0;1.0;2.0;1.0;1.0;1.0;1.0;1.0;1.0;1.0;2.0;0.0;1.0;1.0;1.0;2.0;0.0
2023/24;Venerdì;15;Dicembre;Genoa;Juventus;1;1;False;True;False;0;0;X;1;1;228;X;X;X;1;X;X;2;X;X;X;X;X;X;2;X;X;1;X;X;X;X;X;1.0;2.0;1.0;1.0;1.0;1.0;2.0;1.0;1.0;1.0;1.0;1.0;1.0;1.0;2.0;1.0;1.0;1.0;1.0;2.0
2023/24;Sabato;16;Dicembre;Lecce;Frosinone;2;1;True;False;False;1;-1;1;3;0;228;1;2;1;X;1;X;X;1;X;X;X;X;2;X;2;X;X;2;X;X;X;X;2.0;1.0;2.0;1.0;1.0;2.0;1.0;2.0;1.0;1.0;1.0;1.0;1.0;1.0;1.0;1.0;1.0;1.0;1.0;1.0
2023/24;Sabato;16;Dicembre;Napoli;Cagliari;2;1;True;False;False;1;-1;1;3;0;228;1;2;1;1;X;1;X;1;X;X;X;X;2;2;X;2;X;2;X;X;X;X;2.0;2.0;1.0;2.0;1.0;2.0;2.0;1.0;2.0;1.0;1.0;1.0;1.0;1.0;1.0;1.0;1.0;1.0;1.0;1.0
2023/24;Sabato;16;Dicembre;Torino;Empoli;1;0;True;False;False;1;-1;1;3;0;228;1;2;1;1;1;X;1;1;X;X;X;X;2;2;2;X;2;2;X;X;X;X;1.0;2.0;2.0;1.0;2.0;1.0;2.0;2.0;1.0;2.0;0.0;1.0;1.0;1.0;1.0;0.0;1.0;1.0;1.0;1.0
2023/24;Domenica;17;Dicembre;Milan;Monza;3;0;True;False;False;1;-1;1;3;0;228;1;2;1;1;1;1;X;1;X;X;X;X;2;2;2;2;X;2;X;X;X;X;3.0;1.0;2.0;2.0;1.0;3.0;1.0;2.0;2.0;1.0;0.0;0.0;1.0;1.0;1.0;0.0;0.0;1.0;1.0;1.0
2023/24;Domenica;17;Dicembre;Fiorentina;Hellas Verona;1;0;True;False;False;1;-1;1;3;0;228;1;2;1;1;1;1;1;1;X;X;X;X;2;2;2;2;2;2;X;X;X;X;1.0;3.0;1.0;2.0;2.0;1.0;3.0;1.0;2.0;2.0;0.0;0.0;0.0;1.0;1.0;0.0;0.0;0.0;1.0;1.0
2023/24;Domenica;17;Dicembre;Udinese;Sassuolo;2;2;False;True;False;0;0;X;1;1;228;X;X;X;1;1;1;1;X;X;X;X;X;X;2;2;2;2;X;X;X;X;X;2.0;1.0;3.0;1.0;2.0;2.0;1.0;3.0;1.0;2.0;2.0;0.0;0.0;0.0;1.0;2.0;0.0;0.0;0.0;1.0
2023/24;Domenica;17;Dicembre;Bologna;Roma;2;0;True;False;False;1;-1;1;3;0;228;1;2;1;X;1;1;1;1;X;X;X;X;2;X;2;2;2;2;X;X;X;X;2.0;2.0;1.0;3.0;1.0;2.0;2.0;1.0;3.0;1.0;0.0;2.0;0.0;0.0;0.0;0.0;2.0;0.0;0.0;0.0
2023/24;Domenica;17;Dicembre;Lazio;Inter;0;2;False;False;True;-1;1;2;0;3;228;2;1;2;1;X;1;1;2;X;X;X;X;1;2;X;2;2;1;X;X;X;X;0.0;2.0;2.0;1.0;3.0;0.0;2.0;2.0;1.0;3.0;2.0;0.0;2.0;0.0;0.0;2.0;0.0;2.0;0.0;0.0
2023/24;Lunedì;18;Dicembre;Atalanta;Salernitana;4;1;True;False;False;1;-1;1;3;0;228;1;2;1;2;1;X;1;1;X;X;X;X;2;1;2;X;2;2;X;X;X;X;4.0;0.0;2.0;2.0;1.0;4.0;0.0;2.0;2.0;1.0;1.0;2.0;0.0;2.0;0.0;1.0;2.0;0.0;2.0;0.0
2023/24;Venerdì;22;Dicembre;Empoli;Lazio;0;2;False;False;True;-1;1;2;0;3;228;2;1;2;1;2;1;X;2;X;X;X;X;1;2;1;2;X;1;X;X;X;X;0.0;4.0;0.0;2.0;2.0;0.0;4.0;0.0;2.0;2.0;2.0;1.0;2.0;0.0;2.0;2.0;1.0;2.0;0.0;2.0
2023/24;Venerdì;22;Dicembre;Sassuolo;Genoa;1;2;False;False;True;-1;1;2;0;3;228;2;1;2;2;1;2;1;2;X;X;X;X;1;1;2;1;2;1;X;X;X;X;1.0;0.0;4.0;0.0;2.0;1.0;0.0;4.0;0.0;2.0;2.0;2.0;1.0;2.0;0.0;2.0;2.0;1.0;2.0;0.0
2023/24;Venerdì;22;Dicembre;Monza;Fiorentina;0;1;False;False;True;-1;1;2;0;3;228;2;1;2;2;2;1;2;2;X;X;X;X;1;1;1;2;1;1;X;X;X;X;0.0;1.0;0.0;4.0;0.0;0.0;1.0;0.0;4.0;0.0;1.0;2.0;2.0;1.0;2.0;1.0;2.0;2.0;1.0;2.0
2023/24;Venerdì;22;Dicembre;Salernitana;Milan;2;2;False;True;False;0;0;X;1;1;228;X;X;X;2;2;2;1;X;X;X;X;X;X;1;1;1;2;X;X;X;X;X;2.0;0.0;1.0;0.0;4.0;2.0;0.0;1.0;0.0;4.0;2.0;1.0;2.0;2.0;1.0;2.0;1.0;2.0;2.0;1.0
2023/24;Sabato;23;Dicembre;Frosinone;Juventus;1;2;False;False;True;-1;1;2;0;3;228;2;1;2;X;2;2;2;2;X;X;X;X;1;X;1;1;1;1;X;X;X;X;1.0;2.0;0.0;1.0;0.0;1.0;2.0;0.0;1.0;0.0;2.0;2.0;1.0;2.0;2.0;2.0;2.0;1.0;2.0;2.0
2023/24;Sabato;23;Dicembre;Bologna;Atalanta;1;0;True;False;False;1;-1;1;3;0;228;1;2;1;2;X;2;2;1;X;X;X;X;2;1;X;1;1;2;X;X;X;X;1.0;1.0;2.0;0.0;1.0;1.0;1.0;2.0;0.0;1.0;0.0;2.0;2.0;1.0;2.0;0.0;2.0;2.0;1.0;2.0
2023/24;Sabato;23;Dicembre;Torino;Udinese;1;1;False;True;False;0;0;X;1;1;228;X;X;X;1;2;X;2;X;X;X;X;X;X;2;1;X;1;X;X;X;X;X;1.0;1.0;1.0;2.0;0.0;1.0;1.0;1.0;2.0;0.0;1.0;0.0;2.0;2.0;1.0;1.0;0.0;2.0;2.0;1.0
2023/24;Sabato;23;Dicembre;Hellas Verona;Cagliari;2;0;True;False;False;1;-1;1;3;0;228;1;2;1;X;1;2;X;1;X;X;X;X;2;X;2;1;X;2;X;X;X;X;2.0;1.0;1.0;1.0;2.0;2.0;1.0;1.0;1.0;2.0;0.0;1.0;0.0;2.0;2.0;0.0;1.0;0.0;2.0;2.0
2023/24;Sabato;23;Dicembre;Inter;Lecce;2;0;True;False;False;1;-1;1;3;0;228;1;2;1;1;X;1;2;1;X;X;X;X;2;2;X;2;1;2;X;X;X;X;2.0;2.0;1.0;1.0;1.0;2.0;2.0;1.0;1.0;1.0;0.0;0.0;1.0;0.0;2.0;0.0;0.0;1.0;0.0;2.0
2023/24;Sabato;23;Dicembre;Roma;Napoli;2;0;True;False;False;1;-1;1;3;0;228;1;2;1;1;1;X;1;1;X;X;X;X;2;2;2;X;2;2;X;X;X;X;2.0;2.0;2.0;1.0;1.0;2.0;2.0;2.0;1.0;1.0;0.0;0.0;0.0;1.0;0.0;0.0;0.0;0.0;1.0;0.0
2023/24;Venerdì;29;Dicembre;Fiorentina;Torino;1;0;True;False;False;1;-1;1;3;0;228;1;2;1;1;1;1;X;1;X;X;X;X;2;2;2;2;X;2;X;X;X;X;1.0;2.0;2.0;2.0;1.0;1.0;2.0;2.0;2.0;1.0;0.0;0.0;0.0;0.0;1.0;0.0;0.0;0.0;0.0;1.0
2023/24;Venerdì;29;Dicembre;Napoli;Monza;0;0;False;True;False;0;0;X;1;1;228;X;X;X;1;1;1;1;X;X;X;X;X;X;2;2;2;2;X;X;X;X;X;0.0;1.0;2.0;2.0;2.0;0.0;1.0;2.0;2.0;2.0;0.0;0.0;0.0;0.0;0.0;0.0;0.0;0.0;0.0;0.0
2023/24;Venerdì;29;Dicembre;Genoa;Inter;1;1;False;True;False;0;0;X;1;1;228;X;X;X;X;1;1;1;X;X;X;X;X;X;X;2;2;2;X;X;X;X;X;1.0;0.0;1.0;2.0;2.0;1.0;0.0;1.0;2.0;2.0;1.0;0.0;0.0;0.0;0.0;1.0;0.0;0.0;0.0;0.0
2023/24;Venerdì;29;Dicembre;Lazio;Frosinone;3;1;True;False;False;1;-1;1;3;0;228;1;2;1;X;X;1;1;1;X;X;X;X;2;X;X;2;2;2;X;X;X;X;3.0;1.0;0.0;1.0;2.0;3.0;1.0;0.0;1.0;2.0;1.0;1.0;0.0;0.0;0.0;1.0;1.0;0.0;0.0;0.0
2023/24;Sabato;30;Dicembre;Atalanta;Lecce;1;0;True;False;False;1;-1;1;3;0;228;1;2;1;1;X;X;1;1;X;X;X;X;2;2;X;X;2;2;X;X;X;X;1.0;3.0;1.0;0.0;1.0;1.0;3.0;1.0;0.0;1.0;0.0;1.0;1.0;0.0;0.0;0.0;1.0;1.0;0.0;0.0
2023/24;Sabato;30;Dicembre;Cagliari;Empoli;0;0;False;True;False;0;0;X;1;1;228;X;X;X;1;1;X;X;X;X;X;X;X;X;2;2;X;X;X;X;X;X;X;0.0;1.0;3.0;1.0;0.0;0.0;1.0;3.0;1.0;0.0;0.0;0.0;1.0;1.0;0.0;0.0;0.0;1.0;1.0;0.0
2023/24;Sabato;30;Dicembre;Udinese;Bologna;3;0;True;False;False;1;-1;1;3;0;228;1;2;1;X;1;1;X;1;X;X;X;X;2;X;2;2;X;2;X;X;X;X;3.0;0.0;1.0;3.0;1.0;3.0;0.0;1.0;3.0;1.0;0.0;0.0;0.0;1.0;1.0;0.0;0.0;0.0;1.0;1.0
2023/24;Sabato;30;Dicembre;Milan;Sassuolo;1;0;True;False;False;1;-1;1;3;0;228;1;2;1;1;X;1;1;1;X;X;X;X;2;2;X;2;2;2;X;X;X;X;1.0;3.0;0.0;1.0;3.0;1.0;3.0;0.0;1.0;3.0;0.0;0.0;0.0;0.0;1.0;0.0;0.0;0.0;0.0;1.0
2023/24;Sabato;30;Dicembre;Hellas Verona;Salernitana;0;1;False;False;True;-1;1;2;0;3;228;2;1;2;1;1;X;1;2;X;X;X;X;1;2;2;X;2;1;X;X;X;X;0.0;1.0;3.0;0.0;1.0;0.0;1.0;3.0;0.0;1.0;1.0;0.0;0.0;0.0;0.0;1.0;0.0;0.0;0.0;0.0
2023/24;Sabato;30;Dicembre;Juventus;Roma;1;0;True;False;False;1;-1;1;3;0;228;1;2;1;2;1;1;X;1;X;X;X;X;2;1;2;2;X;2;X;X;X;X;1.0;0.0;1.0;3.0;0.0;1.0;0.0;1.0;3.0;0.0;0.0;1.0;0.0;0.0;0.0;0.0;1.0;0.0;0.0;0.0
2023/24;Venerdì;5;Gennaio;Bologna;Genoa;1;1;False;True;False;0;0;X;1;1;228;X;X;X;1;2;1;1;X;X;X;X;X;X;2;1;2;2;X;X;X;X;X;1.0;1.0;0.0;1.0;3.0;1.0;1.0;0.0;1.0;3.0;1.0;0.0;1.0;0.0;0.0;1.0;0.0;1.0;0.0;0.0
2023/24;Sabato;6;Gennaio;Inter;Hellas Verona;2;1;True;False;False;1;-1;1;3;0;228;1;2;1;X;1;2;1;1;X;X;X;X;2;X;2;1;2;2;X;X;X;X;2.0;1.0;1.0;0.0;1.0;2.0;1.0;1.0;0.0;1.0;1.0;1.0;0.0;1.0;0.0;1.0;1.0;0.0;1.0;0.0
2023/24;Sabato;6;Gennaio;Frosinone;Monza;2;3;False;False;True;-1;1;2;0;3;228;2;1;2;1;X;1;2;2;X;X;X;X;1;2;X;2;1;1;X;X;X;X;2.0;2.0;1.0;1.0;0.0;2.0;2.0;1.0;1.0;0.0;3.0;1.0;1.0;0.0;1.0;3.0;1.0;1.0;0.0;1.0
2023/24;Sabato;6;Gennaio;Lecce;Cagliari;1;1;False;True;False;0;0;X;1;1;228;X;X;X;2;1;X;1;X;X;X;X;X;X;1;2;X;2;X;X;X;X;X;1.0;2.0;2.0;1.0;1.0;1.0;2.0;2.0;1.0;1.0;1.0;3.0;1.0;1.0;0.0;1.0;3.0;1.0;1.0;0.0
2023/24;Sabato;6;Gennaio;Sassuolo;Fiorentina;1;0;True;False;False;1;-1;1;3;0;228;1;2;1;X;2;1;X;1;X;X;X;X;2;X;1;2;X;2;X;X;X;X;1.0;1.0;2.0;2.0;1.0;1.0;1.0;2.0;2.0;1.0;0.0;1.0;3.0;1.0;1.0;0.0;1.0;3.0;1.0;1.0
2023/24;Domenica;7;Gennaio;Empoli;Milan;0;3;False;False;True;-1;1;2;0;3;228;2;1;2;1;X;2;1;2;X;X;X;X;1;2;X;1;2;1;X;X;X;X;0.0;1.0;1.0;2.0;2.0;0.0;1.0;1.0;2.0;2.0;3.0;0.0;1.0;3.0;1.0;3.0;0.0;1.0;3.0;1.0
2023/24;Domenica;7;Gennaio;Torino;Napoli;3;0;True;False;False;1;-1;1;3;0;228;1;2;1;2;1;X;2;1;X;X;X;X;2;1;2;X;1;2;X;X;X;X;3.0;0.0;1.0;1.0;2.0;3.0;0.0;1.0;1.0;2.0;0.0;3.0;0.0;1.0;3.0;0.0;3.0;0.0;1.0;3.0
2023/24;Domenica;7;Gennaio;Udinese;Lazio;1;2;False;False;True;-1;1;2;0;3;228;2;1;2;1;2;1;X;2;X;X;X;X;1;2;1;2;X;1;X;X;X;X;1.0;3.0;0.0;1.0;1.0;1.0;3.0;0.0;1.0;1.0;2.0;0.0;3.0;0.0;1.0;2.0;0.0;3.0;0.0;1.0
2023/24;Domenica;7;Gennaio;Salernitana;Juventus;1;2;False;False;True;-1;1;2;0;3;228;2;1;2;2;1;2;1;2;X;X;X;X;1;1;2;1;2;1;X;X;X;X;1.0;1.0;3.0;0.0;1.0;1.0;1.0;3.0;0.0;1.0;2.0;2.0;0.0;3.0;0.0;2.0;2.0;0.0;3.0;0.0
2023/24;Domenica;7;Gennaio;Roma;Atalanta;1;1;False;True;False;0;0;X;1;1;228;X;X;X;2;2;1;2;X;X;X;X;X;X;1;1;2;1;X;X;X;X;X;1.0;1.0;1.0;3.0;0.0;1.0;1.0;1.0;3.0;0.0;1.0;2.0;2.0;0.0;3.0;1.0;2.0;2.0;0.0;3.0
2023/24;Sabato;13;Gennaio;Genoa;Torino;0;0;False;True;False;0;0;X;1;1;228;X;X;X;X;2;2;1;X;X;X;X;X;X;X;1;1;2;X;X;X;X;X;0.0;1.0;1.0;1.0;3.0;0.0;1.0;1.0;1.0;3.0;0.0;1.0;2.0;2.0;0.0;0.0;1.0;2.0;2.0;0.0
2023/24;Sabato;13;Gennaio;Napoli;Salernitana;2;1;True;False;False;1;-1;1;3;0;228;1;2;1;X;X;2;2;1;X;X;X;X;2;X;X;1;1;2;X;X;X;X;2.0;0.0;1.0;1.0;1.0;2.0;0.0;1.0;1.0;1.0;1.0;0.0;1.0;2.0;2.0;1.0;0.0;1.0;2.0;2.0
2023/24;Sabato;13;Gennaio;Hellas Verona;Empoli;2;1;True;False;False;1;-1;1;3;0;228;1;2;1;1;X;X;2;1;X;X;X;X;2;2;X;X;1;2;X;X;X;X;2.0;2.0;0.0;1.0;1.0;2.0;2.0;0.0;1.0;1.0;1.0;1.0;0.0;1.0;2.0;1.0;1.0;0.0;1.0;2.0
2023/24;Sabato;13;Gennaio;Monza;Inter;1;5;False;False;True;-1;1;2;0;3;228;2;1;2;1;1;X;X;2;X;X;X;X;1;2;2;X;X;1;X;X;X;X;1.0;2.0;2.0;0.0;1.0;1.0;2.0;2.0;0.0;1.0;5.0;1.0;1.0;0.0;1.0;5.0;1.0;1.0;0.0;1.0
2023/24;Domenica;14;Gennaio;Lazio;Lecce;1;0;True;False;False;1;-1;1;3;0;228;1;2;1;2;1;1;X;1;X;X;X;X;2;1;2;2;X;2;X;X;X;X;1.0;1.0;2.0;2.0;0.0;1.0;1.0;2.0;2.0;0.0;0.0;5.0;1.0;1.0;0.0;0.0;5.0;1.0;1.0;0.0
2023/24;Domenica;14;Gennaio;Cagliari;Bologna;2;1;True;False;False;1;-1;1;3;0;228;1;2;1;1;2;1;1;1;X;X;X;X;2;2;1;2;2;2;X;X;X;X;2.0;1.0;1.0;2.0;2.0;2.0;1.0;1.0;2.0;2.0;1.0;0.0;5.0;1.0;1.0;1.0;0.0;5.0;1.0;1.0
2023/24;Domenica;14;Gennaio;Fiorentina;Udinese;2;2;False;True;False;0;0;X;1;1;228;X;X;X;1;1;2;1;X;X;X;X;X;X;2;2;1;2;X;X;X;X;X;2.0;2.0;1.0;1.0;2.0;2.0;2.0;1.0;1.0;2.0;2.0;1.0;0.0;5.0;1.0;2.0;1.0;0.0;5.0;1.0
2023/24;Domenica;14;Gennaio;Milan;Roma;3;1;True;False;False;1;-1;1;3;0;228;1;2;1;X;1;1;2;1;X;X;X;X;2;X;2;2;1;2;X;X;X;X;3.0;2.0;2.0;1.0;1.0;3.0;2.0;2.0;1.0;1.0;1.0;2.0;1.0;0.0;5.0;1.0;2.0;1.0;0.0;5.0
2023/24;Lunedì;15;Gennaio;Atalanta;Frosinone;5;0;True;False;False;1;-1;1;3;0;228;1;2;1;1;X;1;1;1;X;X;X;X;2;2;X;2;2;2;X;X;X;X;5.0;3.0;2.0;2.0;1.0;5.0;3.0;2.0;2.0;1.0;0.0;1.0;2.0;1.0;0.0;0.0;1.0;2.0;1.0;0.0
2023/24;Martedì;16;Gennaio;Juventus;Sassuolo;3;0;True;False;False;1;-1;1;3;0;228;1;2;1;1;1;X;1;1;X;X;X;X;2;2;2;X;2;2;X;X;X;X;3.0;5.0;3.0;2.0;2.0;3.0;5.0;3.0;2.0;2.0;0.0;0.0;1.0;2.0;1.0;0.0;0.0;1.0;2.0;1.0
2023/24;Sabato;20;Gennaio;Roma;Hellas Verona;2;1;True;False;False;1;-1;1;3;0;228;1;2;1;1;1;1;X;1;X;X;X;X;2;2;2;2;X;2;X;X;X;X;2.0;3.0;5.0;3.0;2.0;2.0;3.0;5.0;3.0;2.0;1.0;0.0;0.0;1.0;2.0;1.0;0.0;0.0;1.0;2.0
2023/24;Sabato;20;Gennaio;Udinese;Milan;2;3;False;False;True;-1;1;2;0;3;228;2;1;2;1;1;1;1;2;X;X;X;X;1;2;2;2;2;1;X;X;X;X;2.0;2.0;3.0;5.0;3.0;2.0;2.0;3.0;5.0;3.0;3.0;1.0;0.0;0.0;1.0;3.0;1.0;0.0;0.0;1.0
2023/24;Domenica;21;Gennaio;Frosinone;Cagliari;3;1;True;False;False;1;-1;1;3;0;228;1;2;1;2;1;1;1;1;X;X;X;X;2;1;2;2;2;2;X;X;X;X;3.0;2.0;2.0;3.0;5.0;3.0;2.0;2.0;3.0;5.0;1.0;3.0;1.0;0.0;0.0;1.0;3.0;1.0;0.0;0.0
2023/24;Domenica;21;Gennaio;Empoli;Monza;3;0;True;False;False;1;-1;1;3;0;228;1;2;1;1;2;1;1;1;X;X;X;X;2;2;1;2;2;2;X;X;X;X;3.0;3.0;2.0;2.0;3.0;3.0;3.0;2.0;2.0;3.0;0.0;1.0;3.0;1.0;0.0;0.0;1.0;3.0;1.0;0.0
2023/24;Domenica;21;Gennaio;Salernitana;Genoa;1;2;False;False;True;-1;1;2;0;3;228;2;1;2;1;1;2;1;2;X;X;X;X;1;2;2;1;2;1;X;X;X;X;1.0;3.0;3.0;2.0;2.0;1.0;3.0;3.0;2.0;2.0;2.0;0.0;1.0;3.0;1.0;2.0;0.0;1.0;3.0;1.0
2023/24;Domenica;21;Gennaio;Lecce;Juventus;0;3;False;False;True;-1;1;2;0;3;228;2;1;2;2;1;1;2;2;X;X;X;X;1;1;2;2;1;1;X;X;X;X;0.0;1.0;3.0;3.0;2.0;0.0;1.0;3.0;3.0;2.0;3.0;2.0;0.0;1.0;3.0;3.0;2.0;0.0;1.0;3.0
2023/24;Venerdì;26;Gennaio;Cagliari;Torino;1;2;False;False;True;-1;1;2;0;3;228;2;1;2;2;2;1;1;2;X;X;X;X;1;1;1;2;2;1;X;X;X;X;1.0;0.0;1.0;3.0;3.0;1.0;0.0;1.0;3.0;3.0;2.0;3.0;2.0;0.0;1.0;2.0;3.0;2.0;0.0;1.0
2023/24;Sabato;27;Gennaio;Atalanta;Udinese;2;0;True;False;False;1;-1;1;3;0;228;1;2;1;2;2;2;1;1;X;X;X;X;2;1;1;1;2;2;X;X;X;X;2.0;1.0;0.0;1.0;3.0;2.0;1.0;0.0;1.0;3.0;0.0;2.0;3.0;2.0;0.0;0.0;2.0;3.0;2.0;0.0
2023/24;Sabato;27;Gennaio;Juventus;Empoli;1;1;False;True;False;0;0;X;1;1;228;X;X;X;1;2;2;2;X;X;X;X;X;X;2;1;1;1;X;X;X;X;X;1.0;2.0;1.0;0.0;1.0;1.0;2.0;1.0;0.0;1.0;1.0;0.0;2.0;3.0;2.0;1.0;0.0;2.0;3.0;2.0
2023/24;Sabato;27;Gennaio;Milan;Bologna;2;2;False;True;False;0;0;X;1;1;228;X;X;X;X;1;2;2;X;X;X;X;X;X;X;2;1;1;X;X;X;X;X;2.0;1.0;2.0;1.0;0.0;2.0;1.0;2.0;1.0;0.0;2.0;1.0;0.0;2.0;3.0;2.0;1.0;0.0;2.0;3.0
2023/24;Domenica;28;Gennaio;Genoa;Lecce;2;1;True;False;False;1;-1;1;3;0;228;1;2;1;X;X;1;2;1;X;X;X;X;2;X;X;2;1;2;X;X;X;X;2.0;2.0;1.0;2.0;1.0;2.0;2.0;1.0;2.0;1.0;1.0;2.0;1.0;0.0;2.0;1.0;2.0;1.0;0.0;2.0
2023/24;Domenica;28;Gennaio;Hellas Verona;Frosinone;1;1;False;True;False;0;0;X;1;1;228;X;X;X;1;X;X;1;X;X;X;X;X;X;2;X;X;2;X;X;X;X;X;1.0;2.0;2.0;1.0;2.0;1.0;2.0;2.0;1.0;2.0;1.0;1.0;2.0;1.0;0.0;1.0;1.0;2.0;1.0;0.0
2023/24;Domenica;28;Gennaio;Monza;Sassuolo;1;0;True;False;False;1;-1;1;3;0;228;1;2;1;X;1;X;X;1;X;X;X;X;2;X;2;X;X;2;X;X;X;X;1.0;1.0;2.0;2.0;1.0;1.0;1.0;2.0;2.0;1.0;0.0;1.0;1.0;2.0;1.0;0.0;1.0;1.0;2.0;1.0
2023/24;Domenica;28;Gennaio;Lazio;Napoli;0;0;False;True;False;0;0;X;1;1;228;X;X;X;1;X;1;X;X;X;X;X;X;X;2;X;2;X;X;X;X;X;X;0.0;1.0;1.0;2.0;2.0;0.0;1.0;1.0;2.0;2.0;0.0;0.0;1.0;1.0;2.0;0.0;0.0;1.0;1.0;2.0
2023/24;Domenica;28;Gennaio;Fiorentina;Inter;0;1;False;False;True;-1;1;2;0;3;228;2;1;2;X;1;X;1;2;X;X;X;X;1;X;2;X;2;1;X;X;X;X;0.0;0.0;1.0;1.0;2.0;0.0;0.0;1.0;1.0;2.0;1.0;0.0;0.0;1.0;1.0;1.0;0.0;0.0;1.0;1.0
2023/24;Lunedì;29;Gennaio;Salernitana;Roma;1;2;False;False;True;-1;1;2;0;3;228;2;1;2;2;X;1;X;2;X;X;X;X;1;1;X;2;X;1;X;X;X;X;1.0;0.0;0.0;1.0;1.0;1.0;0.0;0.0;1.0;1.0;2.0;1.0;0.0;0.0;1.0;2.0;1.0;0.0;0.0;1.0
2023/24;Venerdì;2;Febbraio;Lecce;Fiorentina;3;2;True;False;False;1;-1;1;3;0;228;1;2;1;2;2;X;1;1;X;X;X;X;2;1;1;X;2;2;X;X;X;X;3.0;1.0;0.0;0.0;1.0;3.0;1.0;0.0;0.0;1.0;2.0;2.0;1.0;0.0;0.0;2.0;2.0;1.0;0.0;0.0
2023/24;Sabato;3;Febbraio;Empoli;Genoa;0;0;False;True;False;0;0;X;1;1;228;X;X;X;1;2;2;X;X;X;X;X;X;X;2;1;1;X;X;X;X;X;X;0.0;3.0;1.0;0.0;0.0;0.0;3.0;1.0;0.0;0.0;0.0;2.0;2.0;1.0;0.0;0.0;2.0;2.0;1.0;0.0
2023/24;Sabato;3;Febbraio;Udinese;Monza;0;0;False;True;False;0;0;X;1;1;228;X;X;X;X;1;2;2;X;X;X;X;X;X;X;2;1;1;X;X;X;X;X;0.0;0.0;3.0;1.0;0.0;0.0;0.0;3.0;1.0;0.0;0.0;0.0;2.0;2.0;1.0;0.0;0.0;2.0;2.0;1.0
2023/24;Sabato;3;Febbraio;Frosinone;Milan;2;3;False;False;True;-1;1;2;0;3;228;2;1;2;X;X;1;2;2;X;X;X;X;1;X;X;2;1;1;X;X;X;X;2.0;0.0;0.0;3.0;1.0;2.0;0.0;0.0;3.0;1.0;3.0;0.0;0.0;2.0;2.0;3.0;0.0;0.0;2.0;2.0
2023/24;Sabato;3;Febbraio;Bologna;Sassuolo;4;2;True;False;False;1;-1;1;3;0;228;1;2;1;2;X;X;1;1;X;X;X;X;2;1;X;X;2;2;X;X;X;X;4.0;2.0;0.0;0.0;3.0;4.0;2.0;0.0;0.0;3.0;2.0;3.0;0.0;0.0;2.0;2.0;3.0;0.0;0.0;2.0
2023/24;Domenica;4;Febbraio;Torino;Salernitana;0;0;False;True;False;0;0;X;1;1;228;X;X;X;1;2;X;X;X;X;X;X;X;X;2;1;X;X;X;X;X;X;X;0.0;4.0;2.0;0.0;0.0;0.0;4.0;2.0;0.0;0.0;0.0;2.0;3.0;0.0;0.0;0.0;2.0;3.0;0.0;0.0
2023/24;Domenica;4;Febbraio;Napoli;Hellas Verona;2;1;True;False;False;1;-1;1;3;0;228;1;2;1;X;1;2;X;1;X;X;X;X;2;X;2;1;X;2;X;X;X;X;2.0;0.0;4.0;2.0;0.0;2.0;0.0;4.0;2.0;0.0;1.0;0.0;2.0;3.0;0.0;1.0;0.0;2.0;3.0;0.0
2023/24;Domenica;4;Febbraio;Atalanta;Lazio;3;1;True;False;False;1;-1;1;3;0;228;1;2;1;1;X;1;2;1;X;X;X;X;2;2;X;2;1;2;X;X;X;X;3.0;2.0;0.0;4.0;2.0;3.0;2.0;0.0;4.0;2.0;1.0;1.0;0.0;2.0;3.0;1.0;1.0;0.0;2.0;3.0
2023/24;Domenica;4;Febbraio;Inter;Juventus;1;0;True;False;False;1;-1;1;3;0;228;1;2;1;1;1;X;1;1;X;X;X;X;2;2;2;X;2;2;X;X;X;X;1.0;3.0;2.0;0.0;4.0;1.0;3.0;2.0;0.0;4.0;0.0;1.0;1.0;0.0;2.0;0.0;1.0;1.0;0.0;2.0
2023/24;Lunedì;5;Febbraio;Roma;Cagliari;4;0;True;False;False;1;-1;1;3;0;228;1;2;1;1;1;1;X;1;X;X;X;X;2;2;2;2;X;2;X;X;X;X;4.0;1.0;3.0;2.0;0.0;4.0;1.0;3.0;2.0;0.0;0.0;0.0;1.0;1.0;0.0;0.0;0.0;1.0;1.0;0.0
2023/24;Venerdì;9;Febbraio;Salernitana;Empoli;1;3;False;False;True;-1;1;2;0;3;228;2;1;2;1;1;1;1;2;X;X;X;X;1;2;2;2;2;1;X;X;X;X;1.0;4.0;1.0;3.0;2.0;1.0;4.0;1.0;3.0;2.0;3.0;0.0;0.0;1.0;1.0;3.0;0.0;0.0;1.0;1.0
2023/24;Sabato;10;Febbraio;Cagliari;Lazio;1;3;False;False;True;-1;1;2;0;3;228;2;1;2;2;1;1;1;2;X;X;X;X;1;1;2;2;2;1;X;X;X;2;1.0;1.0;4.0;1.0;3.0;1.0;1.0;4.0;1.0;3.0;3.0;3.0;0.0;0.0;1.0;3.0;3.0;0.0;0.0;1.0
2023/24;Sabato;10;Febbraio;Roma;Inter;2;4;False;False;True;-1;1;2;0;3;228;2;1;2;2;2;1;1;2;X;X;1;X;1;1;1;2;2;1;X;X;X;X;2.0;1.0;1.0;4.0;1.0;2.0;1.0;1.0;4.0;1.0;4.0;3.0;3.0;0.0;0.0;4.0;3.0;3.0;0.0;0.0
2023/24;Sabato;10;Febbraio;Sassuolo;Torino;1;1;False;True;False;0;0;X;1;1;228;X;X;X;2;2;2;1;X;X;X;X;X;X;1;1;1;2;X;X;X;X;X;1.0;2.0;1.0;1.0;4.0;1.0;2.0;1.0;1.0;4.0;1.0;4.0;3.0;3.0;0.0;1.0;4.0;3.0;3.0;0.0
2023/24;Domenica;11;Febbraio;Fiorentina;Frosinone;5;1;True;False;False;1;-1;1;3;0;228;1;2;1;X;2;2;2;1;X;X;X;X;2;X;1;1;1;2;X;X;X;X;5.0;1.0;2.0;1.0;1.0;5.0;1.0;2.0;1.0;1.0;1.0;1.0;4.0;3.0;3.0;1.0;1.0;4.0;3.0;3.0
2023/24;Domenica;11;Febbraio;Bologna;Lecce;4;0;True;False;False;1;-1;1;3;0;228;1;2;1;1;X;2;2;1;X;X;X;X;2;2;X;1;1;2;X;X;X;X;4.0;5.0;1.0;2.0;1.0;4.0;5.0;1.0;2.0;1.0;0.0;1.0;1.0;4.0;3.0;0.0;1.0;1.0;4.0;3.0
2023/24;Domenica;11;Febbraio;Monza;Hellas Verona;0;0;False;True;False;0;0;X;1;1;228;X;X;X;1;1;X;2;X;X;X;X;X;X;2;2;X;1;X;X;X;X;X;0.0;4.0;5.0;1.0;2.0;0.0;4.0;5.0;1.0;2.0;0.0;0.0;1.0;1.0;4.0;0.0;0.0;1.0;1.0;4.0
2023/24;Domenica;11;Febbraio;Genoa;Atalanta;1;4;False;False;True;-1;1;2;0;3;228;2;1;2;X;1;1;X;2;X;X;X;X;1;X;2;2;X;1;X;X;X;X;1.0;0.0;4.0;5.0;1.0;1.0;0.0;4.0;5.0;1.0;4.0;0.0;0.0;1.0;1.0;4.0;0.0;0.0;1.0;1.0
2023/24;Domenica;11;Febbraio;Milan;Napoli;1;0;True;False;False;1;-1;1;3;0;228;1;2;1;2;X;1;1;1;X;X;X;X;2;1;X;2;2;2;X;X;X;X;1.0;1.0;0.0;4.0;5.0;1.0;1.0;0.0;4.0;5.0;0.0;4.0;0.0;0.0;1.0;0.0;4.0;0.0;0.0;1.0
2023/24;Lunedì;12;Febbraio;Juventus;Udinese;0;1;False;False;True;-1;1;2;0;3;228;2;1;2;1;2;X;1;2;X;X;X;X;1;2;1;X;2;1;X;X;X;X;0.0;1.0;1.0;0.0;4.0;0.0;1.0;1.0;0.0;4.0;1.0;0.0;4.0;0.0;0.0;1.0;0.0;4.0;0.0;0.0
2023/24;Mercoledì;14;Febbraio;Bologna;Fiorentina;2;0;True;False;False;1;-1;1;3;0;228;1;2;1;2;1;2;X;1;X;X;X;X;2;1;2;1;X;2;X;X;X;X;2.0;0.0;1.0;1.0;0.0;2.0;0.0;1.0;1.0;0.0;0.0;1.0;0.0;4.0;0.0;0.0;1.0;0.0;4.0;0.0
2023/24;Venerdì;16;Febbraio;Torino;Lecce;2;0;True;False;False;1;-1;1;3;0;228;1;2;1;1;2;1;2;1;X;X;X;X;2;2;1;2;1;2;X;X;X;X;2.0;2.0;0.0;1.0;1.0;2.0;2.0;0.0;1.0;1.0;0.0;0.0;1.0;0.0;4.0;0.0;0.0;1.0;0.0;4.0
2023/24;Venerdì;16;Febbraio;Inter;Salernitana;4;0;True;False;False;1;-1;1;3;0;228;1;2;1;1;1;2;1;1;X;X;X;X;2;2;2;1;2;2;X;X;X;X;4.0;2.0;2.0;0.0;1.0;4.0;2.0;2.0;0.0;1.0;0.0;0.0;0.0;1.0;0.0;0.0;0.0;0.0;1.0;0.0
2023/24;Sabato;17;Febbraio;Napoli;Genoa;1;1;False;True;False;0;0;X;1;1;228;X;X;X;1;1;1;2;X;X;X;X;X;X;2;2;2;1;X;X;X;X;X;1.0;4.0;2.0;2.0;0.0;1.0;4.0;2.0;2.0;0.0;1.0;0.0;0.0;0.0;1.0;1.0;0.0;0.0;0.0;1.0
2023/24;Sabato;17;Febbraio;Hellas Verona;Juventus;2;2;False;True;False;0;0;X;1;1;228;X;X;X;X;1;1;1;X;X;X;X;X;X;X;2;2;2;X;X;X;X;X;2.0;1.0;4.0;2.0;2.0;2.0;1.0;4.0;2.0;2.0;2.0;1.0;0.0;0.0;0.0;2.0;1.0;0.0;0.0;0.0
2023/24;Sabato;17;Febbraio;Atalanta;Sassuolo;3;0;True;False;False;1;-1;1;3;0;228;1;2;1;X;X;1;1;1;X;X;X;X;2;X;X;2;2;2;X;X;X;X;3.0;2.0;1.0;4.0;2.0;3.0;2.0;1.0;4.0;2.0;0.0;2.0;1.0;0.0;0.0;0.0;2.0;1.0;0.0;0.0
2023/24;Domenica;18;Febbraio;Lazio;Bologna;1;2;False;False;True;-1;1;2;0;3;228;2;1;2;1;X;X;1;2;X;X;X;X;1;2;X;X;2;1;X;X;X;X;1.0;3.0;2.0;1.0;4.0;1.0;3.0;2.0;1.0;4.0;2.0;0.0;2.0;1.0;0.0;2.0;0.0;2.0;1.0;0.0
2023/24;Domenica;18;Febbraio;Empoli;Fiorentina;1;1;False;True;False;0;0;X;1;1;228;X;X;X;2;1;X;X;X;X;X;X;X;X;1;2;X;X;X;X;X;X;X;1.0;1.0;3.0;2.0;1.0;1.0;1.0;3.0;2.0;1.0;1.0;2.0;0.0;2.0;1.0;1.0;2.0;0.0;2.0;1.0
2023/24;Domenica;18;Febbraio;Udinese;Cagliari;1;1;False;True;False;0;0;X;1;1;228;X;X;X;X;2;1;X;X;X;X;X;X;X;X;1;2;X;X;X;X;X;X;1.0;1.0;1.0;3.0;2.0;1.0;1.0;1.0;3.0;2.0;1.0;1.0;2.0;0.0;2.0;1.0;1.0;2.0;0.0;2.0
2023/24;Domenica;18;Febbraio;Frosinone;Roma;0;3;False;False;True;-1;1;2;0;3;228;2;1;2;X;X;2;1;2;X;X;X;X;1;X;X;1;2;1;X;X;X;X;0.0;1.0;1.0;1.0;3.0;0.0;1.0;1.0;1.0;3.0;3.0;1.0;1.0;2.0;0.0;3.0;1.0;1.0;2.0;0.0
2023/24;Domenica;18;Febbraio;Monza;Milan;4;2;True;False;False;1;-1;1;3;0;228;1;2;1;2;X;X;2;1;X;X;X;X;2;1;X;X;1;2;X;X;X;X;4.0;0.0;1.0;1.0;1.0;4.0;0.0;1.0;1.0;1.0;2.0;3.0;1.0;1.0;2.0;2.0;3.0;1.0;1.0;2.0
2023/24;Giovedì;22;Febbraio;Torino;Lazio;0;2;False;False;True;-1;1;2;0;3;228;2;1;2;1;2;X;X;2;X;X;X;X;1;2;1;X;X;1;X;X;X;X;0.0;4.0;0.0;1.0;1.0;0.0;4.0;0.0;1.0;1.0;2.0;2.0;3.0;1.0;1.0;2.0;2.0;3.0;1.0;1.0
2023/24;Venerdì;23;Febbraio;Bologna;Hellas Verona;2;0;True;False;False;1;-1;1;3;0;228;1;2;1;2;1;2;X;1;X;X;X;X;2;1;2;1;X;2;X;X;X;X;2.0;0.0;4.0;0.0;1.0;2.0;0.0;4.0;0.0;1.0;0.0;2.0;2.0;3.0;1.0;0.0;2.0;2.0;3.0;1.0
2023/24;Sabato;24;Febbraio;Sassuolo;Empoli;2;3;False;False;True;-1;1;2;0;3;228;2;1;2;1;2;1;2;2;X;X;X;X;1;2;1;2;1;1;X;X;X;X;2.0;2.0;0.0;4.0;0.0;2.0;2.0;0.0;4.0;0.0;3.0;0.0;2.0;2.0;3.0;3.0;0.0;2.0;2.0;3.0
2023/24;Sabato;24;Febbraio;Salernitana;Monza;0;2;False;False;True;-1;1;2;0;3;228;2;1;2;2;1;2;1;2;X;X;X;X;1;1;2;1;2;1;X;X;X;X;0.0;2.0;2.0;0.0;4.0;0.0;2.0;2.0;0.0;4.0;2.0;3.0;0.0;2.0;2.0;2.0;3.0;0.0;2.0;2.0
2023/24;Sabato;24;Febbraio;Genoa;Udinese;2;0;True;False;False;1;-1;1;3;0;228;1;2;1;2;2;1;2;1;X;X;X;X;2;1;1;2;1;2;X;X;X;X;2.0;0.0;2.0;2.0;0.0;2.0;0.0;2.0;2.0;0.0;0.0;2.0;3.0;0.0;2.0;0.0;2.0;3.0;0.0;2.0
2023/24;Domenica;25;Febbraio;Juventus;Frosinone;3;2;True;False;False;1;-1;1;3;0;228;1;2;1;1;2;2;1;1;X;X;X;X;2;2;1;1;2;2;X;X;X;X;3.0;2.0;0.0;2.0;2.0;3.0;2.0;0.0;2.0;2.0;2.0;0.0;2.0;3.0;0.0;2.0;0.0;2.0;3.0;0.0
2023/24;Domenica;25;Febbraio;Cagliari;Napoli;1;1;False;True;False;0;0;X;1;1;228;X;X;X;1;1;2;2;X;X;X;X;X;X;2;2;1;1;X;X;X;X;X;1.0;3.0;2.0;0.0;2.0;1.0;3.0;2.0;0.0;2.0;1.0;2.0;0.0;2.0;3.0;1.0;2.0;0.0;2.0;3.0
2023/24;Domenica;25;Febbraio;Lecce;Inter;0;4;False;False;True;-1;1;2;0;3;228;2;1;2;X;1;1;2;2;X;X;X;X;1;X;2;2;1;1;X;X;X;X;0.0;1.0;3.0;2.0;0.0;0.0;1.0;3.0;2.0;0.0;4.0;1.0;2.0;0.0;2.0;4.0;1.0;2.0;0.0;2.0
2023/24;Domenica;25;Febbraio;Milan;Atalanta;1;1;False;True;False;0;0;X;1;1;228;X;X;X;2;X;1;1;X;X;X;X;X;X;1;X;2;2;X;X;X;X;X;1.0;0.0;1.0;3.0;2.0;1.0;0.0;1.0;3.0;2.0;1.0;4.0;1.0;2.0;0.0;1.0;4.0;1.0;2.0;0.0
2023/24;Lunedì;26;Febbraio;Roma;Torino;3;2;True;False;False;1;-1;1;3;0;228;1;2;1;X;2;X;1;1;X;X;X;X;2;X;1;X;2;2;X;X;X;X;3.0;1.0;0.0;1.0;3.0;3.0;1.0;0.0;1.0;3.0;2.0;1.0;4.0;1.0;2.0;2.0;1.0;4.0;1.0;2.0
2023/24;Lunedì;26;Febbraio;Fiorentina;Lazio;2;1;True;False;False;1;-1;1;3;0;228;1;2;1;1;X;2;X;1;X;X;X;X;2;2;X;1;X;2;X;X;X;X;2.0;3.0;1.0;0.0;1.0;2.0;3.0;1.0;0.0;1.0;1.0;2.0;1.0;4.0;1.0;1.0;2.0;1.0;4.0;1.0
2023/24;Mercoledì;28;Febbraio;Sassuolo;Napoli;1;6;False;False;True;-1;1;2;0;3;228;2;1;2;1;1;X;2;2;X;X;X;X;1;2;2;X;1;1;X;X;X;X;1.0;2.0;3.0;1.0;0.0;1.0;2.0;3.0;1.0;0.0;6.0;1.0;2.0;1.0;4.0;6.0;1.0;2.0;1.0;4.0
2023/24;Mercoledì;28;Febbraio;Inter;Atalanta;4;0;True;False;False;1;-1;1;3;0;228;1;2;1;2;1;1;X;1;X;X;X;X;2;1;2;2;X;2;X;X;X;X;4.0;1.0;2.0;3.0;1.0;4.0;1.0;2.0;3.0;1.0;0.0;6.0;1.0;2.0;1.0;0.0;6.0;1.0;2.0;1.0
2023/24;Venerdì;1;Marzo;Lazio;Milan;0;1;False;False;True;-1;1;2;0;3;228;2;1;2;1;2;1;1;2;X;X;X;X;1;2;1;2;2;1;X;X;X;X;0.0;4.0;1.0;2.0;3.0;0.0;4.0;1.0;2.0;3.0;1.0;0.0;6.0;1.0;2.0;1.0;0.0;6.0;1.0;2.0
2023/24;Sabato;2;Marzo;Udinese;Salernitana;1;1;False;True;False;0;0;X;1;1;228;X;X;X;2;1;2;1;X;X;X;X;X;X;1;2;1;2;X;X;X;X;X;1.0;0.0;4.0;1.0;2.0;1.0;0.0;4.0;1.0;2.0;1.0;1.0;0.0;6.0;1.0;1.0;1.0;0.0;6.0;1.0
2023/24;Sabato;2;Marzo;Monza;Roma;1;4;False;False;True;-1;1;2;0;3;228;2;1;2;X;2;1;2;2;X;X;X;X;1;X;1;2;1;1;X;X;X;X;1.0;1.0;0.0;4.0;1.0;1.0;1.0;0.0;4.0;1.0;4.0;1.0;1.0;0.0;6.0;4.0;1.0;1.0;0.0;6.0
2023/24;Sabato;2;Marzo;Torino;Fiorentina;0;0;False;True;False;0;0;X;1;1;228;X;X;X;2;X;2;1;X;X;X;X;X;X;1;X;1;2;X;X;X;X;X;0.0;1.0;1.0;0.0;4.0;0.0;1.0;1.0;0.0;4.0;0.0;4.0;1.0;1.0;0.0;0.0;4.0;1.0;1.0;0.0
2023/24;Domenica;3;Marzo;Hellas Verona;Sassuolo;1;0;True;False;False;1;-1;1;3;0;228;1;2;1;X;2;X;2;1;X;X;X;X;2;X;1;X;1;2;X;X;X;X;1.0;0.0;1.0;1.0;0.0;1.0;0.0;1.0;1.0;0.0;0.0;0.0;4.0;1.0;1.0;0.0;0.0;4.0;1.0;1.0
2023/24;Domenica;3;Marzo;Empoli;Cagliari;0;1;False;False;True;-1;1;2;0;3;228;2;1;2;1;X;2;X;2;X;X;X;X;1;2;X;1;X;1;X;X;X;X;0.0;1.0;0.0;1.0;1.0;0.0;1.0;0.0;1.0;1.0;1.0;0.0;0.0;4.0;1.0;1.0;0.0;0.0;4.0;1.0
2023/24;Domenica;3;Marzo;Frosinone;Lecce;1;1;False;True;False;0;0;X;1;1;228;X;X;X;2;1;X;2;X;X;X;X;X;X;1;2;X;1;X;X;X;X;X;1.0;0.0;1.0;0.0;1.0;1.0;0.0;1.0;0.0;1.0;1.0;1.0;0.0;0.0;4.0;1.0;1.0;0.0;0.0;4.0
2023/24;Domenica;3;Marzo;Atalanta;Bologna;1;2;False;False;True;-1;1;2;0;3;228;2;1;2;X;2;1;X;2;X;X;X;X;1;X;1;2;X;1;X;X;X;X;1.0;1.0;0.0;1.0;0.0;1.0;1.0;0.0;1.0;0.0;2.0;1.0;1.0;0.0;0.0;2.0;1.0;1.0;0.0;0.0
2023/24;Domenica;3;Marzo;Napoli;Juventus;2;1;True;False;False;1;-1;1;3;0;228;1;2;1;2;X;2;1;1;X;X;X;X;2;1;X;1;2;2;X;X;X;X;2.0;1.0;1.0;0.0;1.0;2.0;1.0;1.0;0.0;1.0;1.0;2.0;1.0;1.0;0.0;1.0;2.0;1.0;1.0;0.0
2023/24;Lunedì;4;Marzo;Inter;Genoa;2;1;True;False;False;1;-1;1;3;0;228;1;2;1;1;2;X;2;1;X;X;X;X;2;2;1;X;1;2;X;X;X;X;2.0;2.0;1.0;1.0;0.0;2.0;2.0;1.0;1.0;0.0;1.0;1.0;2.0;1.0;1.0;1.0;1.0;2.0;1.0;1.0
2023/24;Venerdì;8;Marzo;Napoli;Torino;1;1;False;True;False;0;0;X;1;1;228;X;X;X;1;1;2;X;X;X;1;X;X;X;2;2;1;X;X;X;X;X;X;1.0;2.0;2.0;1.0;1.0;1.0;2.0;2.0;1.0;1.0;1.0;1.0;1.0;2.0;1.0;1.0;1.0;1.0;2.0;1.0
2023/24;Sabato;9;Marzo;Cagliari;Salernitana;4;2;True;False;False;1;-1;1;3;0;228;1;2;1;X;1;1;2;1;X;X;X;X;2;X;2;2;1;2;X;X;X;X;4.0;1.0;2.0;2.0;1.0;4.0;1.0;2.0;2.0;1.0;2.0;1.0;1.0;1.0;2.0;2.0;1.0;1.0;1.0;2.0
2023/24;Sabato;9;Marzo;Sassuolo;Frosinone;1;0;True;False;False;1;-1;1;3;0;228;1;2;1;1;X;1;1;1;X;X;X;X;2;2;X;2;2;2;X;X;X;X;1.0;4.0;1.0;2.0;2.0;1.0;4.0;1.0;2.0;2.0;0.0;2.0;1.0;1.0;1.0;0.0;2.0;1.0;1.0;1.0
2023/24;Sabato;9;Marzo;Bologna;Inter;0;1;False;False;True;-1;1;2;0;3;228;2;1;2;1;1;X;1;2;X;X;X;X;1;2;2;X;2;1;X;X;X;X;0.0;1.0;4.0;1.0;2.0;0.0;1.0;4.0;1.0;2.0;1.0;0.0;2.0;1.0;1.0;1.0;0.0;2.0;1.0;1.0
2023/24;Sabato;9;Marzo;Genoa;Monza;2;3;False;False;True;-1;1;2;0;3;228;2;1;2;2;1;1;X;2;X;X;X;X;1;1;2;2;X;1;X;X;X;X;2.0;0.0;1.0;4.0;1.0;2.0;0.0;1.0;4.0;1.0;3.0;1.0;0.0;2.0;1.0;3.0;1.0;0.0;2.0;1.0
2023/24;Domenica;10;Marzo;Lecce;Hellas Verona;0;1;False;False;True;-1;1;2;0;3;228;2;1;2;2;2;1;1;2;X;X;X;X;1;1;1;2;2;1;X;X;X;X;0.0;2.0;0.0;1.0;4.0;0.0;2.0;0.0;1.0;4.0;1.0;3.0;1.0;0.0;2.0;1.0;3.0;1.0;0.0;2.0
2023/24;Domenica;10;Marzo;Milan;Empoli;1;0;True;False;False;1;-1;1;3;0;228;1;2;1;2;2;2;1;1;X;X;X;X;2;1;1;1;2;2;X;X;X;X;1.0;0.0;2.0;0.0;1.0;1.0;0.0;2.0;0.0;1.0;0.0;1.0;3.0;1.0;0.0;0.0;1.0;3.0;1.0;0.0
2023/24;Domenica;10;Marzo;Juventus;Atalanta;2;2;False;True;False;0;0;X;1;1;228;X;X;X;1;2;2;2;X;X;X;X;X;X;2;1;1;1;X;X;X;X;X;2.0;1.0;0.0;2.0;0.0;2.0;1.0;0.0;2.0;0.0;2.0;0.0;1.0;3.0;1.0;2.0;0.0;1.0;3.0;1.0
2023/24;Domenica;10;Marzo;Fiorentina;Roma;2;2;False;True;False;0;0;X;1;1;228;X;X;X;X;1;2;2;X;X;X;X;X;X;X;2;1;1;X;X;X;X;X;2.0;2.0;1.0;0.0;2.0;2.0;2.0;1.0;0.0;2.0;2.0;2.0;0.0;1.0;3.0;2.0;2.0;0.0;1.0;3.0
2023/24;Lunedì;11;Marzo;Lazio;Udinese;1;2;False;False;True;-1;1;2;0;3;228;2;1;2;X;X;1;2;2;X;X;X;X;1;X;X;2;1;1;X;X;X;X;1.0;2.0;2.0;1.0;0.0;1.0;2.0;2.0;1.0;0.0;2.0;2.0;2.0;0.0;1.0;2.0;2.0;2.0;0.0;1.0
2023/24;Venerdì;15;Marzo;Empoli;Bologna;0;1;False;False;True;-1;1;2;0;3;228;2;1;2;2;X;X;1;2;X;X;X;X;1;1;X;X;2;1;X;X;X;X;0.0;1.0;2.0;2.0;1.0;0.0;1.0;2.0;2.0;1.0;1.0;2.0;2.0;2.0;0.0;1.0;2.0;2.0;2.0;0.0
2023/24;Sabato;16;Marzo;Monza;Cagliari;1;0;True;False;False;1;-1;1;3;0;228;1;2;1;2;2;X;X;1;X;X;X;X;2;1;1;X;X;2;X;X;X;X;1.0;0.0;1.0;2.0;2.0;1.0;0.0;1.0;2.0;2.0;0.0;1.0;2.0;2.0;2.0;0.0;1.0;2.0;2.0;2.0
2023/24;Sabato;16;Marzo;Udinese;Torino;0;2;False;False;True;-1;1;2;0;3;228;2;1;2;1;2;2;X;2;X;X;X;X;1;2;1;1;X;1;X;X;X;X;0.0;1.0;0.0;1.0;2.0;0.0;1.0;0.0;1.0;2.0;2.0;0.0;1.0;2.0;2.0;2.0;0.0;1.0;2.0;2.0
2023/24;Sabato;16;Marzo;Salernitana;Lecce;0;1;False;False;True;-1;1;2;0;3;228;2;1;2;2;1;2;2;2;X;X;X;X;1;1;2;1;1;1;X;X;X;X;0.0;0.0;1.0;0.0;1.0;0.0;0.0;1.0;0.0;1.0;1.0;2.0;0.0;1.0;2.0;1.0;2.0;0.0;1.0;2.0
2023/24;Sabato;16;Marzo;Frosinone;Lazio;2;3;False;False;True;-1;1;2;0;3;228;2;1;2;2;2;1;2;2;X;X;X;X;1;1;1;2;1;1;X;X;X;X;2.0;0.0;0.0;1.0;0.0;2.0;0.0;0.0;1.0;0.0;3.0;1.0;2.0;0.0;1.0;3.0;1.0;2.0;0.0;1.0
2023/24;Domenica;17;Marzo;Juventus;Genoa;0;0;False;True;False;0;0;X;1;1;228;X;X;X;2;2;2;1;X;X;X;X;X;X;1;1;1;2;X;X;X;X;X;0.0;2.0;0.0;0.0;1.0;0.0;2.0;0.0;0.0;1.0;0.0;3.0;1.0;2.0;0.0;0.0;3.0;1.0;2.0;0.0
2023/24;Domenica;17;Marzo;Hellas Verona;Milan;1;3;False;False;True;-1;1;2;0;3;228;2;1;2;X;2;2;2;2;X;X;X;X;1;X;1;1;1;1;X;X;X;X;1.0;0.0;2.0;0.0;0.0;1.0;0.0;2.0;0.0;0.0;3.0;0.0;3.0;1.0;2.0;3.0;0.0;3.0;1.0;2.0
2023/24;Domenica;17;Marzo;Roma;Sassuolo;1;0;True;False;False;1;-1;1;3;0;228;1;2;1;2;X;2;2;1;X;X;X;X;2;1;X;1;1;2;X;X;X;X;1.0;1.0;0.0;2.0;0.0;1.0;1.0;0.0;2.0;0.0;0.0;3.0;0.0;3.0;1.0;0.0;3.0;0.0;3.0;1.0
2023/24;Domenica;17;Marzo;Inter;Napoli;1;1;False;True;False;0;0;X;1;1;228;X;X;X;1;2;X;2;X;X;X;X;X;X;2;1;X;1;X;X;X;X;X;1.0;1.0;1.0;0.0;2.0;1.0;1.0;1.0;0.0;2.0;1.0;0.0;3.0;0.0;3.0;1.0;0.0;3.0;0.0;3.0
2023/24;Sabato;30;Marzo;Napoli;Atalanta;0;3;False;False;True;-1;1;2;0;3;228;2;1;2;X;1;2;X;2;X;X;X;X;1;X;2;1;X;1;X;X;X;X;0.0;1.0;1.0;1.0;0.0;0.0;1.0;1.0;1.0;0.0;3.0;1.0;0.0;3.0;0.0;3.0;1.0;0.0;3.0;0.0
2023/24;Sabato;30;Marzo;Genoa;Frosinone;1;1;False;True;False;0;0;X;1;1;228;X;X;X;2;X;1;2;X;X;X;X;X;X;1;X;2;1;X;X;X;X;X;1.0;0.0;1.0;1.0;1.0;1.0;0.0;1.0;1.0;1.0;1.0;3.0;1.0;0.0;3.0;1.0;3.0;1.0;0.0;3.0
2023/24;Sabato;30;Marzo;Torino;Monza;1;0;True;False;False;1;-1;1;3;0;228;1;2;1;X;2;X;1;1;X;X;X;X;2;X;1;X;2;2;X;X;X;X;1.0;1.0;0.0;1.0;1.0;1.0;1.0;0.0;1.0;1.0;0.0;1.0;3.0;1.0;0.0;0.0;1.0;3.0;1.0;0.0
2023/24;Sabato;30;Marzo;Lazio;Juventus;1;0;True;False;False;1;-1;1;3;0;228;1;2;1;1;X;2;X;1;X;X;X;X;2;2;X;1;X;2;X;X;X;X;1.0;1.0;1.0;0.0;1.0;1.0;1.0;1.0;0.0;1.0;0.0;0.0;1.0;3.0;1.0;0.0;0.0;1.0;3.0;1.0
2023/24;Sabato;30;Marzo;Fiorentina;Milan;1;2;False;False;True;-1;1;2;0;3;228;2;1;2;1;1;X;2;2;X;X;X;X;1;2;2;X;1;1;X;X;X;X;1.0;1.0;1.0;1.0;0.0;1.0;1.0;1.0;1.0;0.0;2.0;0.0;0.0;1.0;3.0;2.0;0.0;0.0;1.0;3.0
2023/24;Lunedì;1;Aprile;Bologna;Salernitana;3;0;True;False;False;1;-1;1;3;0;228;1;2;1;2;1;1;X;1;X;X;X;X;2;1;2;2;X;2;X;X;X;X;3.0;1.0;1.0;1.0;1.0;3.0;1.0;1.0;1.0;1.0;0.0;2.0;0.0;0.0;1.0;0.0;2.0;0.0;0.0;1.0
2023/24;Lunedì;1;Aprile;Cagliari;Hellas Verona;1;1;False;True;False;0;0;X;1;1;228;X;X;X;1;2;1;1;X;X;X;X;X;X;2;1;2;2;X;X;X;X;X;1.0;3.0;1.0;1.0;1.0;1.0;3.0;1.0;1.0;1.0;1.0;0.0;2.0;0.0;0.0;1.0;0.0;2.0;0.0;0.0
2023/24;Lunedì;1;Aprile;Sassuolo;Udinese;1;1;False;True;False;0;0;X;1;1;228;X;X;X;X;1;2;1;X;X;X;X;X;X;X;2;1;2;X;X;X;X;X;1.0;1.0;3.0;1.0;1.0;1.0;1.0;3.0;1.0;1.0;1.0;1.0;0.0;2.0;0.0;1.0;1.0;0.0;2.0;0.0
2023/24;Lunedì;1;Aprile;Lecce;Roma;0;0;False;True;False;0;0;X;1;1;228;X;X;X;X;X;1;2;X;X;X;X;X;X;X;X;2;1;X;X;X;X;X;0.0;1.0;1.0;3.0;1.0;0.0;1.0;1.0;3.0;1.0;0.0;1.0;1.0;0.0;2.0;0.0;1.0;1.0;0.0;2.0
2023/24;Lunedì;1;Aprile;Inter;Empoli;2;0;True;False;False;1;-1;1;3;0;228;1;2;1;X;X;X;1;1;X;X;X;X;2;X;X;X;2;2;X;X;X;X;2.0;0.0;1.0;1.0;3.0;2.0;0.0;1.0;1.0;3.0;0.0;0.0;1.0;1.0;0.0;0.0;0.0;1.0;1.0;0.0
2023/24;Venerdì;5;Aprile;Salernitana;Sassuolo;2;2;False;True;False;0;0;X;1;1;228;X;X;X;1;X;X;X;X;X;X;X;X;X;2;X;X;X;X;X;X;X;X;2.0;2.0;0.0;1.0;1.0;2.0;2.0;0.0;1.0;1.0;2.0;0.0;0.0;1.0;1.0;2.0;0.0;0.0;1.0;1.0
2023/24;Sabato;6;Aprile;Milan;Lecce;3;0;True;False;False;1;-1;1;3;0;228;1;2;1;X;1;X;X;1;X;X;X;X;2;X;2;X;X;2;X;X;X;X;3.0;2.0;2.0;0.0;1.0;3.0;2.0;2.0;0.0;1.0;0.0;2.0;0.0;0.0;1.0;0.0;2.0;0.0;0.0;1.0
2023/24;Sabato;6;Aprile;Roma;Lazio;1;0;True;False;False;1;-1;1;3;0;228;1;2;1;1;X;1;X;1;X;X;X;X;2;2;X;2;X;2;X;X;X;X;1.0;3.0;2.0;2.0;0.0;1.0;3.0;2.0;2.0;0.0;0.0;0.0;2.0;0.0;0.0;0.0;0.0;2.0;0.0;0.0
2023/24;Sabato;6;Aprile;Empoli;Torino;3;2;True;False;False;1;-1;1;3;0;228;1;2;1;1;1;X;1;1;X;X;X;X;2;2;2;X;2;2;X;X;X;X;3.0;1.0;3.0;2.0;2.0;3.0;1.0;3.0;2.0;2.0;2.0;0.0;0.0;2.0;0.0;2.0;0.0;0.0;2.0;0.0
2023/24;Domenica;7;Aprile;Frosinone;Bologna;0;0;False;True;False;0;0;X;1;1;228;X;X;X;1;1;1;X;X;X;X;X;X;X;2;2;2;X;X;X;X;X;X;0.0;3.0;1.0;3.0;2.0;0.0;3.0;1.0;3.0;2.0;0.0;2.0;0.0;0.0;2.0;0.0;2.0;0.0;0.0;2.0
2023/24;Domenica;7;Aprile;Monza;Napoli;2;4;False;False;True;-1;1;2;0;3;228;2;1;2;X;1;1;1;2;X;X;X;X;1;X;2;2;2;1;X;X;X;X;2.0;0.0;3.0;1.0;3.0;2.0;0.0;3.0;1.0;3.0;4.0;0.0;2.0;0.0;0.0;4.0;0.0;2.0;0.0;0.0
2023/24;Domenica;7;Aprile;Cagliari;Atalanta;2;1;True;False;False;1;-1;1;3;0;228;1;2;1;2;X;1;1;1;X;X;X;X;2;1;X;2;2;2;X;X;X;X;2.0;2.0;0.0;3.0;1.0;2.0;2.0;0.0;3.0;1.0;1.0;4.0;0.0;2.0;0.0;1.0;4.0;0.0;2.0;0.0
2023/24;Domenica;7;Aprile;Hellas Verona;Genoa;1;2;False;False;True;-1;1;2;0;3;228;2;1;2;1;2;X;1;2;X;X;X;X;1;2;1;X;2;1;X;X;X;X;1.0;2.0;2.0;0.0;3.0;1.0;2.0;2.0;0.0;3.0;2.0;1.0;4.0;0.0;2.0;2.0;1.0;4.0;0.0;2.0
2023/24;Domenica;7;Aprile;Juventus;Fiorentina;1;0;True;False;False;1;-1;1;3;0;228;1;2;1;2;1;2;X;1;X;X;X;X;2;1;2;1;X;2;X;X;X;X;1.0;1.0;2.0;2.0;0.0;1.0;1.0;2.0;2.0;0.0;0.0;2.0;1.0;4.0;0.0;0.0;2.0;1.0;4.0;0.0
2023/24;Lunedì;8;Aprile;Udinese;Inter;1;2;False;False;True;-1;1;2;0;3;228;2;1;2;1;2;1;2;2;X;X;X;X;1;2;1;2;1;1;X;X;X;X;1.0;1.0;1.0;2.0;2.0;1.0;1.0;1.0;2.0;2.0;2.0;0.0;2.0;1.0;4.0;2.0;0.0;2.0;1.0;4.0
2023/24;Venerdì;12;Aprile;Lazio;Salernitana;4;1;True;False;False;1;-1;1;3;0;228;1;2;1;2;1;2;1;1;X;X;X;X;2;1;2;1;2;2;X;X;X;X;4.0;1.0;1.0;1.0;2.0;4.0;1.0;1.0;1.0;2.0;1.0;2.0;0.0;2.0;1.0;1.0;2.0;0.0;2.0;1.0
2023/24;Sabato;13;Aprile;Lecce;Empoli;1;0;True;False;False;1;-1;1;3;0;228;1;2;1;1;2;1;2;1;X;X;X;X;2;2;1;2;1;2;X;X;X;X;1.0;4.0;1.0;1.0;1.0;1.0;4.0;1.0;1.0;1.0;0.0;1.0;2.0;0.0;2.0;0.0;1.0;2.0;0.0;2.0
2023/24;Sabato;13;Aprile;Torino;Juventus;0;0;False;True;False;0;0;X;1;1;228;X;X;X;1;1;2;1;X;X;X;X;X;X;2;2;1;2;X;X;X;X;X;0.0;1.0;4.0;1.0;1.0;0.0;1.0;4.0;1.0;1.0;0.0;0.0;1.0;2.0;0.0;0.0;0.0;1.0;2.0;0.0
2023/24;Sabato;13;Aprile;Bologna;Monza;0;0;False;True;False;0;0;X;1;1;228;X;X;X;X;1;1;2;X;X;X;X;X;X;X;2;2;1;X;X;X;X;X;0.0;0.0;1.0;4.0;1.0;0.0;0.0;1.0;4.0;1.0;0.0;0.0;0.0;1.0;2.0;0.0;0.0;0.0;1.0;2.0
2023/24;Domenica;14;Aprile;Napoli;Frosinone;2;2;False;True;False;0;0;X;1;1;228;X;X;X;X;X;1;1;X;X;X;X;X;X;X;X;2;2;X;X;X;X;X;2.0;0.0;0.0;1.0;4.0;2.0;0.0;0.0;1.0;4.0;2.0;0.0;0.0;0.0;1.0;2.0;0.0;0.0;0.0;1.0
2023/24;Domenica;14;Aprile;Sassuolo;Milan;3;3;False;True;False;0;0;X;1;1;228;X;X;X;X;X;X;1;X;X;X;X;X;X;X;X;X;2;X;X;X;X;X;3.0;2.0;0.0;0.0;1.0;3.0;2.0;0.0;0.0;1.0;3.0;2.0;0.0;0.0;0.0;3.0;2.0;0.0;0.0;0.0
2023/24;Domenica;14;Aprile;Inter;Cagliari;2;2;False;True;False;0;0;X;1;1;228;X;X;X;X;X;X;X;X;X;X;X;X;X;X;X;X;X;X;X;X;X;X;2.0;3.0;2.0;0.0;0.0;2.0;3.0;2.0;0.0;0.0;2.0;3.0;2.0;0.0;0.0;2.0;3.0;2.0;0.0;0.0
2023/24;Lunedì;15;Aprile;Fiorentina;Genoa;1;1;False;True;False;0;0;X;1;1;228;X;X;X;X;X;X;X;X;X;X;X;X;X;X;X;X;X;X;X;X;X;X;1.0;2.0;3.0;2.0;0.0;1.0;2.0;3.0;2.0;0.0;1.0;2.0;3.0;2.0;0.0;1.0;2.0;3.0;2.0;0.0
2023/24;Lunedì;15;Aprile;Atalanta;Hellas Verona;2;2;False;True;False;0;0;X;1;1;228;X;X;X;X;X;X;X;X;X;X;X;X;X;X;X;X;X;X;X;X;X;X;2.0;1.0;2.0;3.0;2.0;2.0;1.0;2.0;3.0;2.0;2.0;1.0;2.0;3.0;2.0;2.0;1.0;2.0;3.0;2.0
2023/24;Venerdì;19;Aprile;Genoa;Lazio;0;1;False;False;True;-1;1;2;0;3;228;2;1;2;X;X;X;X;2;X;X;X;X;1;X;X;X;X;1;X;X;X;X;0.0;2.0;1.0;2.0;3.0;0.0;2.0;1.0;2.0;3.0;1.0;2.0;1.0;2.0;3.0;1.0;2.0;1.0;2.0;3.0
2023/24;Venerdì;19;Aprile;Cagliari;Juventus;2;2;False;True;False;0;0;X;1;1;228;X;X;X;2;X;X;X;X;X;X;X;X;X;1;X;X;X;X;X;X;X;X;2.0;0.0;2.0;1.0;2.0;2.0;0.0;2.0;1.0;2.0;2.0;1.0;2.0;1.0;2.0;2.0;1.0;2.0;1.0;2.0
2023/24;Sabato;20;Aprile;Empoli;Napoli;1;0;True;False;False;1;-1;1;3;0;228;1;2;1;X;2;X;X;1;X;X;X;X;2;X;1;X;X;2;X;X;X;X;1.0;2.0;0.0;2.0;1.0;1.0;2.0;0.0;2.0;1.0;0.0;2.0;1.0;2.0;1.0;0.0;2.0;1.0;2.0;1.0
2023/24;Sabato;20;Aprile;Hellas Verona;Udinese;1;0;True;False;False;1;-1;1;3;0;228;1;2;1;1;X;2;X;1;X;X;X;X;2;2;X;1;X;2;X;X;X;X;1.0;1.0;2.0;0.0;2.0;1.0;1.0;2.0;0.0;2.0;0.0;0.0;2.0;1.0;2.0;0.0;0.0;2.0;1.0;2.0
2023/24;Domenica;21;Aprile;Sassuolo;Lecce;0;3;False;False;True;-1;1;2;0;3;228;2;1;2;1;1;X;2;2;X;X;X;X;1;2;2;X;1;1;X;X;X;X;0.0;1.0;1.0;2.0;0.0;0.0;1.0;1.0;2.0;0.0;3.0;0.0;0.0;2.0;1.0;3.0;0.0;0.0;2.0;1.0
2023/24;Domenica;21;Aprile;Torino;Frosinone;0;0;False;True;False;0;0;X;1;1;228;X;X;X;2;1;1;X;X;X;X;X;X;X;1;2;2;X;X;X;X;X;X;0.0;0.0;1.0;1.0;2.0;0.0;0.0;1.0;1.0;2.0;0.0;3.0;0.0;0.0;2.0;0.0;3.0;0.0;0.0;2.0
2023/24;Domenica;21;Aprile;Salernitana;Fiorentina;0;2;False;False;True;-1;1;2;0;3;228;2;1;2;X;2;1;1;2;X;X;X;X;1;X;1;2;2;1;X;X;X;X;0.0;0.0;0.0;1.0;1.0;0.0;0.0;0.0;1.0;1.0;2.0;0.0;3.0;0.0;0.0;2.0;0.0;3.0;0.0;0.0
2023/24;Domenica;21;Aprile;Monza;Atalanta;1;2;False;False;True;-1;1;2;0;3;228;2;1;2;2;X;2;1;2;X;X;X;X;1;1;X;1;2;1;X;X;X;X;1.0;0.0;0.0;0.0;1.0;1.0;0.0;0.0;0.0;1.0;2.0;2.0;0.0;3.0;0.0;2.0;2.0;0.0;3.0;0.0
2023/24;Lunedì;22;Aprile;Roma;Bologna;1;3;False;False;True;-1;1;2;0;3;228;2;1;2;2;2;X;2;2;X;X;X;X;1;1;1;X;1;1;X;X;X;X;1.0;1.0;0.0;0.0;0.0;1.0;1.0;0.0;0.0;0.0;3.0;2.0;2.0;0.0;3.0;3.0;2.0;2.0;0.0;3.0
2023/24;Lunedì;22;Aprile;Milan;Inter;1;2;False;False;True;-1;1;2;0;3;228;2;1;2;2;2;2;X;2;X;X;X;X;1;1;1;1;X;1;X;X;X;X;1.0;1.0;1.0;0.0;0.0;1.0;1.0;1.0;0.0;0.0;2.0;3.0;2.0;2.0;0.0;2.0;3.0;2.0;2.0;0.0
2023/24;Giovedì;25;Aprile;Udinese;Roma;1;2;False;False;True;-1;1;2;0;3;228;2;1;2;2;2;2;2;2;X;X;X;X;1;1;1;1;1;1;X;X;X;X;1.0;1.0;1.0;1.0;0.0;1.0;1.0;1.0;1.0;0.0;2.0;2.0;3.0;2.0;2.0;2.0;2.0;3.0;2.0;2.0
2023/24;Venerdì;26;Aprile;Frosinone;Salernitana;3;0;True;False;False;1;-1;1;3;0;228;1;2;1;2;2;2;2;1;X;X;X;X;2;1;1;1;1;2;X;X;X;X;3.0;1.0;1.0;1.0;1.0;3.0;1.0;1.0;1.0;1.0;0.0;2.0;2.0;3.0;2.0;0.0;2.0;2.0;3.0;2.0
2023/24;Sabato;27;Aprile;Lecce;Monza;1;1;False;True;False;0;0;X;1;1;228;X;X;X;1;2;2;2;X;X;X;X;X;X;2;1;1;1;X;X;X;X;X;1.0;3.0;1.0;1.0;1.0;1.0;3.0;1.0;1.0;1.0;1.0;0.0;2.0;2.0;3.0;1.0;0.0;2.0;2.0;3.0
2023/24;Sabato;27;Aprile;Juventus;Milan;0;0;False;True;False;0;0;X;1;1;228;X;X;X;X;1;2;2;X;X;X;X;X;X;X;2;1;1;X;X;X;X;X;0.0;1.0;3.0;1.0;1.0;0.0;1.0;3.0;1.0;1.0;0.0;1.0;0.0;2.0;2.0;0.0;1.0;0.0;2.0;2.0
2023/24;Sabato;27;Aprile;Lazio;Hellas Verona;1;0;True;False;False;1;-1;1;3;0;228;1;2;1;X;X;1;2;1;X;X;X;X;2;X;X;2;1;2;X;X;X;X;1.0;0.0;1.0;3.0;1.0;1.0;0.0;1.0;3.0;1.0;0.0;0.0;1.0;0.0;2.0;0.0;0.0;1.0;0.0;2.0
2023/24;Domenica;28;Aprile;Inter;Torino;2;0;True;False;False;1;-1;1;3;0;228;1;2;1;1;X;X;1;1;X;X;X;X;2;2;X;X;2;2;X;X;X;X;2.0;1.0;0.0;1.0;3.0;2.0;1.0;0.0;1.0;3.0;0.0;0.0;0.0;1.0;0.0;0.0;0.0;0.0;1.0;0.0
2023/24;Domenica;28;Aprile;Bologna;Udinese;1;1;False;True;False;0;0;X;1;1;228;X;X;X;1;1;X;X;X;X;X;X;X;X;2;2;X;X;X;X;X;X;X;1.0;2.0;1.0;0.0;1.0;1.0;2.0;1.0;0.0;1.0;1.0;0.0;0.0;0.0;1.0;1.0;0.0;0.0;0.0;1.0
2023/24;Domenica;28;Aprile;Atalanta;Empoli;2;0;True;False;False;1;-1;1;3;0;228;1;2;1;X;1;1;X;1;X;X;X;X;2;X;2;2;X;2;X;X;X;X;2.0;1.0;2.0;1.0;0.0;2.0;1.0;2.0;1.0;0.0;0.0;1.0;0.0;0.0;0.0;0.0;1.0;0.0;0.0;0.0
2023/24;Domenica;28;Aprile;Napoli;Roma;2;2;False;True;False;0;0;X;1;1;228;X;X;X;1;X;1;1;X;X;X;X;X;X;2;X;2;2;X;X;X;X;X;2.0;2.0;1.0;2.0;1.0;2.0;2.0;1.0;2.0;1.0;2.0;0.0;1.0;0.0;0.0;2.0;0.0;1.0;0.0;0.0
2023/24;Domenica;28;Aprile;Fiorentina;Sassuolo;5;1;True;False;False;1;-1;1;3;0;228;1;2;1;X;1;X;1;1;X;X;X;X;2;X;2;X;2;2;X;X;X;X;5.0;2.0;2.0;1.0;2.0;5.0;2.0;2.0;1.0;2.0;1.0;2.0;0.0;1.0;0.0;1.0;2.0;0.0;1.0;0.0
2023/24;Lunedì;29;Aprile;Genoa;Cagliari;3;0;True;False;False;1;-1;1;3;0;228;1;2;1;1;X;1;X;1;X;X;X;X;2;2;X;2;X;2;X;X;X;X;3.0;5.0;2.0;2.0;1.0;3.0;5.0;2.0;2.0;1.0;0.0;1.0;2.0;0.0;1.0;0.0;1.0;2.0;0.0;1.0
2023/24;Venerdì;3;Maggio;Torino;Bologna;0;0;False;True;False;0;0;X;1;1;228;X;X;X;1;1;X;1;X;X;X;X;X;X;2;2;X;2;X;X;X;X;X;0.0;3.0;5.0;2.0;2.0;0.0;3.0;5.0;2.0;2.0;0.0;0.0;1.0;2.0;0.0;0.0;0.0;1.0;2.0;0.0
2023/24;Sabato;4;Maggio;Monza;Lazio;2;2;False;True;False;0;0;X;1;1;228;X;X;X;X;1;1;X;X;X;X;X;X;X;X;2;2;X;X;X;X;X;X;2.0;0.0;3.0;5.0;2.0;2.0;0.0;3.0;5.0;2.0;2.0;0.0;0.0;1.0;2.0;2.0;0.0;0.0;1.0;2.0
2023/24;Sabato;4;Maggio;Sassuolo;Inter;1;0;True;False;False;1;-1;1;3;0;228;1;2;1;X;X;1;1;1;X;X;X;X;2;X;X;2;2;2;X;X;X;X;1.0;2.0;0.0;3.0;5.0;1.0;2.0;0.0;3.0;5.0;0.0;2.0;0.0;0.0;1.0;0.0;2.0;0.0;0.0;1.0
2023/24;Domenica;5;Maggio;Cagliari;Lecce;1;1;False;True;False;0;0;X;1;1;228;X;X;X;1;X;X;1;X;X;X;X;X;X;2;X;X;2;X;X;X;X;X;1.0;1.0;2.0;0.0;3.0;1.0;1.0;2.0;0.0;3.0;1.0;0.0;2.0;0.0;0.0;1.0;0.0;2.0;0.0;0.0
2023/24;Domenica;5;Maggio;Empoli;Frosinone;0;0;False;True;False;0;0;X;1;1;228;X;X;X;X;1;X;X;X;X;X;X;X;X;X;2;X;X;X;X;X;X;X;0.0;1.0;1.0;2.0;0.0;0.0;1.0;1.0;2.0;0.0;0.0;1.0;0.0;2.0;0.0;0.0;1.0;0.0;2.0;0.0
2023/24;Domenica;5;Maggio;Hellas Verona;Fiorentina;2;1;True;False;False;1;-1;1;3;0;228;1;2;1;X;X;1;X;1;X;X;X;X;2;X;X;2;X;2;X;X;X;X;2.0;0.0;1.0;1.0;2.0;2.0;0.0;1.0;1.0;2.0;1.0;0.0;1.0;0.0;2.0;1.0;0.0;1.0;0.0;2.0
2023/24;Domenica;5;Maggio;Milan;Genoa;3;3;False;True;False;0;0;X;1;1;228;X;X;X;1;X;X;1;X;X;X;X;X;X;2;X;X;2;X;X;X;X;X;3.0;2.0;0.0;1.0;1.0;3.0;2.0;0.0;1.0;1.0;3.0;1.0;0.0;1.0;0.0;3.0;1.0;0.0;1.0;0.0
2023/24;Domenica;5;Maggio;Roma;Juventus;1;1;False;True;False;0;0;X;1;1;228;X;X;X;X;1;X;X;X;X;X;X;X;X;X;2;X;X;X;X;X;X;X;1.0;3.0;2.0;0.0;1.0;1.0;3.0;2.0;0.0;1.0;1.0;3.0;1.0;0.0;1.0;1.0;3.0;1.0;0.0;1.0
2023/24;Lunedì;6;Maggio;Salernitana;Atalanta;1;2;False;False;True;-1;1;2;0;3;228;2;1;2;X;X;1;X;2;X;X;X;X;1;X;X;2;X;1;X;X;X;X;1.0;1.0;3.0;2.0;0.0;1.0;1.0;3.0;2.0;0.0;2.0;1.0;3.0;1.0;0.0;2.0;1.0;3.0;1.0;0.0
2023/24;Lunedì;6;Maggio;Udinese;Napoli;1;1;False;True;False;0;0;X;1;1;228;X;X;X;2;X;X;1;X;X;X;X;X;X;1;X;X;2;X;X;X;X;X;1.0;1.0;1.0;3.0;2.0;1.0;1.0;1.0;3.0;2.0;1.0;2.0;1.0;3.0;1.0;1.0;2.0;1.0;3.0;1.0
2023/24;Venerdì;10;Maggio;Frosinone;Inter;0;5;False;False;True;-1;1;2;0;3;228;2;1;2;X;2;X;X;2;X;X;X;X;1;X;1;X;X;1;X;X;X;X;0.0;1.0;1.0;1.0;3.0;0.0;1.0;1.0;1.0;3.0;5.0;1.0;2.0;1.0;3.0;5.0;1.0;2.0;1.0;3.0
2023/24;Sabato;11;Maggio;Napoli;Bologna;0;2;False;False;True;-1;1;2;0;3;228;2;1;2;2;X;2;X;2;X;X;X;X;1;1;X;1;X;1;X;X;X;X;0.0;0.0;1.0;1.0;1.0;0.0;0.0;1.0;1.0;1.0;2.0;5.0;1.0;2.0;1.0;2.0;5.0;1.0;2.0;1.0
2023/24;Sabato;11;Maggio;Milan;Cagliari;5;1;True;False;False;1;-1;1;3;0;228;1;2;1;2;2;X;2;1;X;X;X;X;2;1;1;X;1;2;X;X;X;X;5.0;0.0;0.0;1.0;1.0;5.0;0.0;0.0;1.0;1.0;1.0;2.0;5.0;1.0;2.0;1.0;2.0;5.0;1.0;2.0
2023/24;Domenica;12;Maggio;Lazio;Empoli;2;0;True;False;False;1;-1;1;3;0;228;1;2;1;1;2;2;X;1;X;X;X;X;2;2;1;1;X;2;X;X;X;X;2.0;5.0;0.0;0.0;1.0;2.0;5.0;0.0;0.0;1.0;0.0;1.0;2.0;5.0;1.0;0.0;1.0;2.0;5.0;1.0
2023/24;Domenica;12;Maggio;Genoa;Sassuolo;2;1;True;False;False;1;-1;1;3;0;228;1;2;1;1;1;2;2;1;X;X;X;X;2;2;2;1;1;2;X;X;X;X;2.0;2.0;5.0;0.0;0.0;2.0;2.0;5.0;0.0;0.0;1.0;0.0;1.0;2.0;5.0;1.0;0.0;1.0;2.0;5.0
2023/24;Domenica;12;Maggio;Hellas Verona;Torino;1;2;False;False;True;-1;1;2;0;3;228;2;1;2;1;1;1;2;2;X;X;X;X;1;2;2;2;1;1;X;X;X;X;1.0;2.0;2.0;5.0;0.0;1.0;2.0;2.0;5.0;0.0;2.0;1.0;0.0;1.0;2.0;2.0;1.0;0.0;1.0;2.0
2023/24;Domenica;12;Maggio;Juventus;Salernitana;1;1;False;True;False;0;0;X;1;1;228;X;X;X;2;1;1;1;X;X;X;X;X;X;1;2;2;2;X;X;X;X;X;1.0;1.0;2.0;2.0;5.0;1.0;1.0;2.0;2.0;5.0;1.0;2.0;1.0;0.0;1.0;1.0;2.0;1.0;0.0;1.0
2023/24;Domenica;12;Maggio;Atalanta;Roma;2;1;True;False;False;1;-1;1;3;0;228;1;2;1;X;2;1;1;1;X;X;X;X;2;X;1;2;2;2;X;X;X;X;2.0;1.0;1.0;2.0;2.0;2.0;1.0;1.0;2.0;2.0;1.0;1.0;2.0;1.0;0.0;1.0;1.0;2.0;1.0;0.0
2023/24;Lunedì;13;Maggio;Lecce;Udinese;0;2;False;False;True;-1;1;2;0;3;228;2;1;2;1;X;2;1;2;X;X;X;X;1;2;X;1;2;1;X;X;X;X;0.0;2.0;1.0;1.0;2.0;0.0;2.0;1.0;1.0;2.0;2.0;1.0;1.0;2.0;1.0;2.0;1.0;1.0;2.0;1.0
2023/24;Lunedì;13;Maggio;Fiorentina;Monza;2;1;True;False;False;1;-1;1;3;0;228;1;2;1;2;1;X;2;1;X;X;X;X;2;1;2;X;1;2;X;X;X;X;2.0;0.0;2.0;1.0;1.0;2.0;0.0;2.0;1.0;1.0;1.0;2.0;1.0;1.0;2.0;1.0;2.0;1.0;1.0;2.0
2023/24;Venerdì;17;Maggio;Fiorentina;Napoli;2;2;False;True;False;0;0;X;1;1;228;X;X;X;1;2;1;X;X;1;X;X;X;X;2;1;2;X;X;X;X;X;X;2.0;2.0;0.0;2.0;1.0;2.0;2.0;0.0;2.0;1.0;2.0;1.0;2.0;1.0;1.0;2.0;1.0;2.0;1.0;1.0
2023/24;Sabato;18;Maggio;Lecce;Atalanta;0;2;False;False;True;-1;1;2;0;3;228;2;1;2;X;1;2;1;2;X;X;2;X;1;X;2;1;2;1;X;X;X;X;0.0;2.0;2.0;0.0;2.0;0.0;2.0;2.0;0.0;2.0;2.0;2.0;1.0;2.0;1.0;2.0;2.0;1.0;2.0;1.0
2023/24;Sabato;18;Maggio;Torino;Milan;3;1;True;False;False;1;-1;1;3;0;228;1;2;1;2;X;1;2;1;X;X;X;X;2;1;X;2;1;2;X;X;X;X;3.0;0.0;2.0;2.0;0.0;3.0;0.0;2.0;2.0;0.0;1.0;2.0;2.0;1.0;2.0;1.0;2.0;2.0;1.0;2.0
2023/24;Domenica;19;Maggio;Sassuolo;Cagliari;0;2;False;False;True;-1;1;2;0;3;228;2;1;2;1;2;X;1;2;X;X;X;X;1;2;1;X;2;1;X;X;X;X;0.0;3.0;0.0;2.0;2.0;0.0;3.0;0.0;2.0;2.0;2.0;1.0;2.0;2.0;1.0;2.0;1.0;2.0;2.0;1.0
2023/24;Domenica;19;Maggio;Monza;Frosinone;0;1;False;False;True;-1;1;2;0;3;228;2;1;2;2;1;2;X;2;X;X;X;X;1;1;2;1;X;1;X;X;X;X;0.0;0.0;3.0;0.0;2.0;0.0;0.0;3.0;0.0;2.0;1.0;2.0;1.0;2.0;2.0;1.0;2.0;1.0;2.0;2.0
2023/24;Domenica;19;Maggio;Udinese;Empoli;1;1;False;True;False;0;0;X;1;1;228;X;X;X;2;2;1;2;X;X;X;X;X;X;1;1;2;1;X;X;X;X;X;1.0;0.0;0.0;3.0;0.0;1.0;0.0;0.0;3.0;0.0;1.0;1.0;2.0;1.0;2.0;1.0;1.0;2.0;1.0;2.0
2023/24;Domenica;19;Maggio;Inter;Lazio;1;1;False;True;False;0;0;X;1;1;228;X;X;X;X;2;2;1;X;X;X;X;X;X;X;1;1;2;X;X;X;X;X;1.0;1.0;0.0;0.0;3.0;1.0;1.0;0.0;0.0;3.0;1.0;1.0;1.0;2.0;1.0;1.0;1.0;1.0;2.0;1.0
2023/24;Domenica;19;Maggio;Roma;Genoa;1;0;True;False;False;1;-1;1;3;0;228;1;2;1;X;X;2;2;1;X;X;X;X;2;X;X;1;1;2;X;X;X;X;1.0;1.0;1.0;0.0;0.0;1.0;1.0;1.0;0.0;0.0;0.0;1.0;1.0;1.0;2.0;0.0;1.0;1.0;1.0;2.0
2023/24;Lunedì;20;Maggio;Salernitana;Hellas Verona;1;2;False;False;True;-1;1;2;0;3;228;2;1;2;1;X;X;2;2;X;X;X;X;1;2;X;X;1;1;X;X;X;X;1.0;1.0;1.0;1.0;0.0;1.0;1.0;1.0;1.0;0.0;2.0;0.0;1.0;1.0;1.0;2.0;0.0;1.0;1.0;1.0
2023/24;Lunedì;20;Maggio;Bologna;Juventus;3;3;False;True;False;0;0;X;1;1;228;X;X;X;2;1;X;X;X;X;X;X;X;X;1;2;X;X;X;X;X;X;X;3.0;1.0;1.0;1.0;1.0;3.0;1.0;1.0;1.0;1.0;3.0;2.0;0.0;1.0;1.0;3.0;2.0;0.0;1.0;1.0
2023/24;Giovedì;23;Maggio;Cagliari;Fiorentina;2;3;False;False;True;-1;1;2;0;3;228;2;1;2;X;2;1;X;2;X;X;X;X;1;X;1;2;X;1;X;X;X;X;2.0;3.0;1.0;1.0;1.0;2.0;3.0;1.0;1.0;1.0;3.0;3.0;2.0;0.0;1.0;3.0;3.0;2.0;0.0;1.0
2023/24;Venerdì;24;Maggio;Genoa;Bologna;2;0;True;False;False;1;-1;1;3;0;228;1;2;1;2;X;2;1;1;X;X;X;X;2;1;X;1;2;2;X;X;X;X;2.0;2.0;3.0;1.0;1.0;2.0;2.0;3.0;1.0;1.0;0.0;3.0;3.0;2.0;0.0;0.0;3.0;3.0;2.0;0.0
2023/24;Sabato;25;Maggio;Juventus;Monza;2;0;True;False;False;1;-1;1;3;0;228;1;2;1;1;2;X;2;1;X;X;X;X;2;2;1;X;1;2;X;X;X;X;2.0;2.0;2.0;3.0;1.0;2.0;2.0;2.0;3.0;1.0;0.0;0.0;3.0;3.0;2.0;0.0;0.0;3.0;3.0;2.0
2023/24;Sabato;25;Maggio;Milan;Salernitana;3;3;False;True;False;0;0;X;1;1;228;X;X;X;1;1;2;X;X;X;X;X;X;X;2;2;1;X;X;X;X;X;X;3.0;2.0;2.0;2.0;3.0;3.0;2.0;2.0;2.0;3.0;3.0;0.0;0.0;3.0;3.0;3.0;0.0;0.0;3.0;3.0
2023/24;Domenica;26;Maggio;Atalanta;Torino;3;0;True;False;False;1;-1;1;3;0;228;1;2;1;X;1;1;2;1;X;X;X;X;2;X;2;2;1;2;X;X;X;X;3.0;3.0;2.0;2.0;2.0;3.0;3.0;2.0;2.0;2.0;0.0;3.0;0.0;0.0;3.0;0.0;3.0;0.0;0.0;3.0
2023/24;Domenica;26;Maggio;Napoli;Lecce;0;0;False;True;False;0;0;X;1;1;228;X;X;X;1;X;1;1;X;X;X;X;X;X;2;X;2;2;X;X;X;X;X;0.0;3.0;3.0;2.0;2.0;0.0;3.0;3.0;2.0;2.0;0.0;0.0;3.0;0.0;0.0;0.0;0.0;3.0;0.0;0.0
2023/24;Domenica;26;Maggio;Empoli;Roma;2;1;True;False;False;1;-1;1;3;0;228;1;2;1;X;1;X;1;1;X;X;X;X;2;X;2;X;2;2;X;X;X;X;2.0;0.0;3.0;3.0;2.0;2.0;0.0;3.0;3.0;2.0;1.0;0.0;0.0;3.0;0.0;1.0;0.0;0.0;3.0;0.0
2023/24;Domenica;26;Maggio;Frosinone;Udinese;0;1;False;False;True;-1;1;2;0;3;228;2;1;2;1;X;1;X;2;X;X;X;X;1;2;X;2;X;1;X;X;X;X;0.0;2.0;0.0;3.0;3.0;0.0;2.0;0.0;3.0;3.0;1.0;1.0;0.0;0.0;3.0;1.0;1.0;0.0;0.0;3.0
2023/24;Domenica;26;Maggio;Hellas Verona;Inter;2;2;False;True;False;0;0;X;1;1;228;X;X;X;2;1;X;1;X;X;X;X;X;X;1;2;X;2;X;X;X;X;X;2.0;0.0;2.0;0.0;3.0;2.0;0.0;2.0;0.0;3.0;2.0;1.0;1.0;0.0;0.0;2.0;1.0;1.0;0.0;0.0
2023/24;Domenica;26;Maggio;Lazio;Sassuolo;1;1;False;True;False;0;0;X;1;1;228;X;X;X;X;2;1;X;X;X;X;X;X;X;X;1;2;X;X;X;X;X;X;1.0;2.0;0.0;2.0;0.0;1.0;2.0;0.0;2.0;0.0;1.0;2.0;1.0;1.0;0.0;1.0;2.0;1.0;1.0;0.0
2023/24;Domenica;2;Giugno;Atalanta;Fiorentina;2;3;False;False;True;-1;1;2;0;3;228;2;1;2;X;X;2;1;2;X;X;X;X;1;X;X;1;2;1;X;X;X;X;2.0;1.0;2.0;0.0;2.0;2.0;1.0;2.0;0.0;2.0;3.0;1.0;2.0;1.0;1.0;3.0;1.0;2.0;1.0;1.0
2024/25;Sabato;17;Agosto;Genoa;Inter;2;2;False;True;False;0;0;X;1;1;228;X;X;X;2;X;X;2;X;X;X;X;X;X;1;X;X;1;X;X;X;X;X;2.0;2.0;1.0;2.0;0.0;2.0;2.0;1.0;2.0;0.0;2.0;3.0;1.0;2.0;1.0;2.0;3.0;1.0;2.0;1.0
2024/25;Sabato;17;Agosto;Parma;Fiorentina;1;1;False;True;False;0;0;X;1;1;228;X;X;X;X;2;X;X;X;X;X;X;X;X;X;1;X;X;X;X;1;X;X;1.0;2.0;2.0;1.0;2.0;1.0;2.0;2.0;1.0;2.0;1.0;2.0;3.0;1.0;2.0;1.0;2.0;3.0;1.0;2.0
2024/25;Sabato;17;Agosto;Milan;Torino;2;2;False;True;False;0;0;X;1;1;228;X;X;X;X;X;2;X;X;X;X;X;X;X;X;X;1;X;X;X;X;X;X;2.0;1.0;2.0;2.0;1.0;2.0;1.0;2.0;2.0;1.0;2.0;1.0;2.0;3.0;1.0;2.0;1.0;2.0;3.0;1.0
2024/25;Sabato;17;Agosto;Empoli;Monza;0;0;False;True;False;0;0;X;1;1;228;X;X;X;X;X;X;2;X;X;X;X;X;X;X;X;X;1;X;X;X;X;X;0.0;2.0;1.0;2.0;2.0;0.0;2.0;1.0;2.0;2.0;0.0;2.0;1.0;2.0;3.0;0.0;2.0;1.0;2.0;3.0
2024/25;Domenica;18;Agosto;Bologna;Udinese;1;1;False;True;False;0;0;X;1;1;228;X;X;X;X;X;X;X;X;X;X;X;X;X;X;X;X;X;X;X;X;X;X;1.0;0.0;2.0;1.0;2.0;1.0;0.0;2.0;1.0;2.0;1.0;0.0;2.0;1.0;2.0;1.0;0.0;2.0;1.0;2.0
2024/25;Domenica;18;Agosto;Hellas Verona;Napoli;3;0;True;False;False;1;-1;1;3;0;228;1;2;1;X;X;X;X;1;X;X;X;X;2;X;X;X;X;2;X;X;X;X;3.0;1.0;0.0;2.0;1.0;3.0;1.0;0.0;2.0;1.0;0.0;1.0;0.0;2.0;1.0;0.0;1.0;0.0;2.0;1.0
2024/25;Domenica;18;Agosto;Cagliari;Roma;0;0;False;True;False;0;0;X;1;1;228;X;X;X;1;X;X;X;X;X;X;X;X;X;2;X;X;X;X;X;X;X;X;0.0;3.0;1.0;0.0;2.0;0.0;3.0;1.0;0.0;2.0;0.0;0.0;1.0;0.0;2.0;0.0;0.0;1.0;0.0;2.0
2024/25;Domenica;18;Agosto;Lazio;Venezia;3;1;True;False;False;1;-1;1;3;0;228;1;2;1;X;1;X;X;1;X;X;X;X;2;X;2;X;X;2;X;X;X;X;3.0;0.0;3.0;1.0;0.0;3.0;0.0;3.0;1.0;0.0;1.0;0.0;0.0;1.0;0.0;1.0;0.0;0.0;1.0;0.0
2024/25;Lunedì;19;Agosto;Lecce;Atalanta;0;4;False;False;True;-1;1;2;0;3;228;2;1;2;1;X;1;X;2;X;X;X;X;1;2;X;2;X;1;X;X;X;X;0.0;3.0;0.0;3.0;1.0;0.0;3.0;0.0;3.0;1.0;4.0;1.0;0.0;0.0;1.0;4.0;1.0;0.0;0.0;1.0
2024/25;Lunedì;19;Agosto;Juventus;Como;3;0;True;False;False;1;-1;1;3;0;228;1;2;1;2;1;X;1;1;X;X;X;X;2;1;2;X;2;2;X;X;X;X;3.0;0.0;3.0;0.0;3.0;3.0;0.0;3.0;0.0;3.0;0.0;4.0;1.0;0.0;0.0;0.0;4.0;1.0;0.0;0.0
2024/25;Sabato;24;Agosto;Parma;Milan;2;1;True;False;False;1;-1;1;3;0;228;1;2;1;1;2;1;X;1;X;X;X;X;2;2;1;2;X;2;X;X;X;X;2.0;3.0;0.0;3.0;0.0;2.0;3.0;0.0;3.0;0.0;1.0;0.0;4.0;1.0;0.0;1.0;0.0;4.0;1.0;0.0
2024/25;Sabato;24;Agosto;Udinese;Lazio;2;1;True;False;False;1;-1;1;3;0;228;1;2;1;1;1;2;1;1;X;X;X;X;2;2;2;1;2;2;X;X;X;X;2.0;2.0;3.0;0.0;3.0;2.0;2.0;3.0;0.0;3.0;1.0;1.0;0.0;4.0;1.0;1.0;1.0;0.0;4.0;1.0
2024/25;Sabato;24;Agosto;Inter;Lecce;2;0;True;False;False;1;-1;1;3;0;228;1;2;1;1;1;1;2;1;X;X;X;X;2;2;2;2;1;2;X;X;X;X;2.0;2.0;2.0;3.0;0.0;2.0;2.0;2.0;3.0;0.0;0.0;1.0;1.0;0.0;4.0;0.0;1.0;1.0;0.0;4.0
2024/25;Sabato;24;Agosto;Monza;Genoa;0;1;False;False;True;-1;1;2;0;3;228;2;1;2;1;1;1;1;2;X;X;X;X;1;2;2;2;2;1;X;X;X;X;0.0;2.0;2.0;2.0;3.0;0.0;2.0;2.0;2.0;3.0;1.0;0.0;1.0;1.0;0.0;1.0;0.0;1.0;1.0;0.0
2024/25;Domenica;25;Agosto;Fiorentina;Venezia;0;0;False;True;False;0;0;X;1;1;228;X;X;X;2;1;1;1;X;X;X;X;X;X;1;2;2;2;X;X;X;X;X;0.0;0.0;2.0;2.0;2.0;0.0;0.0;2.0;2.0;2.0;0.0;1.0;0.0;1.0;1.0;0.0;1.0;0.0;1.0;1.0
2024/25;Domenica;25;Agosto;Torino;Atalanta;2;1;True;False;False;1;-1;1;3;0;228;1;2;1;X;2;1;1;1;X;X;X;X;2;X;1;2;2;2;X;X;X;X;2.0;0.0;0.0;2.0;2.0;2.0;0.0;0.0;2.0;2.0;1.0;0.0;1.0;0.0;1.0;1.0;0.0;1.0;0.0;1.0
2024/25;Domenica;25;Agosto;Roma;Empoli;1;2;False;False;True;-1;1;2;0;3;228;2;1;2;1;X;2;1;2;X;X;X;X;1;2;X;1;2;1;X;X;X;X;1.0;2.0;0.0;0.0;2.0;1.0;2.0;0.0;0.0;2.0;2.0;1.0;0.0;1.0;0.0;2.0;1.0;0.0;1.0;0.0
2024/25;Domenica;25;Agosto;Napoli;Bologna;3;0;True;False;False;1;-1;1;3;0;228;1;2;1;2;1;X;2;1;X;X;X;X;2;1;2;X;1;2;X;X;X;X;3.0;1.0;2.0;0.0;0.0;3.0;1.0;2.0;0.0;0.0;0.0;2.0;1.0;0.0;1.0;0.0;2.0;1.0;0.0;1.0
2024/25;Lunedì;26;Agosto;Cagliari;Como;1;1;False;True;False;0;0;X;1;1;228;X;X;X;1;2;1;X;X;X;X;X;X;X;2;1;2;X;X;X;X;X;X;1.0;3.0;1.0;2.0;0.0;1.0;3.0;1.0;2.0;0.0;1.0;0.0;2.0;1.0;0.0;1.0;0.0;2.0;1.0;0.0
2024/25;Lunedì;26;Agosto;Hellas Verona;Juventus;0;3;False;False;True;-1;1;2;0;3;228;2;1;2;X;1;2;1;2;X;X;X;X;1;X;2;1;2;1;X;X;X;X;0.0;1.0;3.0;1.0;2.0;0.0;1.0;3.0;1.0;2.0;3.0;1.0;0.0;2.0;1.0;3.0;1.0;0.0;2.0;1.0
2024/25;Venerdì;30;Agosto;Venezia;Torino;0;1;False;False;True;-1;1;2;0;3;228;2;1;2;2;X;1;2;2;X;X;X;X;1;1;X;2;1;1;X;X;X;X;0.0;0.0;1.0;3.0;1.0;0.0;0.0;1.0;3.0;1.0;1.0;3.0;1.0;0.0;2.0;1.0;3.0;1.0;0.0;2.0
2024/25;Venerdì;30;Agosto;Inter;Atalanta;4;0;True;False;False;1;-1;1;3;0;228;1;2;1;2;2;X;1;1;X;X;X;X;2;1;1;X;2;2;X;X;X;X;4.0;0.0;0.0;1.0;3.0;4.0;0.0;0.0;1.0;3.0;0.0;1.0;3.0;1.0;0.0;0.0;1.0;3.0;1.0;0.0
2024/25;Sabato;31;Agosto;Bologna;Empoli;1;1;False;True;False;0;0;X;1;1;228;X;X;X;1;2;2;X;X;X;X;X;X;X;2;1;1;X;X;X;X;X;X;1.0;4.0;0.0;0.0;1.0;1.0;4.0;0.0;0.0;1.0;1.0;0.0;1.0;3.0;1.0;1.0;0.0;1.0;3.0;1.0
2024/25;Sabato;31;Agosto;Lecce;Cagliari;1;0;True;False;False;1;-1;1;3;0;228;1;2;1;X;1;2;2;1;X;X;X;X;2;X;2;1;1;2;X;X;X;X;1.0;1.0;4.0;0.0;0.0;1.0;1.0;4.0;0.0;0.0;0.0;1.0;0.0;1.0;3.0;0.0;1.0;0.0;1.0;3.0
2024/25;Sabato;31;Agosto;Lazio;Milan;2;2;False;True;False;0;0;X;1;1;228;X;X;X;1;X;1;2;X;X;X;X;X;X;2;X;2;1;X;X;X;X;X;2.0;1.0;1.0;4.0;0.0;2.0;1.0;1.0;4.0;0.0;2.0;0.0;1.0;0.0;1.0;2.0;0.0;1.0;0.0;1.0
2024/25;Sabato;31;Agosto;Napoli;Parma;2;1;True;False;False;1;-1;1;3;0;228;1;2;1;X;1;X;1;1;X;X;X;X;2;X;2;X;2;2;X;X;X;X;2.0;2.0;1.0;1.0;4.0;2.0;2.0;1.0;1.0;4.0;1.0;2.0;0.0;1.0;0.0;1.0;2.0;0.0;1.0;0.0
2024/25;Domenica;1;Settembre;Fiorentina;Monza;2;2;False;True;False;0;0;X;1;1;228;X;X;X;1;X;1;X;X;X;X;X;X;X;2;X;2;X;X;X;X;X;X;2.0;2.0;2.0;1.0;1.0;2.0;2.0;2.0;1.0;1.0;2.0;1.0;2.0;0.0;1.0;2.0;1.0;2.0;0.0;1.0
2024/25;Domenica;1;Settembre;Genoa;Hellas Verona;0;2;False;False;True;-1;1;2;0;3;228;2;1;2;X;1;X;1;2;X;X;X;X;1;X;2;X;2;1;X;X;X;X;0.0;2.0;2.0;2.0;1.0;0.0;2.0;2.0;2.0;1.0;2.0;2.0;1.0;2.0;0.0;2.0;2.0;1.0;2.0;0.0
2024/25;Domenica;1;Settembre;Juventus;Roma;0;0;False;True;False;0;0;X;1;1;228;X;X;X;2;X;1;X;X;X;X;X;X;X;1;X;2;X;X;X;X;X;X;0.0;0.0;2.0;2.0;2.0;0.0;0.0;2.0;2.0;2.0;0.0;2.0;2.0;1.0;2.0;0.0;2.0;2.0;1.0;2.0
2024/25;Domenica;1;Settembre;Udinese;Como;1;0;True;False;False;1;-1;1;3;0;228;1;2;1;X;2;X;1;1;X;X;X;X;2;X;1;X;2;2;X;X;X;X;1.0;0.0;0.0;2.0;2.0;1.0;0.0;0.0;2.0;2.0;0.0;0.0;2.0;2.0;1.0;0.0;0.0;2.0;2.0;1.0
2024/25;Sabato;14;Settembre;Como;Bologna;2;2;False;True;False;0;0;X;1;1;228;X;X;X;1;X;2;X;X;X;X;X;X;X;2;X;1;X;X;X;X;X;X;2.0;1.0;0.0;0.0;2.0;2.0;1.0;0.0;0.0;2.0;2.0;0.0;0.0;2.0;2.0;2.0;0.0;0.0;2.0;2.0
2024/25;Sabato;14;Settembre;Empoli;Juventus;0;0;False;True;False;0;0;X;1;1;228;X;X;X;X;1;X;2;X;X;X;X;X;X;X;2;X;1;X;X;X;X;X;0.0;2.0;1.0;0.0;0.0;0.0;2.0;1.0;0.0;0.0;0.0;2.0;0.0;0.0;2.0;0.0;2.0;0.0;0.0;2.0
2024/25;Sabato;14;Settembre;Milan;Venezia;4;0;True;False;False;1;-1;1;3;0;228;1;2;1;X;X;1;X;1;X;X;X;X;2;X;X;2;X;2;X;X;X;X;4.0;0.0;2.0;1.0;0.0;4.0;0.0;2.0;1.0;0.0;0.0;0.0;2.0;0.0;0.0;0.0;0.0;2.0;0.0;0.0
2024/25;Domenica;15;Settembre;Genoa;Roma;1;1;False;True;False;0;0;X;1;1;228;X;X;X;1;X;X;1;X;X;X;X;X;X;2;X;X;2;X;X;X;X;X;1.0;4.0;0.0;2.0;1.0;1.0;4.0;0.0;2.0;1.0;1.0;0.0;0.0;2.0;0.0;1.0;0.0;0.0;2.0;0.0
2024/25;Domenica;15;Settembre;Atalanta;Fiorentina;3;2;True;False;False;1;-1;1;3;0;228;1;2;1;X;1;X;X;1;X;X;X;X;2;X;2;X;X;2;X;X;X;X;3.0;1.0;4.0;0.0;2.0;3.0;1.0;4.0;0.0;2.0;2.0;1.0;0.0;0.0;2.0;2.0;1.0;0.0;0.0;2.0
2024/25;Domenica;15;Settembre;Torino;Lecce;0;0;False;True;False;0;0;X;1;1;228;X;X;X;1;X;1;X;X;X;X;X;X;X;2;X;2;X;X;X;X;X;X;0.0;3.0;1.0;4.0;0.0;0.0;3.0;1.0;4.0;0.0;0.0;2.0;1.0;0.0;0.0;0.0;2.0;1.0;0.0;0.0
2024/25;Domenica;15;Settembre;Cagliari;Napoli;0;4;False;False;True;-1;1;2;0;3;228;2;1;2;X;1;X;1;2;X;X;X;X;1;X;2;X;2;1;X;X;X;X;0.0;0.0;3.0;1.0;4.0;0.0;0.0;3.0;1.0;4.0;4.0;0.0;2.0;1.0;0.0;4.0;0.0;2.0;1.0;0.0
2024/25;Domenica;15;Settembre;Monza;Inter;1;1;False;True;False;0;0;X;1;1;228;X;X;X;2;X;1;X;X;X;X;X;X;X;1;X;2;X;X;X;X;X;X;1.0;0.0;0.0;3.0;1.0;1.0;0.0;0.0;3.0;1.0;1.0;4.0;0.0;2.0;1.0;1.0;4.0;0.0;2.0;1.0
2024/25;Lunedì;16;Settembre;Parma;Udinese;2;3;False;False;True;-1;1;2;0;3;228;2;1;2;X;2;X;1;2;X;X;X;X;1;X;1;X;2;1;X;X;X;X;2.0;1.0;0.0;0.0;3.0;2.0;1.0;0.0;0.0;3.0;3.0;1.0;4.0;0.0;2.0;3.0;1.0;4.0;0.0;2.0
2024/25;Lunedì;16;Settembre;Lazio;Hellas Verona;2;1;True;False;False;1;-1;1;3;0;228;1;2;1;2;X;2;X;1;X;X;X;X;2;1;X;1;X;2;X;X;X;X;2.0;2.0;1.0;0.0;0.0;2.0;2.0;1.0;0.0;0.0;1.0;3.0;1.0;4.0;0.0;1.0;3.0;1.0;4.0;0.0
2024/25;Venerdì;20;Settembre;Cagliari;Empoli;0;2;False;False;True;-1;1;2;0;3;228;2;1;2;1;2;X;2;2;X;X;X;2;1;2;1;X;1;1;X;X;X;X;0.0;2.0;2.0;1.0;0.0;0.0;2.0;2.0;1.0;0.0;2.0;1.0;3.0;1.0;4.0;2.0;1.0;3.0;1.0;4.0
2024/25;Venerdì;20;Settembre;Hellas Verona;Torino;2;3;False;False;True;-1;1;2;0;3;228;2;1;2;2;1;2;X;2;X;X;X;X;1;1;2;1;X;1;X;X;X;X;2.0;0.0;2.0;2.0;1.0;2.0;0.0;2.0;2.0;1.0;3.0;2.0;1.0;3.0;1.0;3.0;2.0;1.0;3.0;1.0
2024/25;Sabato;21;Settembre;Venezia;Genoa;2;0;True;False;False;1;-1;1;3;0;228;1;2;1;2;2;1;2;1;X;X;X;X;2;1;1;2;1;2;X;X;X;X;2.0;2.0;0.0;2.0;2.0;2.0;2.0;0.0;2.0;2.0;0.0;3.0;2.0;1.0;3.0;0.0;3.0;2.0;1.0;3.0
2024/25;Sabato;21;Settembre;Juventus;Napoli;0;0;False;True;False;0;0;X;1;1;228;X;X;X;1;2;2;1;X;X;X;X;X;X;2;1;1;2;X;X;X;X;X;0.0;2.0;2.0;0.0;2.0;0.0;2.0;2.0;0.0;2.0;0.0;0.0;3.0;2.0;1.0;0.0;0.0;3.0;2.0;1.0
2024/25;Sabato;21;Settembre;Lecce;Parma;2;2;False;True;False;0;0;X;1;1;228;X;X;X;X;1;2;2;X;X;X;X;X;X;X;2;1;1;X;X;X;X;X;2.0;0.0;2.0;2.0;0.0;2.0;0.0;2.0;2.0;0.0;2.0;0.0;0.0;3.0;2.0;2.0;0.0;0.0;3.0;2.0
2024/25;Domenica;22;Settembre;Fiorentina;Lazio;2;1;True;False;False;1;-1;1;3;0;228;1;2;1;X;X;1;2;1;X;X;X;X;2;X;X;2;1;2;X;X;X;X;2.0;2.0;0.0;2.0;2.0;2.0;2.0;0.0;2.0;2.0;1.0;2.0;0.0;0.0;3.0;1.0;2.0;0.0;0.0;3.0
2024/25;Domenica;22;Settembre;Monza;Bologna;1;2;False;False;True;-1;1;2;0;3;228;2;1;2;1;X;X;1;2;X;X;X;X;1;2;X;X;2;1;X;X;X;X;1.0;2.0;2.0;0.0;2.0;1.0;2.0;2.0;0.0;2.0;2.0;1.0;2.0;0.0;0.0;2.0;1.0;2.0;0.0;0.0
2024/25;Domenica;22;Settembre;Roma;Udinese;3;0;True;False;False;1;-1;1;3;0;228;1;2;1;2;1;X;X;1;X;X;X;X;2;1;2;X;X;2;X;X;X;X;3.0;1.0;2.0;2.0;0.0;3.0;1.0;2.0;2.0;0.0;0.0;2.0;1.0;2.0;0.0;0.0;2.0;1.0;2.0;0.0
2024/25;Domenica;22;Settembre;Inter;Milan;1;2;False;False;True;-1;1;2;0;3;228;2;1;2;1;2;1;X;2;X;X;X;X;1;2;1;2;X;1;X;X;X;X;1.0;3.0;1.0;2.0;2.0;1.0;3.0;1.0;2.0;2.0;2.0;0.0;2.0;1.0;2.0;2.0;0.0;2.0;1.0;2.0
2024/25;Martedì;24;Settembre;Atalanta;Como;2;3;False;False;True;-1;1;2;0;3;228;2;1;2;2;1;2;1;2;X;X;X;X;1;1;2;1;2;1;X;X;X;X;2.0;1.0;3.0;1.0;2.0;2.0;1.0;3.0;1.0;2.0;3.0;2.0;0.0;2.0;1.0;3.0;2.0;0.0;2.0;1.0
2024/25;Venerdì;27;Settembre;Milan;Lecce;3;0;True;False;False;1;-1;1;3;0;228;1;2;1;2;2;1;2;1;X;X;X;X;2;1;1;2;1;2;X;X;X;X;3.0;2.0;1.0;3.0;1.0;3.0;2.0;1.0;3.0;1.0;0.0;3.0;2.0;0.0;2.0;0.0;3.0;2.0;0.0;2.0
2024/25;Sabato;28;Settembre;Udinese;Inter;2;3;False;False;True;-1;1;2;0;3;228;2;1;2;1;2;2;1;2;X;X;X;X;1;2;1;1;2;1;X;X;X;X;2.0;3.0;2.0;1.0;3.0;2.0;3.0;2.0;1.0;3.0;3.0;0.0;3.0;2.0;0.0;3.0;0.0;3.0;2.0;0.0
2024/25;Sabato;28;Settembre;Genoa;Juventus;0;3;False;False;True;-1;1;2;0;3;228;2;1;2;2;1;2;2;2;X;X;X;X;1;1;2;1;1;1;X;X;X;X;0.0;2.0;3.0;2.0;1.0;0.0;2.0;3.0;2.0;1.0;3.0;3.0;0.0;3.0;2.0;3.0;3.0;0.0;3.0;2.0
2024/25;Sabato;28;Settembre;Bologna;Atalanta;1;1;False;True;False;0;0;X;1;1;228;X;X;X;2;2;1;2;X;X;X;X;X;X;1;1;2;1;X;X;X;X;X;1.0;0.0;2.0;3.0;2.0;1.0;0.0;2.0;3.0;2.0;1.0;3.0;3.0;0.0;3.0;1.0;3.0;3.0;0.0;3.0
2024/25;Domenica;29;Settembre;Torino;Lazio;2;3;False;False;True;-1;1;2;0;3;228;2;1;2;X;2;2;1;2;X;X;X;X;1;X;1;1;2;1;X;X;X;X;2.0;1.0;0.0;2.0;3.0;2.0;1.0;0.0;2.0;3.0;3.0;1.0;3.0;3.0;0.0;3.0;1.0;3.0;3.0;0.0
2024/25;Domenica;29;Settembre;Roma;Venezia;2;1;True;False;False;1;-1;1;3;0;228;1;2;1;2;X;2;2;1;X;X;X;X;2;1;X;1;1;2;X;X;X;X;2.0;2.0;1.0;0.0;2.0;2.0;2.0;1.0;0.0;2.0;1.0;3.0;1.0;3.0;3.0;1.0;3.0;1.0;3.0;3.0
2024/25;Domenica;29;Settembre;Como;Hellas Verona;3;2;True;False;False;1;-1;1;3;0;228;1;2;1;1;2;X;2;1;X;X;X;X;2;2;1;X;1;2;X;X;X;X;3.0;2.0;2.0;1.0;0.0;3.0;2.0;2.0;1.0;0.0;2.0;1.0;3.0;1.0;3.0;2.0;1.0;3.0;1.0;3.0
2024/25;Domenica;29;Settembre;Empoli;Fiorentina;0;0;False;True;False;0;0;X;1;1;228;X;X;X;1;1;2;X;X;X;X;X;X;X;2;2;1;X;X;X;X;X;X;0.0;3.0;2.0;2.0;1.0;0.0;3.0;2.0;2.0;1.0;0.0;2.0;1.0;3.0;1.0;0.0;2.0;1.0;3.0;1.0
2024/25;Domenica;29;Settembre;Napoli;Monza;2;0;True;False;False;1;-1;1;3;0;228;1;2;1;X;1;1;2;1;X;X;X;X;2;X;2;2;1;2;X;X;X;X;2.0;0.0;3.0;2.0;2.0;2.0;0.0;3.0;2.0;2.0;0.0;0.0;2.0;1.0;3.0;0.0;0.0;2.0;1.0;3.0
2024/25;Lunedì;30;Settembre;Parma;Cagliari;2;3;False;False;True;-1;1;2;0;3;228;2;1;2;1;X;1;1;2;X;X;X;X;1;2;X;2;2;1;X;X;X;X;2.0;2.0;0.0;3.0;2.0;2.0;2.0;0.0;3.0;2.0;3.0;0.0;0.0;2.0;1.0;3.0;0.0;0.0;2.0;1.0
2024/25;Venerdì;4;Ottobre;Napoli;Como;3;1;True;False;False;1;-1;1;3;0;228;1;2;1;2;1;X;1;1;X;1;X;X;2;1;2;X;2;2;X;X;X;X;3.0;2.0;2.0;0.0;3.0;3.0;2.0;2.0;0.0;3.0;1.0;3.0;0.0;0.0;2.0;1.0;3.0;0.0;0.0;2.0
2024/25;Venerdì;4;Ottobre;Hellas Verona;Venezia;2;1;True;False;False;1;-1;1;3;0;228;1;2;1;1;2;1;X;1;X;X;X;X;2;2;1;2;X;2;X;X;X;X;2.0;3.0;2.0;2.0;0.0;2.0;3.0;2.0;2.0;0.0;1.0;1.0;3.0;0.0;0.0;1.0;1.0;3.0;0.0;0.0
2024/25;Sabato;5;Ottobre;Udinese;Lecce;1;0;True;False;False;1;-1;1;3;0;228;1;2;1;1;1;2;1;1;X;X;X;X;2;2;2;1;2;2;X;X;X;X;1.0;2.0;3.0;2.0;2.0;1.0;2.0;3.0;2.0;2.0;0.0;1.0;1.0;3.0;0.0;0.0;1.0;1.0;3.0;0.0
2024/25;Sabato;5;Ottobre;Atalanta;Genoa;5;1;True;False;False;1;-1;1;3;0;228;1;2;1;1;1;1;2;1;X;X;X;X;2;2;2;2;1;2;X;X;X;X;5.0;1.0;2.0;3.0;2.0;5.0;1.0;2.0;3.0;2.0;1.0;0.0;1.0;1.0;3.0;1.0;0.0;1.0;1.0;3.0
2024/25;Sabato;5;Ottobre;Inter;Torino;3;2;True;False;False;1;-1;1;3;0;228;1;2;1;1;1;1;1;1;X;X;X;X;2;2;2;2;2;2;X;X;X;X;3.0;5.0;1.0;2.0;3.0;3.0;5.0;1.0;2.0;3.0;2.0;1.0;0.0;1.0;1.0;2.0;1.0;0.0;1.0;1.0
2024/25;Domenica;6;Ottobre;Juventus;Cagliari;1;1;False;True;False;0;0;X;1;1;228;X;X;X;1;1;1;1;X;X;X;X;X;X;2;2;2;2;X;X;X;X;X;1.0;3.0;5.0;1.0;2.0;1.0;3.0;5.0;1.0;2.0;1.0;2.0;1.0;0.0;1.0;1.0;2.0;1.0;0.0;1.0
2024/25;Domenica;6;Ottobre;Bologna;Parma;0;0;False;True;False;0;0;X;1;1;228;X;X;X;X;1;1;1;X;X;X;X;X;X;X;2;2;2;X;X;X;X;X;0.0;1.0;3.0;5.0;1.0;0.0;1.0;3.0;5.0;1.0;0.0;1.0;2.0;1.0;0.0;0.0;1.0;2.0;1.0;0.0
2024/25;Domenica;6;Ottobre;Lazio;Empoli;2;1;True;False;False;1;-1;1;3;0;228;1;2;1;X;X;1;1;1;X;X;X;X;2;X;X;2;2;2;X;X;X;X;2.0;0.0;1.0;3.0;5.0;2.0;0.0;1.0;3.0;5.0;1.0;0.0;1.0;2.0;1.0;1.0;0.0;1.0;2.0;1.0
2024/25;Domenica;6;Ottobre;Monza;Roma;1;1;False;True;False;0;0;X;1;1;228;X;X;X;1;X;X;1;X;X;X;X;X;X;2;X;X;2;X;X;X;X;X;1.0;2.0;0.0;1.0;3.0;1.0;2.0;0.0;1.0;3.0;1.0;1.0;0.0;1.0;2.0;1.0;1.0;0.0;1.0;2.0
2024/25;Domenica;6;Ottobre;Fiorentina;Milan;2;1;True;False;False;1;-1;1;3;0;228;1;2;1;X;1;X;X;1;X;X;X;X;2;X;2;X;X;2;X;X;X;X;2.0;1.0;2.0;0.0;1.0;2.0;1.0;2.0;0.0;1.0;1.0;1.0;1.0;0.0;1.0;1.0;1.0;1.0;0.0;1.0
2024/25;Sabato;19;Ottobre;Como;Parma;1;1;False;True;False;0;0;X;1;1;228;X;X;X;1;X;1;X;X;X;X;X;X;X;2;X;2;X;X;X;X;X;X;1.0;2.0;1.0;2.0;0.0;1.0;2.0;1.0;2.0;0.0;1.0;1.0;1.0;1.0;0.0;1.0;1.0;1.0;1.0;0.0
2024/25;Sabato;19;Ottobre;Genoa;Bologna;2;2;False;True;False;0;0;X;1;1;228;X;X;X;X;1;X;1;X;X;X;X;X;X;X;2;X;2;X;X;X;X;X;2.0;1.0;2.0;1.0;2.0;2.0;1.0;2.0;1.0;2.0;2.0;1.0;1.0;1.0;1.0;2.0;1.0;1.0;1.0;1.0
2024/25;Sabato;19;Ottobre;Milan;Udinese;1;0;True;False;False;1;-1;1;3;0;228;1;2;1;X;X;1;X;1;X;X;X;X;2;X;X;2;X;2;X;X;X;X;1.0;2.0;1.0;2.0;1.0;1.0;2.0;1.0;2.0;1.0;0.0;2.0;1.0;1.0;1.0;0.0;2.0;1.0;1.0;1.0
2024/25;Sabato;19;Ottobre;Juventus;Lazio;1;0;True;False;False;1;-1;1;3;0;228;1;2;1;1;X;X;1;1;X;X;X;X;2;2;X;X;2;2;X;X;X;X;1.0;1.0;2.0;1.0;2.0;1.0;1.0;2.0;1.0;2.0;0.0;0.0;2.0;1.0;1.0;0.0;0.0;2.0;1.0;1.0
2024/25;Domenica;20;Ottobre;Empoli;Napoli;0;1;False;False;True;-1;1;2;0;3;228;2;1;2;1;1;X;X;2;X;X;X;X;1;2;2;X;X;1;X;X;X;X;0.0;1.0;1.0;2.0;1.0;0.0;1.0;1.0;2.0;1.0;1.0;0.0;0.0;2.0;1.0;1.0;0.0;0.0;2.0;1.0
2024/25;Domenica;20;Ottobre;Lecce;Fiorentina;0;6;False;False;True;-1;1;2;0;3;228;2;1;2;2;1;1;X;2;X;X;X;X;1;1;2;2;X;1;X;X;X;X;0.0;0.0;1.0;1.0;2.0;0.0;0.0;1.0;1.0;2.0;6.0;1.0;0.0;0.0;2.0;6.0;1.0;0.0;0.0;2.0
2024/25;Domenica;20;Ottobre;Venezia;Atalanta;0;2;False;False;True;-1;1;2;0;3;228;2;1;2;2;2;1;1;2;X;X;X;X;1;1;1;2;2;1;X;X;X;X;0.0;0.0;0.0;1.0;1.0;0.0;0.0;0.0;1.0;1.0;2.0;6.0;1.0;0.0;0.0;2.0;6.0;1.0;0.0;0.0
2024/25;Domenica;20;Ottobre;Cagliari;Torino;3;2;True;False;False;1;-1;1;3;0;228;1;2;1;2;2;2;1;1;X;X;X;X;2;1;1;1;2;2;X;X;X;X;3.0;0.0;0.0;0.0;1.0;3.0;0.0;0.0;0.0;1.0;2.0;2.0;6.0;1.0;0.0;2.0;2.0;6.0;1.0;0.0
2024/25;Domenica;20;Ottobre;Roma;Inter;0;1;False;False;True;-1;1;2;0;3;228;2;1;2;1;2;2;2;2;X;X;X;X;1;2;1;1;1;1;X;X;X;X;0.0;3.0;0.0;0.0;0.0;0.0;3.0;0.0;0.0;0.0;1.0;2.0;2.0;6.0;1.0;1.0;2.0;2.0;6.0;1.0
2024/25;Lunedì;21;Ottobre;Hellas Verona;Monza;0;3;False;False;True;-1;1;2;0;3;228;2;1;2;2;1;2;2;2;X;X;X;X;1;1;2;1;1;1;X;X;X;X;0.0;0.0;3.0;0.0;0.0;0.0;0.0;3.0;0.0;0.0;3.0;1.0;2.0;2.0;6.0;3.0;1.0;2.0;2.0;6.0
2024/25;Venerdì;25;Ottobre;Udinese;Cagliari;2;0;True;False;False;1;-1;1;3;0;228;1;2;1;2;2;1;2;1;X;X;X;X;2;1;1;2;1;2;X;X;X;X;2.0;0.0;0.0;3.0;0.0;2.0;0.0;0.0;3.0;0.0;0.0;3.0;1.0;2.0;2.0;0.0;3.0;1.0;2.0;2.0
2024/25;Venerdì;25;Ottobre;Torino;Como;1;0;True;False;False;1;-1;1;3;0;228;1;2;1;1;2;2;1;1;X;X;X;X;2;2;1;1;2;2;X;X;X;X;1.0;2.0;0.0;0.0;3.0;1.0;2.0;0.0;0.0;3.0;0.0;0.0;3.0;1.0;2.0;0.0;0.0;3.0;1.0;2.0
2024/25;Sabato;26;Ottobre;Napoli;Lecce;1;0;True;False;False;1;-1;1;3;0;228;1;2;1;1;1;2;2;1;X;X;X;X;2;2;2;1;1;2;X;X;X;X;1.0;1.0;2.0;0.0;0.0;1.0;1.0;2.0;0.0;0.0;0.0;0.0;0.0;3.0;1.0;0.0;0.0;0.0;3.0;1.0
2024/25;Sabato;26;Ottobre;Bologna;Milan;2;1;True;False;False;1;-1;1;3;0;228;1;2;1;1;1;1;2;1;X;X;X;X;2;2;2;2;1;2;X;X;X;X;2.0;1.0;1.0;2.0;0.0;2.0;1.0;1.0;2.0;0.0;1.0;0.0;0.0;0.0;3.0;1.0;0.0;0.0;0.0;3.0
2024/25;Sabato;26;Ottobre;Atalanta;Hellas Verona;6;1;True;False;False;1;-1;1;3;0;228;1;2;1;1;1;1;1;1;X;X;X;X;2;2;2;2;2;2;X;X;X;X;6.0;2.0;1.0;1.0;2.0;6.0;2.0;1.0;1.0;2.0;1.0;1.0;0.0;0.0;0.0;1.0;1.0;0.0;0.0;0.0
2024/25;Domenica;27;Ottobre;Parma;Empoli;1;1;False;True;False;0;0;X;1;1;228;X;X;X;1;1;1;1;X;X;X;X;X;X;2;2;2;2;X;X;X;X;X;1.0;6.0;2.0;1.0;1.0;1.0;6.0;2.0;1.0;1.0;1.0;1.0;1.0;0.0;0.0;1.0;1.0;1.0;0.0;0.0
2024/25;Domenica;27;Ottobre;Lazio;Genoa;3;0;True;False;False;1;-1;1;3;0;228;1;2;1;X;1;1;1;1;X;X;X;X;2;X;2;2;2;2;X;X;X;X;3.0;1.0;6.0;2.0;1.0;3.0;1.0;6.0;2.0;1.0;0.0;1.0;1.0;1.0;0.0;0.0;1.0;1.0;1.0;0.0
2024/25;Domenica;27;Ottobre;Monza;Venezia;2;2;False;True;False;0;0;X;1;1;228;X;X;X;1;X;1;1;X;X;X;X;X;X;2;X;2;2;X;X;X;X;X;2.0;3.0;1.0;6.0;2.0;2.0;3.0;1.0;6.0;2.0;2.0;0.0;1.0;1.0;1.0;2.0;0.0;1.0;1.0;1.0
2024/25;Domenica;27;Ottobre;Inter;Juventus;4;4;False;True;False;0;0;X;1;1;228;X;X;X;X;1;X;1;X;X;X;X;X;X;X;2;X;2;X;X;X;X;X;4.0;2.0;3.0;1.0;6.0;4.0;2.0;3.0;1.0;6.0;4.0;2.0;0.0;1.0;1.0;4.0;2.0;0.0;1.0;1.0
2024/25;Domenica;27;Ottobre;Fiorentina;Roma;5;1;True;False;False;1;-1;1;3;0;228;1;2;1;X;X;1;X;1;X;X;X;X;2;X;X;2;X;2;X;X;X;X;5.0;4.0;2.0;3.0;1.0;5.0;4.0;2.0;3.0;1.0;1.0;4.0;2.0;0.0;1.0;1.0;4.0;2.0;0.0;1.0
2024/25;Martedì;29;Ottobre;Cagliari;Bologna;0;2;False;False;True;-1;1;2;0;3;228;2;1;2;1;X;X;1;2;X;X;X;X;1;2;X;X;2;1;X;X;X;X;0.0;5.0;4.0;2.0;3.0;0.0;5.0;4.0;2.0;3.0;2.0;1.0;4.0;2.0;0.0;2.0;1.0;4.0;2.0;0.0
2024/25;Martedì;29;Ottobre;Lecce;Hellas Verona;1;0;True;False;False;1;-1;1;3;0;228;1;2;1;2;1;X;X;1;X;X;X;X;2;1;2;X;X;2;X;X;X;X;1.0;0.0;5.0;4.0;2.0;1.0;0.0;5.0;4.0;2.0;0.0;2.0;1.0;4.0;2.0;0.0;2.0;1.0;4.0;2.0
2024/25;Martedì;29;Ottobre;Milan;Napoli;0;2;False;False;True;-1;1;2;0;3;228;2;1;2;1;2;1;X;2;X;X;X;X;1;2;1;2;X;1;X;X;X;X;0.0;1.0;0.0;5.0;4.0;0.0;1.0;0.0;5.0;4.0;2.0;0.0;2.0;1.0;4.0;2.0;0.0;2.0;1.0;4.0
2024/25;Mercoledì;30;Ottobre;Empoli;Inter;0;3;False;False;True;-1;1;2;0;3;228;2;1;2;2;1;2;1;2;X;X;X;X;1;1;2;1;2;1;X;X;X;X;0.0;0.0;1.0;0.0;5.0;0.0;0.0;1.0;0.0;5.0;3.0;2.0;0.0;2.0;1.0;3.0;2.0;0.0;2.0;1.0
2024/25;Mercoledì;30;Ottobre;Venezia;Udinese;3;2;True;False;False;1;-1;1;3;0;228;1;2;1;2;2;1;2;1;X;X;X;X;2;1;1;2;1;2;X;X;X;X;3.0;0.0;0.0;1.0;0.0;3.0;0.0;0.0;1.0;0.0;2.0;3.0;2.0;0.0;2.0;2.0;3.0;2.0;0.0;2.0
2024/25;Mercoledì;30;Ottobre;Atalanta;Monza;2;0;True;False;False;1;-1;1;3;0;228;1;2;1;1;2;2;1;1;X;X;X;X;2;2;1;1;2;2;X;X;X;X;2.0;3.0;0.0;0.0;1.0;2.0;3.0;0.0;0.0;1.0;0.0;2.0;3.0;2.0;0.0;0.0;2.0;3.0;2.0;0.0
2024/25;Mercoledì;30;Ottobre;Juventus;Parma;2;2;False;True;False;0;0;X;1;1;228;X;X;X;1;1;2;2;X;X;X;X;X;X;2;2;1;1;X;X;X;X;X;2.0;2.0;3.0;0.0;0.0;2.0;2.0;3.0;0.0;0.0;2.0;0.0;2.0;3.0;2.0;2.0;0.0;2.0;3.0;2.0
2024/25;Giovedì;31;Ottobre;Genoa;Fiorentina;0;1;False;False;True;-1;1;2;0;3;228;2;1;2;X;1;1;2;2;X;X;X;X;1;X;2;2;1;1;X;X;X;X;0.0;2.0;2.0;3.0;0.0;0.0;2.0;2.0;3.0;0.0;1.0;2.0;0.0;2.0;3.0;1.0;2.0;0.0;2.0;3.0
2024/25;Giovedì;31;Ottobre;Roma;Torino;1;0;True;False;False;1;-1;1;3;0;228;1;2;1;2;X;1;1;1;X;X;X;X;2;1;X;2;2;2;X;X;X;X;1.0;0.0;2.0;2.0;3.0;1.0;0.0;2.0;2.0;3.0;0.0;1.0;2.0;0.0;2.0;0.0;1.0;2.0;0.0;2.0
2024/25;Giovedì;31;Ottobre;Como;Lazio;1;5;False;False;True;-1;1;2;0;3;228;2;1;2;1;2;X;1;2;X;X;X;X;1;2;1;X;2;1;X;X;X;X;1.0;1.0;0.0;2.0;2.0;1.0;1.0;0.0;2.0;2.0;5.0;0.0;1.0;2.0;0.0;5.0;0.0;1.0;2.0;0.0
2024/25;Sabato;2;Novmbre;Bologna;Lecce;1;0;True;False;False;1;-1;1;3;0;228;1;2;1;2;1;2;X;1;X;X;X;X;2;1;2;1;X;2;X;X;X;X;1.0;1.0;1.0;0.0;2.0;1.0;1.0;1.0;0.0;2.0;0.0;5.0;0.0;1.0;2.0;0.0;5.0;0.0;1.0;2.0
2024/25;Sabato;2;Novmbre;Udinese;Juventus;0;2;False;False;True;-1;1;2;0;3;228;2;1;2;1;2;1;2;2;X;X;X;X;1;2;1;2;1;1;X;X;X;X;0.0;1.0;1.0;1.0;0.0;0.0;1.0;1.0;1.0;0.0;2.0;0.0;5.0;0.0;1.0;2.0;0.0;5.0;0.0;1.0
2024/25;Sabato;2;Novmbre;Monza;Milan;0;1;False;False;True;-1;1;2;0;3;228;2;1;2;2;1;2;1;2;X;X;X;X;1;1;2;1;2;1;X;X;X;X;0.0;0.0;1.0;1.0;1.0;0.0;0.0;1.0;1.0;1.0;1.0;2.0;0.0;5.0;0.0;1.0;2.0;0.0;5.0;0.0
2024/25;Domenica;3;Novmbre;Napoli;Atalanta;0;3;False;False;True;-1;1;2;0;3;228;2;1;2;2;2;1;2;2;X;X;X;X;1;1;1;2;1;1;X;X;X;X;0.0;0.0;0.0;1.0;1.0;0.0;0.0;0.0;1.0;1.0;3.0;1.0;2.0;0.0;5.0;3.0;1.0;2.0;0.0;5.0
2024/25;Domenica;3;Novmbre;Torino;Fiorentina;0;1;False;False;True;-1;1;2;0;3;228;2;1;2;2;2;2;1;2;X;X;X;X;1;1;1;1;2;1;X;X;X;X;0.0;0.0;0.0;0.0;1.0;0.0;0.0;0.0;0.0;1.0;1.0;3.0;1.0;2.0;0.0;1.0;3.0;1.0;2.0;0.0
2024/25;Domenica;3;Novmbre;Hellas Verona;Roma;3;2;True;False;False;1;-1;1;3;0;228;1;2;1;2;2;2;2;1;X;X;X;X;2;1;1;1;1;2;X;X;X;X;3.0;0.0;0.0;0.0;0.0;3.0;0.0;0.0;0.0;0.0;2.0;1.0;3.0;1.0;2.0;2.0;1.0;3.0;1.0;2.0
2024/25;Domenica;3;Novmbre;Inter;Venezia;1;0;True;False;False;1;-1;1;3;0;228;1;2;1;1;2;2;2;1;X;X;X;X;2;2;1;1;1;2;X;X;X;X;1.0;3.0;0.0;0.0;0.0;1.0;3.0;0.0;0.0;0.0;0.0;2.0;1.0;3.0;1.0;0.0;2.0;1.0;3.0;1.0
2024/25;Lunedì;4;Novmbre;Empoli;Como;1;0;True;False;False;1;-1;1;3;0;228;1;2;1;1;1;2;2;1;X;X;X;X;2;2;2;1;1;2;X;X;X;X;1.0;1.0;3.0;0.0;0.0;1.0;1.0;3.0;0.0;0.0;0.0;0.0;2.0;1.0;3.0;0.0;0.0;2.0;1.0;3.0
2024/25;Lunedì;4;Novmbre;Parma;Genoa;0;1;False;False;True;-1;1;2;0;3;228;2;1;2;1;1;1;2;2;X;X;X;X;1;2;2;2;1;1;X;X;X;X;0.0;1.0;1.0;3.0;0.0;0.0;1.0;1.0;3.0;0.0;1.0;0.0;0.0;2.0;1.0;1.0;0.0;0.0;2.0;1.0
2024/25;Lunedì;4;Novmbre;Lazio;Cagliari;2;1;True;False;False;1;-1;1;3;0;228;1;2;1;2;1;1;1;1;X;X;X;X;2;1;2;2;2;2;X;X;X;X;2.0;0.0;1.0;1.0;3.0;2.0;0.0;1.0;1.0;3.0;1.0;1.0;0.0;0.0;2.0;1.0;1.0;0.0;0.0;2.0
2024/25;Giovedì;7;Novmbre;Genoa;Como;1;1;False;True;False;0;0;X;1;1;228;X;X;X;1;2;1;1;X;X;X;X;X;X;2;1;2;2;X;X;X;2;X;1.0;2.0;0.0;1.0;1.0;1.0;2.0;0.0;1.0;1.0;1.0;1.0;1.0;0.0;0.0;1.0;1.0;1.0;0.0;0.0
2024/25;Venerdì;8;Novmbre;Lecce;Empoli;1;1;False;True;False;0;0;X;1;1;228;X;X;X;X;1;2;1;X;X;X;X;X;X;X;2;1;2;X;X;X;X;X;1.0;1.0;2.0;0.0;1.0;1.0;1.0;2.0;0.0;1.0;1.0;1.0;1.0;1.0;0.0;1.0;1.0;1.0;1.0;0.0
2024/25;Sabato;9;Novmbre;Venezia;Parma;1;2;False;False;True;-1;1;2;0;3;228;2;1;2;X;X;1;2;2;X;X;X;X;1;X;X;2;1;1;X;X;X;X;1.0;1.0;1.0;2.0;0.0;1.0;1.0;1.0;2.0;0.0;2.0;1.0;1.0;1.0;1.0;2.0;1.0;1.0;1.0;1.0
2024/25;Sabato;9;Novmbre;Cagliari;Milan;3;3;False;True;False;0;0;X;1;1;228;X;X;X;2;X;X;1;X;X;X;X;X;X;1;X;X;2;X;X;X;X;X;3.0;1.0;1.0;1.0;2.0;3.0;1.0;1.0;1.0;2.0;3.0;2.0;1.0;1.0;1.0;3.0;2.0;1.0;1.0;1.0
2024/25;Sabato;9;Novmbre;Juventus;Torino;2;0;True;False;False;1;-1;1;3;0;228;1;2;1;X;2;X;X;1;X;X;X;X;2;X;1;X;X;2;X;X;X;X;2.0;3.0;1.0;1.0;1.0;2.0;3.0;1.0;1.0;1.0;0.0;3.0;2.0;1.0;1.0;0.0;3.0;2.0;1.0;1.0
2024/25;Domenica;10;Novmbre;Atalanta;Udinese;2;1;True;False;False;1;-1;1;3;0;228;1;2;1;1;X;2;X;1;X;X;X;X;2;2;X;1;X;2;X;X;X;X;2.0;2.0;3.0;1.0;1.0;2.0;2.0;3.0;1.0;1.0;1.0;0.0;3.0;2.0;1.0;1.0;0.0;3.0;2.0;1.0
2024/25;Domenica;10;Novmbre;Roma;Bologna;2;3;False;False;True;-1;1;2;0;3;228;2;1;2;1;1;X;2;2;X;X;X;X;1;2;2;X;1;1;X;X;X;X;2.0;2.0;2.0;3.0;1.0;2.0;2.0;2.0;3.0;1.0;3.0;1.0;0.0;3.0;2.0;3.0;1.0;0.0;3.0;2.0
2024/25;Domenica;10;Novmbre;Fiorentina;Hellas Verona;3;1;True;False;False;1;-1;1;3;0;228;1;2;1;2;1;1;X;1;X;X;X;X;2;1;2;2;X;2;X;X;X;X;3.0;2.0;2.0;2.0;3.0;3.0;2.0;2.0;2.0;3.0;1.0;3.0;1.0;0.0;3.0;1.0;3.0;1.0;0.0;3.0
2024/25;Domenica;10;Novmbre;Monza;Lazio;0;1;False;False;True;-1;1;2;0;3;228;2;1;2;1;2;1;1;2;X;X;X;X;1;2;1;2;2;1;X;X;X;X;0.0;3.0;2.0;2.0;2.0;0.0;3.0;2.0;2.0;2.0;1.0;1.0;3.0;1.0;0.0;1.0;1.0;3.0;1.0;0.0
2024/25;Domenica;10;Novmbre;Inter;Napoli;1;1;False;True;False;0;0;X;1;1;228;X;X;X;2;1;2;1;X;X;X;X;X;X;1;2;1;2;X;X;X;X;X;1.0;0.0;3.0;2.0;2.0;1.0;0.0;3.0;2.0;2.0;1.0;1.0;1.0;3.0;1.0;1.0;1.0;1.0;3.0;1.0
2024/25;Sabato;23;Novmbre;Hellas Verona;Inter;0;5;False;False;True;-1;1;2;0;3;228;2;1;2;X;2;1;2;2;X;X;X;X;1;X;1;2;1;1;X;X;X;X;0.0;1.0;0.0;3.0;2.0;0.0;1.0;0.0;3.0;2.0;5.0;1.0;1.0;1.0;3.0;5.0;1.0;1.0;1.0;3.0
2024/25;Sabato;23;Novmbre;Milan;Juventus;0;0;False;True;False;0;0;X;1;1;228;X;X;X;2;X;2;1;X;X;X;X;X;X;1;X;1;2;X;X;X;X;X;0.0;0.0;1.0;0.0;3.0;0.0;0.0;1.0;0.0;3.0;0.0;5.0;1.0;1.0;1.0;0.0;5.0;1.0;1.0;1.0
2024/25;Sabato;23;Novmbre;Parma;Atalanta;1;3;False;False;True;-1;1;2;0;3;228;2;1;2;X;2;X;2;2;X;X;X;X;1;X;1;X;1;1;X;X;X;X;1.0;0.0;0.0;1.0;0.0;1.0;0.0;0.0;1.0;0.0;3.0;0.0;5.0;1.0;1.0;3.0;0.0;5.0;1.0;1.0
2024/25;Domenica;24;Novmbre;Genoa;Cagliari;2;2;False;True;False;0;0;X;1;1;228;X;X;X;2;X;2;X;X;X;X;X;X;X;1;X;1;X;X;X;X;X;X;2.0;1.0;0.0;0.0;1.0;2.0;1.0;0.0;0.0;1.0;2.0;3.0;0.0;5.0;1.0;2.0;3.0;0.0;5.0;1.0
2024/25;Domenica;24;Novmbre;Como;Fiorentina;0;2;False;False;True;-1;1;2;0;3;228;2;1;2;X;2;X;2;2;X;X;X;X;1;X;1;X;1;1;X;X;X;X;0.0;2.0;1.0;0.0;0.0;0.0;2.0;1.0;0.0;0.0;2.0;2.0;3.0;0.0;5.0;2.0;2.0;3.0;0.0;5.0
2024/25;Domenica;24;Novmbre;Torino;Monza;1;1;False;True;False;0;0;X;1;1;228;X;X;X;2;X;2;X;X;X;X;X;X;X;1;X;1;X;X;X;X;X;X;1.0;0.0;2.0;1.0;0.0;1.0;0.0;2.0;1.0;0.0;1.0;2.0;2.0;3.0;0.0;1.0;2.0;2.0;3.0;0.0
2024/25;Domenica;24;Novmbre;Napoli;Roma;1;0;True;False;False;1;-1;1;3;0;228;1;2;1;X;2;X;2;1;X;X;X;X;2;X;1;X;1;2;X;X;X;X;1.0;1.0;0.0;2.0;1.0;1.0;1.0;0.0;2.0;1.0;0.0;1.0;2.0;2.0;3.0;0.0;1.0;2.0;2.0;3.0
2024/25;Domenica;24;Novmbre;Lazio;Bologna;3;0;True;False;False;1;-1;1;3;0;228;1;2;1;1;X;2;X;1;X;X;X;X;2;2;X;1;X;2;X;X;X;X;3.0;1.0;1.0;0.0;2.0;3.0;1.0;1.0;0.0;2.0;0.0;0.0;1.0;2.0;2.0;0.0;0.0;1.0;2.0;2.0
2024/25;Lunedì;25;Novmbre;Empoli;Udinese;1;1;False;True;False;0;0;X;1;1;228;X;X;X;1;1;X;2;X;X;X;X;X;X;2;2;X;1;X;X;X;X;X;1.0;3.0;1.0;1.0;0.0;1.0;3.0;1.0;1.0;0.0;1.0;0.0;0.0;1.0;2.0;1.0;0.0;0.0;1.0;2.0
2024/25;Lunedì;25;Novmbre;Venezia;Lecce;0;1;False;False;True;-1;1;2;0;3;228;2;1;2;X;1;1;X;2;X;X;X;X;1;X;2;2;X;1;X;X;X;X;0.0;1.0;3.0;1.0;1.0;0.0;1.0;3.0;1.0;1.0;1.0;1.0;0.0;0.0;1.0;1.0;1.0;0.0;0.0;1.0
2024/25;Venerdì;29;Novmbre;Cagliari;Hellas Verona;1;0;True;False;False;1;-1;1;3;0;228;1;2;1;2;X;1;1;1;X;X;X;X;2;1;X;2;2;2;X;X;X;X;1.0;0.0;1.0;3.0;1.0;1.0;0.0;1.0;3.0;1.0;0.0;1.0;1.0;0.0;0.0;0.0;1.0;1.0;0.0;0.0
2024/25;Sabato;30;Novmbre;Como;Monza;1;1;False;True;False;0;0;X;1;1;228;X;X;X;1;2;X;1;X;X;X;X;X;X;2;1;X;2;X;X;X;X;X;1.0;1.0;0.0;1.0;3.0;1.0;1.0;0.0;1.0;3.0;1.0;0.0;1.0;1.0;0.0;1.0;0.0;1.0;1.0;0.0
2024/25;Sabato;30;Novmbre;Milan;Empoli;3;0;True;False;False;1;-1;1;3;0;228;1;2;1;X;1;2;X;1;X;X;X;X;2;X;2;1;X;2;X;X;X;X;3.0;1.0;1.0;0.0;1.0;3.0;1.0;1.0;0.0;1.0;0.0;1.0;0.0;1.0;1.0;0.0;1.0;0.0;1.0;1.0
2024/25;Sabato;30;Novmbre;Bologna;Venezia;3;0;True;False;False;1;-1;1;3;0;228;1;2;1;1;X;1;2;1;X;X;X;X;2;2;X;2;1;2;X;X;X;X;3.0;3.0;1.0;1.0;0.0;3.0;3.0;1.0;1.0;0.0;0.0;0.0;1.0;0.0;1.0;0.0;0.0;1.0;0.0;1.0
2024/25;Domenica;1;Dicembre;Udinese;Genoa;0;2;False;False;True;-1;1;2;0;3;228;2;1;2;1;1;X;1;2;X;X;X;X;1;2;2;X;2;1;X;X;X;X;0.0;3.0;3.0;1.0;1.0;0.0;3.0;3.0;1.0;1.0;2.0;0.0;0.0;1.0;0.0;2.0;0.0;0.0;1.0;0.0
2024/25;Domenica;1;Dicembre;Parma;Lazio;3;1;True;False;False;1;-1;1;3;0;228;1;2;1;2;1;1;X;1;X;X;X;X;2;1;2;2;X;2;X;X;X;X;3.0;0.0;3.0;3.0;1.0;3.0;0.0;3.0;3.0;1.0;1.0;2.0;0.0;0.0;1.0;1.0;2.0;0.0;0.0;1.0
2024/25;Domenica;1;Dicembre;Torino;Napoli;0;1;False;False;True;-1;1;2;0;3;228;2;1;2;1;2;1;1;2;X;X;X;X;1;2;1;2;2;1;X;X;X;X;0.0;3.0;0.0;3.0;3.0;0.0;3.0;0.0;3.0;3.0;1.0;1.0;2.0;0.0;0.0;1.0;1.0;2.0;0.0;0.0
2024/25;Domenica;1;Dicembre;Fiorentina;Inter;3;0;True;False;False;1;-1;1;3;0;228;1;2;1;2;1;2;1;1;X;X;X;X;2;1;2;1;2;2;X;X;X;X;3.0;0.0;3.0;0.0;3.0;3.0;0.0;3.0;0.0;3.0;0.0;1.0;1.0;2.0;0.0;0.0;1.0;1.0;2.0;0.0
2024/25;Domenica;1;Dicembre;Lecce;Juventus;1;1;False;True;False;0;0;X;1;1;228;X;X;X;1;2;1;2;X;X;X;X;X;X;2;1;2;1;X;X;X;X;X;1.0;3.0;0.0;3.0;0.0;1.0;3.0;0.0;3.0;0.0;1.0;0.0;1.0;1.0;2.0;1.0;0.0;1.0;1.0;2.0
2024/25;Lunedì;2;Dicembre;Roma;Atalanta;0;2;False;False;True;-1;1;2;0;3;228;2;1;2;X;1;2;1;2;X;X;X;X;1;X;2;1;2;1;X;X;X;X;0.0;1.0;3.0;0.0;3.0;0.0;1.0;3.0;0.0;3.0;2.0;1.0;0.0;1.0;1.0;2.0;1.0;0.0;1.0;1.0
2024/25;Venerdì;6;Dicembre;Inter;Parma;3;1;True;False;False;1;-1;1;3;0;228;1;2;1;2;X;1;2;1;X;X;X;X;2;1;X;2;1;2;X;X;X;X;3.0;0.0;1.0;3.0;0.0;3.0;0.0;1.0;3.0;0.0;1.0;2.0;1.0;0.0;1.0;1.0;2.0;1.0;0.0;1.0
2024/25;Venerdì;6;Dicembre;Atalanta;Milan;2;1;True;False;False;1;-1;1;3;0;228;1;2;1;1;2;X;1;1;X;X;X;X;2;2;1;X;2;2;X;X;X;X;2.0;3.0;0.0;1.0;3.0;2.0;3.0;0.0;1.0;3.0;1.0;1.0;2.0;1.0;0.0;1.0;1.0;2.0;1.0;0.0
2024/25;Sabato;7;Dicembre;Genoa;Torino;0;0;False;True;False;0;0;X;1;1;228;X;X;X;1;1;2;X;X;X;X;X;X;X;2;2;1;X;X;X;X;X;X;0.0;2.0;3.0;0.0;1.0;0.0;2.0;3.0;0.0;1.0;0.0;1.0;1.0;2.0;1.0;0.0;1.0;1.0;2.0;1.0
2024/25;Sabato;7;Dicembre;Juventus;Bologna;2;2;False;True;False;0;0;X;1;1;228;X;X;X;X;1;1;2;X;X;X;X;X;X;X;2;2;1;X;X;X;X;X;2.0;0.0;2.0;3.0;0.0;2.0;0.0;2.0;3.0;0.0;2.0;0.0;1.0;1.0;2.0;2.0;0.0;1.0;1.0;2.0
2024/25;Sabato;7;Dicembre;Roma;Lecce;4;1;True;False;False;1;-1;1;3;0;228;1;2;1;X;X;1;1;1;X;X;X;X;2;X;X;2;2;2;X;X;X;X;4.0;2.0;0.0;2.0;3.0;4.0;2.0;0.0;2.0;3.0;1.0;2.0;0.0;1.0;1.0;1.0;2.0;0.0;1.0;1.0
2024/25;Domenica;8;Dicembre;Fiorentina;Cagliari;1;0;True;False;False;1;-1;1;3;0;228;1;2;1;1;X;X;1;1;X;X;X;X;2;2;X;X;2;2;X;X;X;X;1.0;4.0;2.0;0.0;2.0;1.0;4.0;2.0;0.0;2.0;0.0;1.0;2.0;0.0;1.0;0.0;1.0;2.0;0.0;1.0
2024/25;Domenica;8;Dicembre;Hellas Verona;Empoli;1;4;False;False;True;-1;1;2;0;3;228;2;1;2;1;1;X;X;2;X;X;X;X;1;2;2;X;X;1;X;X;X;X;1.0;1.0;4.0;2.0;0.0;1.0;1.0;4.0;2.0;0.0;4.0;0.0;1.0;2.0;0.0;4.0;0.0;1.0;2.0;0.0
2024/25;Domenica;8;Dicembre;Venezia;Como;2;2;False;True;False;0;0;X;1;1;228;X;X;X;2;1;1;X;X;X;X;X;X;X;1;2;2;X;X;X;X;X;X;2.0;1.0;1.0;4.0;2.0;2.0;1.0;1.0;4.0;2.0;2.0;4.0;0.0;1.0;2.0;2.0;4.0;0.0;1.0;2.0
2024/25;Domenica;8;Dicembre;Napoli;Lazio;0;1;False;False;True;-1;1;2;0;3;228;2;1;2;X;2;1;1;2;X;X;X;X;1;X;1;2;2;1;X;X;X;X;0.0;2.0;1.0;1.0;4.0;0.0;2.0;1.0;1.0;4.0;1.0;2.0;4.0;0.0;1.0;1.0;2.0;4.0;0.0;1.0
2024/25;Lunedì;9;Dicembre;Monza;Udinese;1;2;False;False;True;-1;1;2;0;3;228;2;1;2;2;X;2;1;2;X;X;X;X;1;1;X;1;2;1;X;X;X;X;1.0;0.0;2.0;1.0;1.0;1.0;0.0;2.0;1.0;1.0;2.0;1.0;2.0;4.0;0.0;2.0;1.0;2.0;4.0;0.0
2024/25;Venerdì;13;Dicembre;Empoli;Torino;0;1;False;False;True;-1;1;2;0;3;228;2;1;2;2;2;X;2;2;X;X;X;X;1;1;1;X;1;1;X;X;X;X;0.0;1.0;0.0;2.0;1.0;0.0;1.0;0.0;2.0;1.0;1.0;2.0;1.0;2.0;4.0;1.0;2.0;1.0;2.0;4.0
2024/25;Sabato;14;Dicembre;Cagliari;Atalanta;0;1;False;False;True;-1;1;2;0;3;228;2;1;2;2;2;2;X;2;X;X;X;X;1;1;1;1;X;1;X;X;X;X;0.0;0.0;1.0;0.0;2.0;0.0;0.0;1.0;0.0;2.0;1.0;1.0;2.0;1.0;2.0;1.0;1.0;2.0;1.0;2.0
2024/25;Sabato;14;Dicembre;Udinese;Napoli;1;3;False;False;True;-1;1;2;0;3;228;2;1;2;2;2;2;2;2;X;X;X;X;1;1;1;1;1;1;X;X;X;X;1.0;0.0;0.0;1.0;0.0;1.0;0.0;0.0;1.0;0.0;3.0;1.0;1.0;2.0;1.0;3.0;1.0;1.0;2.0;1.0
2024/25;Sabato;14;Dicembre;Juventus;Venezia;2;2;False;True;False;0;0;X;1;1;228;X;X;X;2;2;2;2;X;X;X;X;X;X;1;1;1;1;X;X;X;X;X;2.0;1.0;0.0;0.0;1.0;2.0;1.0;0.0;0.0;1.0;2.0;3.0;1.0;1.0;2.0;2.0;3.0;1.0;1.0;2.0
2024/25;Domenica;15;Dicembre;Lecce;Monza;2;1;True;False;False;1;-1;1;3;0;228;1;2;1;X;2;2;2;1;X;X;X;X;2;X;1;1;1;2;X;X;X;X;2.0;2.0;1.0;0.0;0.0;2.0;2.0;1.0;0.0;0.0;1.0;2.0;3.0;1.0;1.0;1.0;2.0;3.0;1.0;1.0
2024/25;Domenica;15;Dicembre;Bologna;Fiorentina;1;0;True;False;False;1;-1;1;3;0;228;1;2;1;1;X;2;2;1;X;X;X;X;2;2;X;1;1;2;X;X;X;X;1.0;2.0;2.0;1.0;0.0;1.0;2.0;2.0;1.0;0.0;0.0;1.0;2.0;3.0;1.0;0.0;1.0;2.0;3.0;1.0
2024/25;Domenica;15;Dicembre;Parma;Hellas Verona;2;3;False;False;True;-1;1;2;0;3;228;2;1;2;1;1;X;2;2;X;X;X;X;1;2;2;X;1;1;X;X;X;X;2.0;1.0;2.0;2.0;1.0;2.0;1.0;2.0;2.0;1.0;3.0;0.0;1.0;2.0;3.0;3.0;0.0;1.0;2.0;3.0
2024/25;Domenica;15;Dicembre;Como;Roma;2;0;True;False;False;1;-1;1;3;0;228;1;2;1;2;1;1;X;1;X;X;X;X;2;1;2;2;X;2;X;X;X;X;2.0;2.0;1.0;2.0;2.0;2.0;2.0;1.0;2.0;2.0;0.0;3.0;0.0;1.0;2.0;0.0;3.0;0.0;1.0;2.0
2024/25;Domenica;15;Dicembre;Milan;Genoa;0;0;False;True;False;0;0;X;1;1;228;X;X;X;1;2;1;1;X;X;X;X;X;X;2;1;2;2;X;X;X;X;X;0.0;2.0;2.0;1.0;2.0;0.0;2.0;2.0;1.0;2.0;0.0;0.0;3.0;0.0;1.0;0.0;0.0;3.0;0.0;1.0
2024/25;Lunedì;16;Dicembre;Lazio;Inter;0;6;False;False;True;-1;1;2;0;3;228;2;1;2;X;1;2;1;2;X;X;X;X;1;X;2;1;2;1;X;X;X;X;0.0;0.0;2.0;2.0;1.0;0.0;0.0;2.0;2.0;1.0;6.0;0.0;0.0;3.0;0.0;6.0;0.0;0.0;3.0;0.0
2024/25;Venerdì;20;Dicembre;Hellas Verona;Milan;0;1;False;False;True;-1;1;2;0;3;228;2;1;2;2;X;1;2;2;X;X;X;X;1;1;X;2;1;1;X;X;X;X;0.0;0.0;0.0;2.0;2.0;0.0;0.0;0.0;2.0;2.0;1.0;6.0;0.0;0.0;3.0;1.0;6.0;0.0;0.0;3.0
2024/25;Sabato;21;Dicembre;Torino;Bologna;0;2;False;False;True;-1;1;2;0;3;228;2;1;2;2;2;X;1;2;X;X;X;X;1;1;1;X;2;1;X;X;X;X;0.0;0.0;0.0;0.0;2.0;0.0;0.0;0.0;0.0;2.0;2.0;1.0;6.0;0.0;0.0;2.0;1.0;6.0;0.0;0.0
2024/25;Sabato;21;Dicembre;Genoa;Napoli;1;2;False;False;True;-1;1;2;0;3;228;2;1;2;2;2;2;X;2;X;X;X;X;1;1;1;1;X;1;X;X;X;X;1.0;0.0;0.0;0.0;0.0;1.0;0.0;0.0;0.0;0.0;2.0;2.0;1.0;6.0;0.0;2.0;2.0;1.0;6.0;0.0
2024/25;Sabato;21;Dicembre;Lecce;Lazio;1;2;False;False;True;-1;1;2;0;3;228;2;1;2;2;2;2;2;2;X;X;X;X;1;1;1;1;1;1;X;X;X;X;1.0;1.0;0.0;0.0;0.0;1.0;1.0;0.0;0.0;0.0;2.0;2.0;2.0;1.0;6.0;2.0;2.0;2.0;1.0;6.0
2024/25;Domenica;22;Dicembre;Roma;Parma;5;0;True;False;False;1;-1;1;3;0;228;1;2;1;2;2;2;2;1;X;X;X;X;2;1;1;1;1;2;X;X;X;X;5.0;1.0;1.0;0.0;0.0;5.0;1.0;1.0;0.0;0.0;0.0;2.0;2.0;2.0;1.0;0.0;2.0;2.0;2.0;1.0
2024/25;Domenica;22;Dicembre;Venezia;Cagliari;2;1;True;False;False;1;-1;1;3;0;228;1;2;1;1;2;2;2;1;X;X;X;X;2;2;1;1;1;2;X;X;X;X;2.0;5.0;1.0;1.0;0.0;2.0;5.0;1.0;1.0;0.0;1.0;0.0;2.0;2.0;2.0;1.0;0.0;2.0;2.0;2.0
2024/25;Domenica;22;Dicembre;Atalanta;Empoli;3;2;True;False;False;1;-1;1;3;0;228;1;2;1;1;1;2;2;1;X;X;X;X;2;2;2;1;1;2;X;X;X;X;3.0;2.0;5.0;1.0;1.0;3.0;2.0;5.0;1.0;1.0;2.0;1.0;0.0;2.0;2.0;2.0;1.0;0.0;2.0;2.0
2024/25;Domenica;22;Dicembre;Monza;Juventus;1;2;False;False;True;-1;1;2;0;3;228;2;1;2;1;1;1;2;2;X;X;X;X;1;2;2;2;1;1;X;X;X;X;1.0;3.0;2.0;5.0;1.0;1.0;3.0;2.0;5.0;1.0;2.0;2.0;1.0;0.0;2.0;2.0;2.0;1.0;0.0;2.0
2024/25;Lunedì;23;Dicembre;Fiorentina;Udinese;1;2;False;False;True;-1;1;2;0;3;228;2;1;2;2;1;1;1;2;X;X;X;X;1;1;2;2;2;1;X;X;X;X;1.0;1.0;3.0;2.0;5.0;1.0;1.0;3.0;2.0;5.0;2.0;2.0;2.0;1.0;0.0;2.0;2.0;2.0;1.0;0.0
2024/25;Lunedì;23;Dicembre;Inter;Como;2;0;True;False;False;1;-1;1;3;0;228;1;2;1;2;2;1;1;1;X;X;X;X;2;1;1;2;2;2;X;X;X;X;2.0;1.0;1.0;3.0;2.0;2.0;1.0;1.0;3.0;2.0;0.0;2.0;2.0;2.0;1.0;0.0;2.0;2.0;2.0;1.0
2024/25;Sabato;28;Dicembre;Empoli;Genoa;1;2;False;False;True;-1;1;2;0;3;228;2;1;2;1;2;2;1;2;X;X;X;X;1;2;1;1;2;1;X;X;X;X;1.0;2.0;1.0;1.0;3.0;1.0;2.0;1.0;1.0;3.0;2.0;0.0;2.0;2.0;2.0;2.0;0.0;2.0;2.0;2.0
2024/25;Sabato;28;Dicembre;Parma;Monza;2;1;True;False;False;1;-1;1;3;0;228;1;2;1;2;1;2;2;1;X;X;X;X;2;1;2;1;1;2;X;X;X;X;2.0;1.0;2.0;1.0;1.0;2.0;1.0;2.0;1.0;1.0;1.0;2.0;0.0;2.0;2.0;1.0;2.0;0.0;2.0;2.0
2024/25;Sabato;28;Dicembre;Cagliari;Inter;0;3;False;False;True;-1;1;2;0;3;228;2;1;2;1;2;1;2;2;X;X;X;X;1;2;1;2;1;1;X;X;X;X;0.0;2.0;1.0;2.0;1.0;0.0;2.0;1.0;2.0;1.0;3.0;1.0;2.0;0.0;2.0;3.0;1.0;2.0;0.0;2.0
2024/25;Sabato;28;Dicembre;Lazio;Atalanta;1;1;False;True;False;0;0;X;1;1;228;X;X;X;2;1;2;1;X;X;X;X;X;X;1;2;1;2;X;X;X;X;X;1.0;0.0;2.0;1.0;2.0;1.0;0.0;2.0;1.0;2.0;1.0;3.0;1.0;2.0;0.0;1.0;3.0;1.0;2.0;0.0
2024/25;Domenica;29;Dicembre;Udinese;Torino;2;2;False;True;False;0;0;X;1;1;228;X;X;X;X;2;1;2;X;X;X;X;X;X;X;1;2;1;X;X;X;X;X;2.0;1.0;0.0;2.0;1.0;2.0;1.0;0.0;2.0;1.0;2.0;1.0;3.0;1.0;2.0;2.0;1.0;3.0;1.0;2.0
2024/25;Domenica;29;Dicembre;Napoli;Venezia;1;0;True;False;False;1;-1;1;3;0;228;1;2;1;X;X;2;1;1;X;X;X;X;2;X;X;1;2;2;X;X;X;X;1.0;2.0;1.0;0.0;2.0;1.0;2.0;1.0;0.0;2.0;0.0;2.0;1.0;3.0;1.0;0.0;2.0;1.0;3.0;1.0
2024/25;Domenica;29;Dicembre;Juventus;Fiorentina;2;2;False;True;False;0;0;X;1;1;228;X;X;X;1;X;X;2;X;X;X;X;X;X;2;X;X;1;X;X;X;X;X;2.0;1.0;2.0;1.0;0.0;2.0;1.0;2.0;1.0;0.0;2.0;0.0;2.0;1.0;3.0;2.0;0.0;2.0;1.0;3.0
2024/25;Domenica;29;Dicembre;Milan;Roma;1;1;False;True;False;0;0;X;1;1;228;X;X;X;X;1;X;X;X;X;X;X;X;X;X;2;X;X;X;X;X;X;X;1.0;2.0;1.0;2.0;1.0;1.0;2.0;1.0;2.0;1.0;1.0;2.0;0.0;2.0;1.0;1.0;2.0;0.0;2.0;1.0
2024/25;Lunedì;30;Dicembre;Como;Lecce;2;0;True;False;False;1;-1;1;3;0;228;1;2;1;X;X;1;X;1;X;X;X;X;2;X;X;2;X;2;X;X;X;X;2.0;1.0;2.0;1.0;2.0;2.0;1.0;2.0;1.0;2.0;0.0;1.0;2.0;0.0;2.0;0.0;1.0;2.0;0.0;2.0
2024/25;Lunedì;30;Dicembre;Bologna;Hellas Verona;2;3;False;False;True;-1;1;2;0;3;228;2;1;2;1;X;X;1;2;X;X;X;X;1;2;X;X;2;1;X;X;X;X;2.0;2.0;1.0;2.0;1.0;2.0;2.0;1.0;2.0;1.0;3.0;0.0;1.0;2.0;0.0;3.0;0.0;1.0;2.0;0.0
2024/25;Sabato;4;Gennaio;Venezia;Empoli;1;1;False;True;False;0;0;X;1;1;228;X;X;X;2;1;X;X;X;X;X;X;X;X;1;2;X;X;X;X;X;X;X;1.0;2.0;2.0;1.0;2.0;1.0;2.0;2.0;1.0;2.0;1.0;3.0;0.0;1.0;2.0;1.0;3.0;0.0;1.0;2.0
2024/25;Sabato;4;Gennaio;Fiorentina;Napoli;0;3;False;False;True;-1;1;2;0;3;228;2;1;2;X;2;1;X;2;X;X;X;X;1;X;1;2;X;1;X;X;X;X;0.0;1.0;2.0;2.0;1.0;0.0;1.0;2.0;2.0;1.0;3.0;1.0;3.0;0.0;1.0;3.0;1.0;3.0;0.0;1.0
2024/25;Sabato;4;Gennaio;Hellas Verona;Udinese;0;0;False;True;False;0;0;X;1;1;228;X;X;X;2;X;2;1;X;X;X;X;X;X;1;X;1;2;X;X;X;X;X;0.0;0.0;1.0;2.0;2.0;0.0;0.0;1.0;2.0;2.0;0.0;3.0;1.0;3.0;0.0;0.0;3.0;1.0;3.0;0.0
2024/25;Domenica;5;Gennaio;Monza;Cagliari;1;2;False;False;True;-1;1;2;0;3;228;2;1;2;X;2;X;2;2;X;X;X;X;1;X;1;X;1;1;X;X;X;X;1.0;0.0;0.0;1.0;2.0;1.0;0.0;0.0;1.0;2.0;2.0;0.0;3.0;1.0;3.0;2.0;0.0;3.0;1.0;3.0
2024/25;Domenica;5;Gennaio;Lecce;Genoa;0;0;False;True;False;0;0;X;1;1;228;X;X;X;2;X;2;X;X;X;X;X;X;X;1;X;1;X;X;X;X;X;X;0.0;1.0;0.0;0.0;1.0;0.0;1.0;0.0;0.0;1.0;0.0;2.0;0.0;3.0;1.0;0.0;2.0;0.0;3.0;1.0
2024/25;Domenica;5;Gennaio;Torino;Parma;0;0;False;True;False;0;0;X;1;1;228;X;X;X;X;2;X;2;X;X;X;X;X;X;X;1;X;1;X;X;X;X;X;0.0;0.0;1.0;0.0;0.0;0.0;0.0;1.0;0.0;0.0;0.0;0.0;2.0;0.0;3.0;0.0;0.0;2.0;0.0;3.0
2024/25;Domenica;5;Gennaio;Roma;Lazio;2;0;True;False;False;1;-1;1;3;0;228;1;2;1;X;X;2;X;1;X;X;X;X;2;X;X;1;X;2;X;X;X;X;2.0;0.0;0.0;1.0;0.0;2.0;0.0;0.0;1.0;0.0;0.0;0.0;0.0;2.0;0.0;0.0;0.0;0.0;2.0;0.0
2024/25;Martedì;14;Gennaio;Como;Milan;1;2;False;False;True;-1;1;2;0;3;228;2;1;2;1;X;X;2;2;X;X;X;X;1;2;X;X;1;1;X;X;X;X;1.0;2.0;0.0;0.0;1.0;1.0;2.0;0.0;0.0;1.0;2.0;0.0;0.0;0.0;2.0;2.0;0.0;0.0;0.0;2.0
2024/25;Martedì;14;Gennaio;Atalanta;Juventus;1;1;False;True;False;0;0;X;1;1;228;X;X;X;2;1;X;X;X;X;X;X;X;X;1;2;X;X;X;X;X;X;X;1.0;1.0;2.0;0.0;0.0;1.0;1.0;2.0;0.0;0.0;1.0;2.0;0.0;0.0;0.0;1.0;2.0;0.0;0.0;0.0
2024/25;Mercoledì;15;Gennaio;Inter;Bologna;2;2;False;True;False;0;0;X;1;1;228;X;X;X;X;2;1;X;X;X;X;X;X;X;X;1;2;X;X;X;X;X;X;2.0;1.0;1.0;2.0;0.0;2.0;1.0;1.0;2.0;0.0;2.0;1.0;2.0;0.0;0.0;2.0;1.0;2.0;0.0;0.0
2024/25;Venerdì;10;Gennaio;Lazio;Como;1;1;False;True;False;0;0;X;1;1;228;X;X;X;X;X;2;1;X;X;X;X;X;X;X;X;1;2;X;X;X;X;X;1.0;2.0;1.0;1.0;2.0;1.0;2.0;1.0;1.0;2.0;1.0;2.0;1.0;2.0;0.0;1.0;2.0;1.0;2.0;0.0
2024/25;Sabato;11;Gennaio;Empoli;Lecce;1;3;False;False;True;-1;1;2;0;3;228;2;1;2;X;X;X;2;2;X;X;X;X;1;X;X;X;1;1;X;X;X;X;1.0;1.0;2.0;1.0;1.0;1.0;1.0;2.0;1.0;1.0;3.0;1.0;2.0;1.0;2.0;3.0;1.0;2.0;1.0;2.0
2024/25;Sabato;11;Gennaio;Udinese;Atalanta;0;0;False;True;False;0;0;X;1;1;228;X;X;X;2;X;X;X;X;X;X;X;X;X;1;X;X;X;X;X;X;X;X;0.0;1.0;1.0;2.0;1.0;0.0;1.0;1.0;2.0;1.0;0.0;3.0;1.0;2.0;1.0;0.0;3.0;1.0;2.0;1.0
2024/25;Sabato;11;Gennaio;Torino;Juventus;1;1;False;True;False;0;0;X;1;1;228;X;X;X;X;2;X;X;X;X;X;X;X;X;X;1;X;X;X;X;X;X;X;1.0;0.0;1.0;1.0;2.0;1.0;0.0;1.0;1.0;2.0;1.0;0.0;3.0;1.0;2.0;1.0;0.0;3.0;1.0;2.0
2024/25;Sabato;11;Gennaio;Milan;Cagliari;1;1;False;True;False;0;0;X;1;1;228;X;X;X;X;X;2;X;X;X;X;X;X;X;X;X;1;X;X;X;X;X;X;1.0;1.0;0.0;1.0;1.0;1.0;1.0;0.0;1.0;1.0;1.0;1.0;0.0;3.0;1.0;1.0;1.0;0.0;3.0;1.0
2024/25;Domenica;12;Gennaio;Genoa;Parma;1;0;True;False;False;1;-1;1;3;0;228;1;2;1;X;X;X;2;1;X;X;X;X;2;X;X;X;1;2;X;X;X;X;1.0;1.0;1.0;0.0;1.0;1.0;1.0;1.0;0.0;1.0;0.0;1.0;1.0;0.0;3.0;0.0;1.0;1.0;0.0;3.0
2024/25;Domenica;12;Gennaio;Venezia;Inter;0;1;False;False;True;-1;1;2;0;3;228;2;1;2;1;X;X;X;2;X;X;X;X;1;2;X;X;X;1;X;X;X;X;0.0;1.0;1.0;1.0;0.0;0.0;1.0;1.0;1.0;0.0;1.0;0.0;1.0;1.0;0.0;1.0;0.0;1.0;1.0;0.0
2024/25;Domenica;12;Gennaio;Bologna;Roma;2;2;False;True;False;0;0;X;1;1;228;X;X;X;2;1;X;X;X;X;X;X;X;X;1;2;X;X;X;X;X;X;X;2.0;0.0;1.0;1.0;1.0;2.0;0.0;1.0;1.0;1.0;2.0;1.0;0.0;1.0;1.0;2.0;1.0;0.0;1.0;1.0
2024/25;Domenica;12;Gennaio;Napoli;Hellas Verona;2;0;True;False;False;1;-1;1;3;0;228;1;2;1;X;2;1;X;1;X;X;X;X;2;X;1;2;X;2;X;X;X;X;2.0;2.0;0.0;1.0;1.0;2.0;2.0;0.0;1.0;1.0;0.0;2.0;1.0;0.0;1.0;0.0;2.0;1.0;0.0;1.0
2024/25;Lunedì;13;Gennaio;Monza;Fiorentina;2;1;True;False;False;1;-1;1;3;0;228;1;2;1;1;X;2;1;1;X;X;X;X;2;2;X;1;2;2;X;X;X;X;2.0;2.0;2.0;0.0;1.0;2.0;2.0;2.0;0.0;1.0;1.0;0.0;2.0;1.0;0.0;1.0;0.0;2.0;1.0;0.0
2024/25;Venerdì;17;Gennaio;Roma;Genoa;3;1;True;False;False;1;-1;1;3;0;228;1;2;1;1;1;X;2;1;X;X;X;X;2;2;2;X;1;2;X;X;X;X;3.0;2.0;2.0;2.0;0.0;3.0;2.0;2.0;2.0;0.0;1.0;1.0;0.0;2.0;1.0;1.0;1.0;0.0;2.0;1.0
2024/25;Sabato;18;Gennaio;Bologna;Monza;3;1;True;False;False;1;-1;1;3;0;228;1;2;1;1;1;1;X;1;X;X;X;X;2;2;2;2;X;2;X;X;X;X;3.0;3.0;2.0;2.0;2.0;3.0;3.0;2.0;2.0;2.0;1.0;1.0;1.0;0.0;2.0;1.0;1.0;1.0;0.0;2.0
2024/25;Sabato;18;Gennaio;Juventus;Milan;2;0;True;False;False;1;-1;1;3;0;228;1;2;1;1;1;1;1;1;X;X;X;X;2;2;2;2;2;2;X;X;X;X;2.0;3.0;3.0;2.0;2.0;2.0;3.0;3.0;2.0;2.0;0.0;1.0;1.0;1.0;0.0;0.0;1.0;1.0;1.0;0.0
2024/25;Sabato;18;Gennaio;Atalanta;Napoli;2;3;False;False;True;-1;1;2;0;3;228;2;1;2;1;1;1;1;2;X;X;X;X;1;2;2;2;2;1;X;X;X;X;2.0;2.0;3.0;3.0;2.0;2.0;2.0;3.0;3.0;2.0;3.0;0.0;1.0;1.0;1.0;3.0;0.0;1.0;1.0;1.0
2024/25;Domenica;19;Gennaio;Fiorentina;Torino;1;1;False;True;False;0;0;X;1;1;228;X;X;X;2;1;1;1;X;X;X;X;X;X;1;2;2;2;X;X;X;X;X;1.0;2.0;2.0;3.0;3.0;1.0;2.0;2.0;3.0;3.0;1.0;3.0;0.0;1.0;1.0;1.0;3.0;0.0;1.0;1.0
2024/25;Domenica;19;Gennaio;Cagliari;Lecce;4;1;True;False;False;1;-1;1;3;0;228;1;2;1;X;2;1;1;1;X;X;X;X;2;X;1;2;2;2;X;X;X;X;4.0;1.0;2.0;2.0;3.0;4.0;1.0;2.0;2.0;3.0;1.0;1.0;3.0;0.0;1.0;1.0;1.0;3.0;0.0;1.0
2024/25;Domenica;19;Gennaio;Parma;Venezia;1;1;False;True;False;0;0;X;1;1;228;X;X;X;1;X;2;1;X;X;X;X;X;X;2;X;1;2;X;X;X;X;X;1.0;4.0;1.0;2.0;2.0;1.0;4.0;1.0;2.0;2.0;1.0;1.0;1.0;3.0;0.0;1.0;1.0;1.0;3.0;0.0
2024/25;Domenica;19;Gennaio;Hellas Verona;Lazio;0;3;False;False;True;-1;1;2;0;3;228;2;1;2;X;1;X;2;2;X;X;X;X;1;X;2;X;1;1;X;X;X;X;0.0;1.0;4.0;1.0;2.0;0.0;1.0;4.0;1.0;2.0;3.0;1.0;1.0;1.0;3.0;3.0;1.0;1.0;1.0;3.0
2024/25;Domenica;19;Gennaio;Inter;Empoli;3;1;True;False;False;1;-1;1;3;0;228;1;2;1;2;X;1;X;1;X;X;X;X;2;1;X;2;X;2;X;X;X;X;3.0;0.0;1.0;4.0;1.0;3.0;0.0;1.0;4.0;1.0;1.0;3.0;1.0;1.0;1.0;1.0;3.0;1.0;1.0;1.0
2024/25;Lunedì;20;Gennaio;Como;Udinese;4;1;True;False;False;1;-1;1;3;0;228;1;2;1;1;2;X;1;1;X;X;X;X;2;2;1;X;2;2;X;X;X;X;4.0;3.0;0.0;1.0;4.0;4.0;3.0;0.0;1.0;4.0;1.0;1.0;3.0;1.0;1.0;1.0;1.0;3.0;1.0;1.0
2024/25;Venerdì;24;Gennaio;Torino;Cagliari;2;0;True;False;False;1;-1;1;3;0;228;1;2;1;1;1;2;X;1;X;X;X;X;2;2;2;1;X;2;X;X;X;X;2.0;4.0;3.0;0.0;1.0;2.0;4.0;3.0;0.0;1.0;0.0;1.0;1.0;3.0;1.0;0.0;1.0;1.0;3.0;1.0
2024/25;Sabato;25;Gennaio;Como;Atalanta;1;2;False;False;True;-1;1;2;0;3;228;2;1;2;1;1;1;2;2;X;1;X;X;1;2;2;2;1;1;X;X;X;X;1.0;2.0;4.0;3.0;0.0;1.0;2.0;4.0;3.0;0.0;2.0;0.0;1.0;1.0;3.0;2.0;0.0;1.0;1.0;3.0
2024/25;Sabato;25;Gennaio;Napoli;Juventus;2;1;True;False;False;1;-1;1;3;0;228;1;2;1;2;1;1;1;1;X;X;X;X;2;1;2;2;2;2;X;X;X;X;2.0;1.0;2.0;4.0;3.0;2.0;1.0;2.0;4.0;3.0;1.0;2.0;0.0;1.0;1.0;1.0;2.0;0.0;1.0;1.0
2024/25;Sabato;25;Gennaio;Empoli;Bologna;1;1;False;True;False;0;0;X;1;1;228;X;X;X;1;2;1;1;X;X;X;X;X;X;2;1;2;2;X;X;X;X;X;1.0;2.0;1.0;2.0;4.0;1.0;2.0;1.0;2.0;4.0;1.0;1.0;2.0;0.0;1.0;1.0;1.0;2.0;0.0;1.0
2024/25;Domenica;26;Gennaio;Milan;Parma;3;2;True;False;False;1;-1;1;3;0;228;1;2;1;X;1;2;1;1;X;X;X;X;2;X;2;1;2;2;X;X;X;X;3.0;1.0;2.0;1.0;2.0;3.0;1.0;2.0;1.0;2.0;2.0;1.0;1.0;2.0;0.0;2.0;1.0;1.0;2.0;0.0
2024/25;Domenica;26;Gennaio;Udinese;Roma;1;2;False;False;True;-1;1;2;0;3;228;2;1;2;1;X;1;2;2;X;X;X;X;1;2;X;2;1;1;X;X;X;X;1.0;3.0;1.0;2.0;1.0;1.0;3.0;1.0;2.0;1.0;2.0;2.0;1.0;1.0;2.0;2.0;2.0;1.0;1.0;2.0
2024/25;Domenica;26;Gennaio;Lecce;Inter;0;4;False;False;True;-1;1;2;0;3;228;2;1;2;2;1;X;1;2;X;X;X;X;1;1;2;X;2;1;X;X;X;X;0.0;1.0;3.0;1.0;2.0;0.0;1.0;3.0;1.0;2.0;4.0;2.0;2.0;1.0;1.0;4.0;2.0;2.0;1.0;1.0
2024/25;Domenica;26;Gennaio;Lazio;Fiorentina;1;2;False;False;True;-1;1;2;0;3;228;2;1;2;2;2;1;X;2;X;X;X;X;1;1;1;2;X;1;X;X;X;X;1.0;0.0;1.0;3.0;1.0;1.0;0.0;1.0;3.0;1.0;2.0;4.0;2.0;2.0;1.0;2.0;4.0;2.0;2.0;1.0
2024/25;Lunedì;27;Gennaio;Venezia;Hellas Verona;1;1;False;True;False;0;0;X;1;1;228;X;X;X;2;2;2;1;X;X;X;X;X;X;1;1;1;2;X;X;X;X;X;1.0;1.0;0.0;1.0;3.0;1.0;1.0;0.0;1.0;3.0;1.0;2.0;4.0;2.0;2.0;1.0;2.0;4.0;2.0;2.0
2024/25;Lunedì;27;Gennaio;Genoa;Monza;2;0;True;False;False;1;-1;1;3;0;228;1;2;1;X;2;2;2;1;X;X;X;X;2;X;1;1;1;2;X;X;X;X;2.0;1.0;1.0;0.0;1.0;2.0;1.0;1.0;0.0;1.0;0.0;1.0;2.0;4.0;2.0;0.0;1.0;2.0;4.0;2.0
2024/25;Venerdì;31;Gennaio;Parma;Lecce;1;3;False;False;True;-1;1;2;0;3;228;2;1;2;1;X;2;2;2;X;X;X;X;1;2;X;1;1;1;X;X;X;X;1.0;2.0;1.0;1.0;0.0;1.0;2.0;1.0;1.0;0.0;3.0;0.0;1.0;2.0;4.0;3.0;0.0;1.0;2.0;4.0
2024/25;Sabato;1;Febbraio;Monza;Hellas Verona;0;1;False;False;True;-1;1;2;0;3;228;2;1;2;2;1;X;2;2;X;X;X;X;1;1;2;X;1;1;X;X;X;X;0.0;1.0;2.0;1.0;1.0;0.0;1.0;2.0;1.0;1.0;1.0;3.0;0.0;1.0;2.0;1.0;3.0;0.0;1.0;2.0
2024/25;Sabato;1;Febbraio;Udinese;Venezia;3;2;True;False;False;1;-1;1;3;0;228;1;2;1;2;2;1;X;1;X;X;X;X;2;1;1;2;X;2;X;X;X;X;3.0;0.0;1.0;2.0;1.0;3.0;0.0;1.0;2.0;1.0;2.0;1.0;3.0;0.0;1.0;2.0;1.0;3.0;0.0;1.0
2024/25;Sabato;1;Febbraio;Atalanta;Torino;1;1;False;True;False;0;0;X;1;1;228;X;X;X;1;2;2;1;X;X;X;X;X;X;2;1;1;2;X;X;X;X;X;1.0;3.0;0.0;1.0;2.0;1.0;3.0;0.0;1.0;2.0;1.0;2.0;1.0;3.0;0.0;1.0;2.0;1.0;3.0;0.0
2024/25;Sabato;1;Febbraio;Bologna;Como;2;0;True;False;False;1;-1;1;3;0;228;1;2;1;X;1;2;2;1;X;X;X;X;2;X;2;1;1;2;X;X;X;X;2.0;1.0;3.0;0.0;1.0;2.0;1.0;3.0;0.0;1.0;0.0;1.0;2.0;1.0;3.0;0.0;1.0;2.0;1.0;3.0
2024/25;Domenica;2;Febbraio;Juventus;Empoli;4;1;True;False;False;1;-1;1;3;0;228;1;2;1;1;X;1;2;1;X;X;X;X;2;2;X;2;1;2;X;X;X;X;4.0;2.0;1.0;3.0;0.0;4.0;2.0;1.0;3.0;0.0;1.0;0.0;1.0;2.0;1.0;1.0;0.0;1.0;2.0;1.0
2024/25;Domenica;2;Febbraio;Fiorentina;Genoa;2;1;True;False;False;1;-1;1;3;0;228;1;2;1;1;1;X;1;1;X;X;X;X;2;2;2;X;2;2;X;X;X;X;2.0;4.0;2.0;1.0;3.0;2.0;4.0;2.0;1.0;3.0;1.0;1.0;0.0;1.0;2.0;1.0;1.0;0.0;1.0;2.0
2024/25;Domenica;2;Febbraio;Milan;Inter;1;1;False;True;False;0;0;X;1;1;228;X;X;X;1;1;1;X;X;X;X;X;X;X;2;2;2;X;X;X;X;X;X;1.0;2.0;4.0;2.0;1.0;1.0;2.0;4.0;2.0;1.0;1.0;1.0;1.0;0.0;1.0;1.0;1.0;1.0;0.0;1.0
2024/25;Domenica;2;Febbraio;Roma;Napoli;1;1;False;True;False;0;0;X;1;1;228;X;X;X;X;1;1;1;X;X;X;X;X;X;X;2;2;2;X;X;X;X;X;1.0;1.0;2.0;4.0;2.0;1.0;1.0;2.0;4.0;2.0;1.0;1.0;1.0;1.0;0.0;1.0;1.0;1.0;1.0;0.0
2024/25;Lunedì;3;Febbraio;Cagliari;Lazio;1;2;False;False;True;-1;1;2;0;3;228;2;1;2;X;X;1;1;2;X;X;X;X;1;X;X;2;2;1;X;X;X;X;1.0;1.0;1.0;2.0;4.0;1.0;1.0;1.0;2.0;4.0;2.0;1.0;1.0;1.0;1.0;2.0;1.0;1.0;1.0;1.0
2024/25;Venerdì;7;Febbraio;Como;Juventus;1;2;False;False;True;-1;1;2;0;3;228;2;1;2;2;X;X;1;2;X;X;X;X;1;1;X;X;2;1;X;X;X;X;1.0;1.0;1.0;1.0;2.0;1.0;1.0;1.0;1.0;2.0;2.0;2.0;1.0;1.0;1.0;2.0;2.0;1.0;1.0;1.0
2024/25;Sabato;8;Febbraio;Hellas Verona;Atalanta;0;5;False;False;True;-1;1;2;0;3;228;2;1;2;2;2;X;X;2;X;X;X;X;1;1;1;X;X;1;X;X;X;X;0.0;1.0;1.0;1.0;1.0;0.0;1.0;1.0;1.0;1.0;5.0;2.0;2.0;1.0;1.0;5.0;2.0;2.0;1.0;1.0
2024/25;Sabato;8;Febbraio;Empoli;Milan;0;2;False;False;True;-1;1;2;0;3;228;2;1;2;2;2;2;X;2;X;X;X;X;1;1;1;1;X;1;X;X;X;X;0.0;0.0;1.0;1.0;1.0;0.0;0.0;1.0;1.0;1.0;2.0;5.0;2.0;2.0;1.0;2.0;5.0;2.0;2.0;1.0
2024/25;Sabato;8;Febbraio;Torino;Genoa;1;1;False;True;False;0;0;X;1;1;228;X;X;X;2;2;2;2;X;X;X;X;X;X;1;1;1;1;X;X;X;X;X;1.0;0.0;0.0;1.0;1.0;1.0;0.0;0.0;1.0;1.0;1.0;2.0;5.0;2.0;2.0;1.0;2.0;5.0;2.0;2.0
2024/25;Domenica;9;Febbraio;Venezia;Roma;0;1;False;False;True;-1;1;2;0;3;228;2;1;2;X;2;2;2;2;X;X;X;X;1;X;1;1;1;1;X;X;X;X;0.0;1.0;0.0;0.0;1.0;0.0;1.0;0.0;0.0;1.0;1.0;1.0;2.0;5.0;2.0;1.0;1.0;2.0;5.0;2.0
2024/25;Domenica;9;Febbraio;Cagliari;Parma;2;1;True;False;False;1;-1;1;3;0;228;1;2;1;2;X;2;2;1;X;X;X;X;2;1;X;1;1;2;X;X;X;X;2.0;0.0;1.0;0.0;0.0;2.0;0.0;1.0;0.0;0.0;1.0;1.0;1.0;2.0;5.0;1.0;1.0;1.0;2.0;5.0
2024/25;Domenica;9;Febbraio;Lazio;Monza;5;1;True;False;False;1;-1;1;3;0;228;1;2;1;1;2;X;2;1;X;X;X;X;2;2;1;X;1;2;X;X;X;X;5.0;2.0;0.0;1.0;0.0;5.0;2.0;0.0;1.0;0.0;1.0;1.0;1.0;1.0;2.0;1.0;1.0;1.0;1.0;2.0
2024/25;Domenica;9;Febbraio;Lecce;Bologna;0;0;False;True;False;0;0;X;1;1;228;X;X;X;1;1;2;X;X;X;X;X;X;X;2;2;1;X;X;X;X;X;X;0.0;5.0;2.0;0.0;1.0;0.0;5.0;2.0;0.0;1.0;0.0;1.0;1.0;1.0;1.0;0.0;1.0;1.0;1.0;1.0
2024/25;Domenica;9;Febbraio;Napoli;Udinese;1;1;False;True;False;0;0;X;1;1;228;X;X;X;X;1;1;2;X;X;X;X;X;X;X;2;2;1;X;X;X;X;X;1.0;0.0;5.0;2.0;0.0;1.0;0.0;5.0;2.0;0.0;1.0;0.0;1.0;1.0;1.0;1.0;0.0;1.0;1.0;1.0
2024/25;Lunedì;10;Febbraio;Inter;Fiorentina;2;1;True;False;False;1;-1;1;3;0;228;1;2;1;X;X;1;1;1;X;X;X;X;2;X;X;2;2;2;X;X;X;X;2.0;1.0;0.0;5.0;2.0;2.0;1.0;0.0;5.0;2.0;1.0;1.0;0.0;1.0;1.0;1.0;1.0;0.0;1.0;1.0
2024/25;Venerdì;14;Febbraio;Bologna;Torino;3;2;True;False;False;1;-1;1;3;0;228;1;2;1;1;X;X;1;1;X;X;X;X;2;2;X;X;2;2;X;X;X;X;3.0;2.0;1.0;0.0;5.0;3.0;2.0;1.0;0.0;5.0;2.0;1.0;1.0;0.0;1.0;2.0;1.0;1.0;0.0;1.0
2024/25;Sabato;15;Febbraio;Atalanta;Cagliari;0;0;False;True;False;0;0;X;1;1;228;X;X;X;1;1;X;X;X;X;X;X;X;X;2;2;X;X;X;X;X;X;X;0.0;3.0;2.0;1.0;0.0;0.0;3.0;2.0;1.0;0.0;0.0;2.0;1.0;1.0;0.0;0.0;2.0;1.0;1.0;0.0
2024/25;Sabato;15;Febbraio;Lazio;Napoli;2;2;False;True;False;0;0;X;1;1;228;X;X;X;X;1;1;X;X;X;X;X;X;X;X;2;2;X;X;X;X;X;X;2.0;0.0;3.0;2.0;1.0;2.0;0.0;3.0;2.0;1.0;2.0;0.0;2.0;1.0;1.0;2.0;0.0;2.0;1.0;1.0
2024/25;Sabato;15;Febbraio;Milan;Hellas Verona;1;0;True;False;False;1;-1;1;3;0;228;1;2;1;X;X;1;1;1;X;X;X;X;2;X;X;2;2;2;X;X;X;X;1.0;2.0;0.0;3.0;2.0;1.0;2.0;0.0;3.0;2.0;0.0;2.0;0.0;2.0;1.0;0.0;2.0;0.0;2.0;1.0
2024/25;Domenica;16;Febbraio;Fiorentina;Como;0;2;False;False;True;-1;1;2;0;3;228;2;1;2;1;X;X;1;2;X;X;X;X;1;2;X;X;2;1;X;X;X;X;0.0;1.0;2.0;0.0;3.0;0.0;1.0;2.0;0.0;3.0;2.0;0.0;2.0;0.0;2.0;2.0;0.0;2.0;0.0;2.0
2024/25;Domenica;16;Febbraio;Monza;Lecce;0;0;False;True;False;0;0;X;1;1;228;X;X;X;2;1;X;X;X;X;X;X;X;X;1;2;X;X;X;X;X;X;X;0.0;0.0;1.0;2.0;0.0;0.0;0.0;1.0;2.0;0.0;0.0;2.0;0.0;2.0;0.0;0.0;2.0;0.0;2.0;0.0
2024/25;Domenica;16;Febbraio;Udinese;Empoli;3;0;True;False;False;1;-1;1;3;0;228;1;2;1;X;2;1;X;1;X;X;X;X;2;X;1;2;X;2;X;X;X;X;3.0;0.0;0.0;1.0;2.0;3.0;0.0;0.0;1.0;2.0;0.0;0.0;2.0;0.0;2.0;0.0;0.0;2.0;0.0;2.0
2024/25;Domenica;16;Febbraio;Parma;Roma;0;1;False;False;True;-1;1;2;0;3;228;2;1;2;1;X;2;1;2;X;X;X;X;1;2;X;1;2;1;X;X;X;X;0.0;3.0;0.0;0.0;1.0;0.0;3.0;0.0;0.0;1.0;1.0;0.0;0.0;2.0;0.0;1.0;0.0;0.0;2.0;0.0
2024/25;Domenica;16;Febbraio;Juventus;Inter;1;0;True;False;False;1;-1;1;3;0;228;1;2;1;2;1;X;2;1;X;X;X;X;2;1;2;X;1;2;X;X;X;X;1.0;0.0;3.0;0.0;0.0;1.0;0.0;3.0;0.0;0.0;0.0;1.0;0.0;0.0;2.0;0.0;1.0;0.0;0.0;2.0
2024/25;Lunedì;17;Febbraio;Genoa;Venezia;2;0;True;False;False;1;-1;1;3;0;228;1;2;1;1;2;1;X;1;X;X;X;X;2;2;1;2;X;2;X;X;X;X;2.0;1.0;0.0;3.0;0.0;2.0;1.0;0.0;3.0;0.0;0.0;0.0;1.0;0.0;0.0;0.0;0.0;1.0;0.0;0.0
2024/25;Venerdì;21;Febbraio;Lecce;Udinese;0;1;False;False;True;-1;1;2;0;3;228;2;1;2;1;1;2;1;2;X;X;X;X;1;2;2;1;2;1;X;X;X;X;0.0;2.0;1.0;0.0;3.0;0.0;2.0;1.0;0.0;3.0;1.0;0.0;0.0;1.0;0.0;1.0;0.0;0.0;1.0;0.0
2024/25;Sabato;22;Febbraio;Parma;Bologna;2;0;True;False;False;1;-1;1;3;0;228;1;2;1;2;1;1;2;1;X;X;X;2;2;1;2;2;1;2;X;X;X;X;2.0;0.0;2.0;1.0;0.0;2.0;0.0;2.0;1.0;0.0;0.0;1.0;0.0;0.0;1.0;0.0;1.0;0.0;0.0;1.0
2024/25;Sabato;22;Febbraio;Venezia;Lazio;0;0;False;True;False;0;0;X;1;1;228;X;X;X;1;2;1;1;X;X;X;X;X;X;2;1;2;2;X;X;X;X;X;0.0;2.0;0.0;2.0;1.0;0.0;2.0;0.0;2.0;1.0;0.0;0.0;1.0;0.0;0.0;0.0;0.0;1.0;0.0;0.0
2024/25;Sabato;22;Febbraio;Torino;Milan;2;1;True;False;False;1;-1;1;3;0;228;1;2;1;X;1;2;1;1;X;X;X;X;2;X;2;1;2;2;X;X;X;X;2.0;0.0;2.0;0.0;2.0;2.0;0.0;2.0;0.0;2.0;1.0;0.0;0.0;1.0;0.0;1.0;0.0;0.0;1.0;0.0
2024/25;Sabato;22;Febbraio;Inter;Genoa;1;0;True;False;False;1;-1;1;3;0;228;1;2;1;1;X;1;2;1;X;X;X;X;2;2;X;2;1;2;X;X;X;X;1.0;2.0;0.0;2.0;0.0;1.0;2.0;0.0;2.0;0.0;0.0;1.0;0.0;0.0;1.0;0.0;1.0;0.0;0.0;1.0
2024/25;Domenica;23;Febbraio;Como;Napoli;2;1;True;False;False;1;-1;1;3;0;228;1;2;1;1;1;X;1;1;X;X;X;X;2;2;2;X;2;2;X;X;X;X;2.0;1.0;2.0;0.0;2.0;2.0;1.0;2.0;0.0;2.0;1.0;0.0;1.0;0.0;0.0;1.0;0.0;1.0;0.0;0.0
2024/25;Domenica;23;Febbraio;Hellas Verona;Fiorentina;1;0;True;False;False;1;-1;1;3;0;228;1;2;1;1;1;1;X;1;X;X;X;X;2;2;2;2;X;2;X;X;X;X;1.0;2.0;1.0;2.0;0.0;1.0;2.0;1.0;2.0;0.0;0.0;1.0;0.0;1.0;0.0;0.0;1.0;0.0;1.0;0.0
2024/25;Domenica;23;Febbraio;Empoli;Atalanta;0;5;False;False;True;-1;1;2;0;3;228;2;1;2;1;1;1;1;2;X;X;X;X;1;2;2;2;2;1;X;X;X;X;0.0;1.0;2.0;1.0;2.0;0.0;1.0;2.0;1.0;2.0;5.0;0.0;1.0;0.0;1.0;5.0;0.0;1.0;0.0;1.0
2024/25;Domenica;23;Febbraio;Cagliari;Juventus;0;1;False;False;True;-1;1;2;0;3;228;2;1;2;2;1;1;1;2;X;X;X;X;1;1;2;2;2;1;X;X;X;X;0.0;0.0;1.0;2.0;1.0;0.0;0.0;1.0;2.0;1.0;1.0;5.0;0.0;1.0;0.0;1.0;5.0;0.0;1.0;0.0
2024/25;Lunedì;24;Febbraio;Roma;Monza;4;0;True;False;False;1;-1;1;3;0;228;1;2;1;2;2;1;1;1;X;X;X;X;2;1;1;2;2;2;X;X;X;X;4.0;0.0;0.0;1.0;2.0;4.0;0.0;0.0;1.0;2.0;0.0;1.0;5.0;0.0;1.0;0.0;1.0;5.0;0.0;1.0
2024/25;Venerdì;28;Febbraio;Fiorentina;Lecce;1;0;True;False;False;1;-1;1;3;0;228;1;2;1;1;2;2;1;1;X;X;X;X;2;2;1;1;2;2;X;X;X;X;1.0;4.0;0.0;0.0;1.0;1.0;4.0;0.0;0.0;1.0;0.0;0.0;1.0;5.0;0.0;0.0;0.0;1.0;5.0;0.0
2024/25;Sabato;1;Marzo;Atalanta;Venezia;0;0;False;True;False;0;0;X;1;1;228;X;X;X;1;1;2;2;X;X;X;X;X;X;2;2;1;1;X;X;X;X;X;0.0;1.0;4.0;0.0;0.0;0.0;1.0;4.0;0.0;0.0;0.0;0.0;0.0;1.0;5.0;0.0;0.0;0.0;1.0;5.0
2024/25;Sabato;1;Marzo;Napoli;Inter;1;1;False;True;False;0;0;X;1;1;228;X;X;X;X;1;1;2;X;X;X;X;X;X;X;2;2;1;X;X;X;X;X;1.0;0.0;1.0;4.0;0.0;1.0;0.0;1.0;4.0;0.0;1.0;0.0;0.0;0.0;1.0;1.0;0.0;0.0;0.0;1.0
2024/25;Sabato;1;Marzo;Udinese;Parma;1;0;True;False;False;1;-1;1;3;0;228;1;2;1;X;X;1;1;1;X;X;X;X;2;X;X;2;2;2;X;X;X;X;1.0;1.0;0.0;1.0;4.0;1.0;1.0;0.0;1.0;4.0;0.0;1.0;0.0;0.0;0.0;0.0;1.0;0.0;0.0;0.0
2024/25;Domenica;2;Marzo;Monza;Torino;0;2;False;False;True;-1;1;2;0;3;228;2;1;2;1;X;X;1;2;X;X;X;X;1;2;X;X;2;1;X;X;X;X;0.0;1.0;1.0;0.0;1.0;0.0;1.0;1.0;0.0;1.0;2.0;0.0;1.0;0.0;0.0;2.0;0.0;1.0;0.0;0.0
2024/25;Domenica;2;Marzo;Bologna;Cagliari;2;1;True;False;False;1;-1;1;3;0;228;1;2;1;2;1;X;X;1;X;X;X;X;2;1;2;X;X;2;X;X;X;X;2.0;0.0;1.0;1.0;0.0;2.0;0.0;1.0;1.0;0.0;1.0;2.0;0.0;1.0;0.0;1.0;2.0;0.0;1.0;0.0
2024/25;Domenica;2;Marzo;Genoa;Empoli;1;1;False;True;False;0;0;X;1;1;228;X;X;X;1;2;1;X;X;X;X;X;X;X;2;1;2;X;X;X;X;X;X;1.0;2.0;0.0;1.0;1.0;1.0;2.0;0.0;1.0;1.0;1.0;1.0;2.0;0.0;1.0;1.0;1.0;2.0;0.0;1.0
2024/25;Domenica;2;Marzo;Roma;Como;2;1;True;False;False;1;-1;1;3;0;228;1;2;1;X;1;2;1;1;X;X;X;X;2;X;2;1;2;2;X;X;X;X;2.0;1.0;2.0;0.0;1.0;2.0;1.0;2.0;0.0;1.0;1.0;1.0;1.0;2.0;0.0;1.0;1.0;1.0;2.0;0.0
2024/25;Domenica;2;Marzo;Milan;Lazio;1;2;False;False;True;-1;1;2;0;3;228;2;1;2;1;X;1;2;2;X;X;X;X;1;2;X;2;1;1;X;X;X;X;1.0;2.0;1.0;2.0;0.0;1.0;2.0;1.0;2.0;0.0;2.0;1.0;1.0;1.0;2.0;2.0;1.0;1.0;1.0;2.0
2024/25;Lunedì;3;Marzo;Juventus;Hellas Verona;2;0;True;False;False;1;-1;1;3;0;228;1;2;1;2;1;X;1;1;X;X;X;X;2;1;2;X;2;2;X;X;X;X;2.0;1.0;2.0;1.0;2.0;2.0;1.0;2.0;1.0;2.0;0.0;2.0;1.0;1.0;1.0;0.0;2.0;1.0;1.0;1.0
2024/25;Venerdì;7;Marzo;Cagliari;Genoa;1;1;False;True;False;0;0;X;1;1;228;X;X;X;1;2;1;X;X;X;X;X;X;X;2;1;2;X;X;X;X;X;X;1.0;2.0;1.0;2.0;1.0;1.0;2.0;1.0;2.0;1.0;1.0;0.0;2.0;1.0;1.0;1.0;0.0;2.0;1.0;1.0
2024/25;Sabato;8;Marzo;Como;Venezia;1;1;False;True;False;0;0;X;1;1;228;X;X;X;X;1;2;1;X;X;X;X;X;X;X;2;1;2;X;X;X;X;X;1.0;1.0;2.0;1.0;2.0;1.0;1.0;2.0;1.0;2.0;1.0;1.0;0.0;2.0;1.0;1.0;1.0;0.0;2.0;1.0
2024/25;Sabato;8;Marzo;Parma;Torino;2;2;False;True;False;0;0;X;1;1;228;X;X;X;X;X;1;2;X;X;X;X;X;X;X;X;2;1;X;X;X;X;X;2.0;1.0;1.0;2.0;1.0;2.0;1.0;1.0;2.0;1.0;2.0;1.0;1.0;0.0;2.0;2.0;1.0;1.0;0.0;2.0
2024/25;Sabato;8;Marzo;Lecce;Milan;2;3;False;False;True;-1;1;2;0;3;228;2;1;2;X;X;X;1;2;X;X;X;X;1;X;X;X;2;1;X;X;X;X;2.0;2.0;1.0;1.0;2.0;2.0;2.0;1.0;1.0;2.0;3.0;2.0;1.0;1.0;0.0;3.0;2.0;1.0;1.0;0.0
2024/25;Sabato;8;Marzo;Inter;Monza;3;2;True;False;False;1;-1;1;3;0;228;1;2;1;2;X;X;X;1;X;X;X;X;2;1;X;X;X;2;X;X;X;X;3.0;2.0;2.0;1.0;1.0;3.0;2.0;2.0;1.0;1.0;2.0;3.0;2.0;1.0;1.0;2.0;3.0;2.0;1.0;1.0
2024/25;Domenica;9;Marzo;Hellas Verona;Bologna;1;2;False;False;True;-1;1;2;0;3;228;2;1;2;1;2;X;X;2;X;X;X;X;1;2;1;X;X;1;X;X;X;X;1.0;3.0;2.0;2.0;1.0;1.0;3.0;2.0;2.0;1.0;2.0;2.0;3.0;2.0;1.0;2.0;2.0;3.0;2.0;1.0
2024/25;Domenica;9;Marzo;Napoli;Fiorentina;2;1;True;False;False;1;-1;1;3;0;228;1;2;1;2;1;2;X;1;X;X;X;X;2;1;2;1;X;2;X;X;X;X;2.0;1.0;3.0;2.0;2.0;2.0;1.0;3.0;2.0;2.0;1.0;2.0;2.0;3.0;2.0;1.0;2.0;2.0;3.0;2.0
2024/25;Domenica;9;Marzo;Empoli;Roma;0;1;False;False;True;-1;1;2;0;3;228;2;1;2;1;2;1;2;2;X;X;X;X;1;2;1;2;1;1;X;X;X;X;0.0;2.0;1.0;3.0;2.0;0.0;2.0;1.0;3.0;2.0;1.0;1.0;2.0;2.0;3.0;1.0;1.0;2.0;2.0;3.0
2024/25;Domenica;9;Marzo;Juventus;Atalanta;0;4;False;False;True;-1;1;2;0;3;228;2;1;2;2;1;2;1;2;X;X;X;X;1;1;2;1;2;1;X;X;X;X;0.0;0.0;2.0;1.0;3.0;0.0;0.0;2.0;1.0;3.0;4.0;1.0;1.0;2.0;2.0;4.0;1.0;1.0;2.0;2.0
2024/25;Lunedì;10;Marzo;Lazio;Udinese;1;1;False;True;False;0;0;X;1;1;228;X;X;X;2;2;1;2;X;X;X;X;X;X;1;1;2;1;X;X;X;X;X;1.0;0.0;0.0;2.0;1.0;1.0;0.0;0.0;2.0;1.0;1.0;4.0;1.0;1.0;2.0;1.0;4.0;1.0;1.0;2.0
2024/25;Venerdì;14;Marzo;Genoa;Lecce;2;1;True;False;False;1;-1;1;3;0;228;1;2;1;X;2;2;1;1;X;X;X;X;2;X;1;1;2;2;X;X;X;X;2.0;1.0;0.0;0.0;2.0;2.0;1.0;0.0;0.0;2.0;1.0;1.0;4.0;1.0;1.0;1.0;1.0;4.0;1.0;1.0
2024/25;Sabato;15;Marzo;Monza;Parma;1;1;False;True;False;0;0;X;1;1;228;X;X;X;1;X;2;2;X;X;X;X;X;X;2;X;1;1;X;X;X;X;X;1.0;2.0;1.0;0.0;0.0;1.0;2.0;1.0;0.0;0.0;1.0;1.0;1.0;4.0;1.0;1.0;1.0;1.0;4.0;1.0
2024/25;Sabato;15;Marzo;Udinese;Hellas Verona;0;1;False;False;True;-1;1;2;0;3;228;2;1;2;X;1;X;2;2;X;X;X;X;1;X;2;X;1;1;X;X;X;X;0.0;1.0;2.0;1.0;0.0;0.0;1.0;2.0;1.0;0.0;1.0;1.0;1.0;1.0;4.0;1.0;1.0;1.0;1.0;4.0
2024/25;Sabato;15;Marzo;Milan;Como;2;1;True;False;False;1;-1;1;3;0;228;1;2;1;2;X;1;X;1;X;X;X;X;2;1;X;2;X;2;X;X;X;X;2.0;0.0;1.0;2.0;1.0;2.0;0.0;1.0;2.0;1.0;1.0;1.0;1.0;1.0;1.0;1.0;1.0;1.0;1.0;1.0
2024/25;Sabato;15;Marzo;Torino;Empoli;1;0;True;False;False;1;-1;1;3;0;228;1;2;1;1;2;X;1;1;X;X;X;X;2;2;1;X;2;2;X;X;X;X;1.0;2.0;0.0;1.0;2.0;1.0;2.0;0.0;1.0;2.0;0.0;1.0;1.0;1.0;1.0;0.0;1.0;1.0;1.0;1.0
2024/25;Domenica;16;Marzo;Venezia;Napoli;0;0;False;True;False;0;0;X;1;1;228;X;X;X;1;1;2;X;X;X;X;X;X;X;2;2;1;X;X;X;X;X;X;0.0;1.0;2.0;0.0;1.0;0.0;1.0;2.0;0.0;1.0;0.0;0.0;1.0;1.0;1.0;0.0;0.0;1.0;1.0;1.0
2024/25;Domenica;16;Marzo;Bologna;Lazio;5;0;True;False;False;1;-1;1;3;0;228;1;2;1;X;1;1;2;1;X;X;X;X;2;X;2;2;1;2;X;X;X;X;5.0;0.0;1.0;2.0;0.0;5.0;0.0;1.0;2.0;0.0;0.0;0.0;0.0;1.0;1.0;0.0;0.0;0.0;1.0;1.0
2024/25;Domenica;16;Marzo;Roma;Cagliari;1;0;True;False;False;1;-1;1;3;0;228;1;2;1;1;X;1;1;1;X;X;X;X;2;2;X;2;2;2;X;X;X;X;1.0;5.0;0.0;1.0;2.0;1.0;5.0;0.0;1.0;2.0;0.0;0.0;0.0;0.0;1.0;0.0;0.0;0.0;0.0;1.0
2024/25;Domenica;16;Marzo;Fiorentina;Juventus;3;0;True;False;False;1;-1;1;3;0;228;1;2;1;1;1;X;1;1;X;X;X;X;2;2;2;X;2;2;X;X;X;X;3.0;1.0;5.0;0.0;1.0;3.0;1.0;5.0;0.0;1.0;0.0;0.0;0.0;0.0;0.0;0.0;0.0;0.0;0.0;0.0
2024/25;Domenica;16;Marzo;Atalanta;Inter;0;2;False;False;True;-1;1;2;0;3;228;2;1;2;1;1;1;X;2;X;X;X;X;1;2;2;2;X;1;X;X;X;X;0.0;3.0;1.0;5.0;0.0;0.0;3.0;1.0;5.0;0.0;2.0;0.0;0.0;0.0;0.0;2.0;0.0;0.0;0.0;0.0
2024/25;Sabato;29;Marzo;Como;Empoli;1;1;False;True;False;0;0;X;1;1;228;X;X;X;2;1;1;1;X;X;X;X;X;X;1;2;2;2;X;X;X;X;X;1.0;0.0;3.0;1.0;5.0;1.0;0.0;3.0;1.0;5.0;1.0;2.0;0.0;0.0;0.0;1.0;2.0;0.0;0.0;0.0
2024/25;Sabato;29;Marzo;Venezia;Bologna;0;1;False;False;True;-1;1;2;0;3;228;2;1;2;X;2;1;1;2;X;X;X;X;1;X;1;2;2;1;X;X;X;X;0.0;1.0;0.0;3.0;1.0;0.0;1.0;0.0;3.0;1.0;1.0;1.0;2.0;0.0;0.0;1.0;1.0;2.0;0.0;0.0
2024/25;Sabato;29;Marzo;Juventus;Genoa;1;0;True;False;False;1;-1;1;3;0;228;1;2;1;2;X;2;1;1;X;X;X;X;2;1;X;1;2;2;X;X;X;X;1.0;0.0;1.0;0.0;3.0;1.0;0.0;1.0;0.0;3.0;0.0;1.0;1.0;2.0;0.0;0.0;1.0;1.0;2.0;0.0
2024/25;Sabato;29;Marzo;Lecce;Roma;0;1;False;False;True;-1;1;2;0;3;228;2;1;2;1;2;X;2;2;X;X;X;X;1;2;1;X;1;1;X;X;X;X;0.0;1.0;0.0;1.0;0.0;0.0;1.0;0.0;1.0;0.0;1.0;0.0;1.0;1.0;2.0;1.0;0.0;1.0;1.0;2.0
2024/25;Domenica;30;Marzo;Cagliari;Monza;3;0;True;False;False;1;-1;1;3;0;228;1;2;1;2;1;2;X;1;X;X;X;X;2;1;2;1;X;2;X;X;X;X;3.0;0.0;1.0;0.0;1.0;3.0;0.0;1.0;0.0;1.0;0.0;1.0;0.0;1.0;1.0;0.0;1.0;0.0;1.0;1.0
2024/25;Domenica;30;Marzo;Fiorentina;Atalanta;1;0;True;False;False;1;-1;1;3;0;228;1;2;1;1;2;1;2;1;X;X;X;X;2;2;1;2;1;2;X;X;X;X;1.0;3.0;0.0;1.0;0.0;1.0;3.0;0.0;1.0;0.0;0.0;0.0;1.0;0.0;1.0;0.0;0.0;1.0;0.0;1.0
2024/25;Domenica;30;Marzo;Inter;Udinese;2;1;True;False;False;1;-1;1;3;0;228;1;2;1;1;1;2;1;1;X;X;X;X;2;2;2;1;2;2;X;X;X;X;2.0;1.0;3.0;0.0;1.0;2.0;1.0;3.0;0.0;1.0;1.0;0.0;0.0;1.0;0.0;1.0;0.0;0.0;1.0;0.0
2024/25;Domenica;30;Marzo;Napoli;Milan;2;1;True;False;False;1;-1;1;3;0;228;1;2;1;1;1;1;2;1;X;X;X;X;2;2;2;2;1;2;X;X;X;X;2.0;2.0;1.0;3.0;0.0;2.0;2.0;1.0;3.0;0.0;1.0;1.0;0.0;0.0;1.0;1.0;1.0;0.0;0.0;1.0
2024/25;Lunedì;31;Marzo;Hellas Verona;Parma;0;0;False;True;False;0;0;X;1;1;228;X;X;X;1;1;1;1;X;X;X;X;X;X;2;2;2;2;X;X;X;X;X;0.0;2.0;2.0;1.0;3.0;0.0;2.0;2.0;1.0;3.0;0.0;1.0;1.0;0.0;0.0;0.0;1.0;1.0;0.0;0.0
2024/25;Lunedì;31;Marzo;Lazio;Torino;1;1;False;True;False;0;0;X;1;1;228;X;X;X;X;1;1;1;X;X;X;X;X;X;X;2;2;2;X;X;X;X;X;1.0;0.0;2.0;2.0;1.0;1.0;0.0;2.0;2.0;1.0;1.0;0.0;1.0;1.0;0.0;1.0;0.0;1.0;1.0;0.0
2024/25;Venerdì;4;Aprile;Genoa;Udinese;1;0;True;False;False;1;-1;1;3;0;228;1;2;1;X;X;1;1;1;X;X;X;X;2;X;X;2;2;2;X;X;X;2;1.0;1.0;0.0;2.0;2.0;1.0;1.0;0.0;2.0;2.0;0.0;1.0;0.0;1.0;1.0;0.0;1.0;0.0;1.0;1.0
2024/25;Sabato;5;Aprile;Monza;Como;1;3;False;False;True;-1;1;2;0;3;228;2;1;2;1;X;X;1;2;X;X;X;X;1;2;X;X;2;1;X;X;X;X;1.0;1.0;1.0;0.0;2.0;1.0;1.0;1.0;0.0;2.0;3.0;0.0;1.0;0.0;1.0;3.0;0.0;1.0;0.0;1.0
2024/25;Sabato;5;Aprile;Parma;Inter;2;2;False;True;False;0;0;X;1;1;228;X;X;X;2;1;X;X;X;X;X;X;X;X;1;2;X;X;X;X;X;X;X;2.0;1.0;1.0;1.0;0.0;2.0;1.0;1.0;1.0;0.0;2.0;3.0;0.0;1.0;0.0;2.0;3.0;0.0;1.0;0.0
2024/25;Sabato;5;Aprile;Milan;Fiorentina;2;2;False;True;False;0;0;X;1;1;228;X;X;X;X;2;1;X;X;X;X;X;X;X;X;1;2;X;X;X;X;X;X;2.0;2.0;1.0;1.0;1.0;2.0;2.0;1.0;1.0;1.0;2.0;2.0;3.0;0.0;1.0;2.0;2.0;3.0;0.0;1.0
2024/25;Domenica;6;Aprile;Lecce;Venezia;1;1;False;True;False;0;0;X;1;1;228;X;X;X;X;X;2;1;X;X;X;X;X;X;X;X;1;2;X;X;X;X;X;1.0;2.0;2.0;1.0;1.0;1.0;2.0;2.0;1.0;1.0;1.0;2.0;2.0;3.0;0.0;1.0;2.0;2.0;3.0;0.0
2024/25;Domenica;6;Aprile;Empoli;Cagliari;0;0;False;True;False;0;0;X;1;1;228;X;X;X;X;X;X;2;X;X;X;X;X;X;X;X;X;1;X;X;X;X;X;0.0;1.0;2.0;2.0;1.0;0.0;1.0;2.0;2.0;1.0;0.0;1.0;2.0;2.0;3.0;0.0;1.0;2.0;2.0;3.0
2024/25;Domenica;6;Aprile;Torino;Hellas Verona;1;1;False;True;False;0;0;X;1;1;228;X;X;X;X;X;X;X;X;X;X;X;X;X;X;X;X;X;X;X;X;X;X;1.0;0.0;1.0;2.0;2.0;1.0;0.0;1.0;2.0;2.0;1.0;0.0;1.0;2.0;2.0;1.0;0.0;1.0;2.0;2.0
2024/25;Domenica;6;Aprile;Atalanta;Lazio;0;1;False;False;True;-1;1;2;0;3;228;2;1;2;X;X;X;X;2;X;X;X;X;1;X;X;X;X;1;X;X;X;X;0.0;1.0;0.0;1.0;2.0;0.0;1.0;0.0;1.0;2.0;1.0;1.0;0.0;1.0;2.0;1.0;1.0;0.0;1.0;2.0
2024/25;Domenica;6;Aprile;Roma;Juventus;1;1;False;True;False;0;0;X;1;1;228;X;X;X;2;X;X;X;X;X;X;X;X;X;1;X;X;X;X;X;X;X;X;1.0;0.0;1.0;0.0;1.0;1.0;0.0;1.0;0.0;1.0;1.0;1.0;1.0;0.0;1.0;1.0;1.0;1.0;0.0;1.0
2024/25;Lunedì;7;Aprile;Bologna;Napoli;1;1;False;True;False;0;0;X;1;1;228;X;X;X;X;2;X;X;X;X;X;X;X;X;X;1;X;X;X;X;X;X;X;1.0;1.0;0.0;1.0;0.0;1.0;1.0;0.0;1.0;0.0;1.0;1.0;1.0;1.0;0.0;1.0;1.0;1.0;1.0;0.0
2024/25;Venerdì;11;Aprile;Udinese;Milan;0;4;False;False;True;-1;1;2;0;3;228;2;1;2;X;X;2;X;2;X;X;X;X;1;X;X;1;X;1;X;X;X;X;0.0;1.0;1.0;0.0;1.0;0.0;1.0;1.0;0.0;1.0;4.0;1.0;1.0;1.0;1.0;4.0;1.0;1.0;1.0;1.0
2024/25;Sabato;12;Aprile;Venezia;Monza;1;0;True;False;False;1;-1;1;3;0;228;1;2;1;2;X;X;2;1;X;X;X;X;2;1;X;X;1;2;X;X;X;X;1.0;0.0;1.0;1.0;0.0;1.0;0.0;1.0;1.0;0.0;0.0;4.0;1.0;1.0;1.0;0.0;4.0;1.0;1.0;1.0
2024/25;Sabato;12;Aprile;Inter;Cagliari;3;1;True;False;False;1;-1;1;3;0;228;1;2;1;1;2;X;X;1;X;X;X;X;2;2;1;X;X;2;X;X;X;X;3.0;1.0;0.0;1.0;1.0;3.0;1.0;0.0;1.0;1.0;1.0;0.0;4.0;1.0;1.0;1.0;0.0;4.0;1.0;1.0
2024/25;Sabato;12;Aprile;Juventus;Lecce;2;1;True;False;False;1;-1;1;3;0;228;1;2;1;1;1;2;X;1;X;X;X;X;2;2;2;1;X;2;X;X;X;X;2.0;3.0;1.0;0.0;1.0;2.0;3.0;1.0;0.0;1.0;1.0;1.0;0.0;4.0;1.0;1.0;1.0;0.0;4.0;1.0
2024/25;Domenica;13;Aprile;Atalanta;Bologna;2;0;True;False;False;1;-1;1;3;0;228;1;2;1;1;1;1;2;1;X;X;X;X;2;2;2;2;1;2;X;X;X;X;2.0;2.0;3.0;1.0;0.0;2.0;2.0;3.0;1.0;0.0;0.0;1.0;1.0;0.0;4.0;0.0;1.0;1.0;0.0;4.0
2024/25;Domenica;13;Aprile;Fiorentina;Parma;0;0;False;True;False;0;0;X;1;1;228;X;X;X;1;1;1;1;X;X;X;X;X;X;2;2;2;2;X;X;X;X;X;0.0;2.0;2.0;3.0;1.0;0.0;2.0;2.0;3.0;1.0;0.0;0.0;1.0;1.0;0.0;0.0;0.0;1.0;1.0;0.0
2024/25;Domenica;13;Aprile;Hellas Verona;Genoa;0;0;False;True;False;0;0;X;1;1;228;X;X;X;X;1;1;1;X;X;X;X;X;X;X;2;2;2;X;X;X;X;X;0.0;0.0;2.0;2.0;3.0;0.0;0.0;2.0;2.0;3.0;0.0;0.0;0.0;1.0;1.0;0.0;0.0;0.0;1.0;1.0
2024/25;Domenica;13;Aprile;Como;Torino;1;0;True;False;False;1;-1;1;3;0;228;1;2;1;X;X;1;1;1;X;X;X;X;2;X;X;2;2;2;X;X;X;X;1.0;0.0;0.0;2.0;2.0;1.0;0.0;0.0;2.0;2.0;0.0;0.0;0.0;0.0;1.0;0.0;0.0;0.0;0.0;1.0
2024/25;Domenica;13;Aprile;Lazio;Roma;1;1;False;True;False;0;0;X;1;1;228;X;X;X;1;X;X;1;X;X;X;X;X;X;2;X;X;2;X;X;X;X;X;1.0;1.0;0.0;0.0;2.0;1.0;1.0;0.0;0.0;2.0;1.0;0.0;0.0;0.0;0.0;1.0;0.0;0.0;0.0;0.0
2024/25;Lunedì;14;Aprile;Napoli;Empoli;3;0;True;False;False;1;-1;1;3;0;228;1;2;1;X;1;X;X;1;X;X;X;X;2;X;2;X;X;2;X;X;X;X;3.0;1.0;1.0;0.0;0.0;3.0;1.0;1.0;0.0;0.0;0.0;1.0;0.0;0.0;0.0;0.0;1.0;0.0;0.0;0.0
2024/25;Sabato;19;Aprile;Lecce;Como;0;3;False;False;True;-1;1;2;0;3;228;2;1;2;1;X;1;X;2;X;X;X;X;1;2;X;2;X;1;X;X;X;X;0.0;3.0;1.0;1.0;0.0;0.0;3.0;1.0;1.0;0.0;3.0;0.0;1.0;0.0;0.0;3.0;0.0;1.0;0.0;0.0
2024/25;Sabato;19;Aprile;Monza;Napoli;0;1;False;False;True;-1;1;2;0;3;228;2;1;2;2;1;X;1;2;X;X;X;X;1;1;2;X;2;1;X;X;X;X;0.0;0.0;3.0;1.0;1.0;0.0;0.0;3.0;1.0;1.0;1.0;3.0;0.0;1.0;0.0;1.0;3.0;0.0;1.0;0.0
2024/25;Sabato;19;Aprile;Roma;Hellas Verona;1;0;True;False;False;1;-1;1;3;0;228;1;2;1;2;2;1;X;1;X;X;X;X;2;1;1;2;X;2;X;X;X;X;1.0;0.0;0.0;3.0;1.0;1.0;0.0;0.0;3.0;1.0;0.0;1.0;3.0;0.0;1.0;0.0;1.0;3.0;0.0;1.0
2024/25;Domenica;20;Aprile;Empoli;Venezia;2;2;False;True;False;0;0;X;1;1;228;X;X;X;1;2;2;1;X;X;X;X;X;X;2;1;1;2;X;X;X;X;X;2.0;1.0;0.0;0.0;3.0;2.0;1.0;0.0;0.0;3.0;2.0;0.0;1.0;3.0;0.0;2.0;0.0;1.0;3.0;0.0
2024/25;Domenica;20;Aprile;Bologna;Inter;1;0;True;False;False;1;-1;1;3;0;228;1;2;1;X;1;2;2;1;X;X;X;X;2;X;2;1;1;2;X;X;X;X;1.0;2.0;1.0;0.0;0.0;1.0;2.0;1.0;0.0;0.0;0.0;2.0;0.0;1.0;3.0;0.0;2.0;0.0;1.0;3.0
2024/25;Domenica;20;Aprile;Milan;Atalanta;0;1;False;False;True;-1;1;2;0;3;228;2;1;2;1;X;1;2;2;X;X;X;X;1;2;X;2;1;1;X;X;X;X;0.0;1.0;2.0;1.0;0.0;0.0;1.0;2.0;1.0;0.0;1.0;0.0;2.0;0.0;1.0;1.0;0.0;2.0;0.0;1.0
2024/25;Mercoledì;23;Aprile;Cagliari;Fiorentina;1;2;False;False;True;-1;1;2;0;3;228;2;1;2;2;1;X;1;2;X;X;X;X;1;1;2;X;2;1;X;X;X;X;1.0;0.0;1.0;2.0;1.0;1.0;0.0;1.0;2.0;1.0;2.0;1.0;0.0;2.0;0.0;2.0;1.0;0.0;2.0;0.0
2024/25;Mercoledì;23;Aprile;Genoa;Lazio;0;2;False;False;True;-1;1;2;0;3;228;2;1;2;2;2;1;X;2;X;X;X;X;1;1;1;2;X;1;X;X;X;X;0.0;1.0;0.0;1.0;2.0;0.0;1.0;0.0;1.0;2.0;2.0;2.0;1.0;0.0;2.0;2.0;2.0;1.0;0.0;2.0
2024/25;Mercoledì;23;Aprile;Parma;Juventus;1;0;True;False;False;1;-1;1;3;0;228;1;2;1;2;2;2;1;1;X;X;X;X;2;1;1;1;2;2;X;X;X;X;1.0;0.0;1.0;0.0;1.0;1.0;0.0;1.0;0.0;1.0;0.0;2.0;2.0;1.0;0.0;0.0;2.0;2.0;1.0;0.0
2024/25;Mercoledì;23;Aprile;Torino;Udinese;2;0;True;False;False;1;-1;1;3;0;228;1;2;1;1;2;2;2;1;X;X;X;X;2;2;1;1;1;2;X;X;X;X;2.0;1.0;0.0;1.0;0.0;2.0;1.0;0.0;1.0;0.0;0.0;0.0;2.0;2.0;1.0;0.0;0.0;2.0;2.0;1.0
2024/25;Domenica;27;Aprile;Como;Genoa;1;0;True;False;False;1;-1;1;3;0;228;1;2;1;1;1;2;2;1;X;X;X;X;2;2;2;1;1;2;X;X;X;X;1.0;2.0;1.0;0.0;1.0;1.0;2.0;1.0;0.0;1.0;0.0;0.0;0.0;2.0;2.0;0.0;0.0;0.0;2.0;2.0
2024/25;Domenica;27;Aprile;Venezia;Milan;0;2;False;False;True;-1;1;2;0;3;228;2;1;2;1;1;1;2;2;X;X;X;X;1;2;2;2;1;1;X;X;X;X;0.0;1.0;2.0;1.0;0.0;0.0;1.0;2.0;1.0;0.0;2.0;0.0;0.0;0.0;2.0;2.0;0.0;0.0;0.0;2.0
2024/25;Domenica;27;Aprile;Fiorentina;Empoli;2;1;True;False;False;1;-1;1;3;0;228;1;2;1;2;1;1;1;1;X;X;X;X;2;1;2;2;2;2;X;X;X;X;2.0;0.0;1.0;2.0;1.0;2.0;0.0;1.0;2.0;1.0;1.0;2.0;0.0;0.0;0.0;1.0;2.0;0.0;0.0;0.0
2024/25;Domenica;27;Aprile;Inter;Roma;0;1;False;False;True;-1;1;2;0;3;228;2;1;2;1;2;1;1;2;X;X;X;X;1;2;1;2;2;1;X;X;X;X;0.0;2.0;0.0;1.0;2.0;0.0;2.0;0.0;1.0;2.0;1.0;1.0;2.0;0.0;0.0;1.0;1.0;2.0;0.0;0.0
2024/25;Domenica;27;Aprile;Juventus;Monza;2;0;True;False;False;1;-1;1;3;0;228;1;2;1;2;1;2;1;1;X;X;X;X;2;1;2;1;2;2;X;X;X;X;2.0;0.0;2.0;0.0;1.0;2.0;0.0;2.0;0.0;1.0;0.0;1.0;1.0;2.0;0.0;0.0;1.0;1.0;2.0;0.0
2024/25;Domenica;27;Aprile;Atalanta;Lecce;1;1;False;True;False;0;0;X;1;1;228;X;X;X;1;2;1;2;X;X;X;X;X;X;2;1;2;1;X;X;X;X;X;1.0;2.0;0.0;2.0;0.0;1.0;2.0;0.0;2.0;0.0;1.0;0.0;1.0;1.0;2.0;1.0;0.0;1.0;1.0;2.0
2024/25;Domenica;27;Aprile;Napoli;Torino;2;0;True;False;False;1;-1;1;3;0;228;1;2;1;X;1;2;1;1;X;X;X;X;2;X;2;1;2;2;X;X;X;X;2.0;1.0;2.0;0.0;2.0;2.0;1.0;2.0;0.0;2.0;0.0;1.0;0.0;1.0;1.0;0.0;1.0;0.0;1.0;1.0
2024/25;Lunedì;28;Aprile;Udinese;Bologna;0;0;False;True;False;0;0;X;1;1;228;X;X;X;1;X;1;2;X;X;X;X;X;X;2;X;2;1;X;X;X;X;X;0.0;2.0;1.0;2.0;0.0;0.0;2.0;1.0;2.0;0.0;0.0;0.0;1.0;0.0;1.0;0.0;0.0;1.0;0.0;1.0
2024/25;Lunedì;28;Aprile;Hellas Verona;Cagliari;0;2;False;False;True;-1;1;2;0;3;228;2;1;2;X;1;X;1;2;X;X;X;X;1;X;2;X;2;1;X;X;X;X;0.0;0.0;2.0;1.0;2.0;0.0;0.0;2.0;1.0;2.0;2.0;0.0;0.0;1.0;0.0;2.0;0.0;0.0;1.0;0.0
2024/25;Lunedì;28;Aprile;Lazio;Parma;2;2;False;True;False;0;0;X;1;1;228;X;X;X;2;X;1;X;X;X;X;X;X;X;1;X;2;X;X;X;X;X;X;2.0;0.0;0.0;2.0;1.0;2.0;0.0;0.0;2.0;1.0;2.0;2.0;0.0;0.0;1.0;2.0;2.0;0.0;0.0;1.0
2024/25;Venerdì;2;Maggio;Torino;Venezia;1;1;False;True;False;0;0;X;1;1;228;X;X;X;X;2;X;1;X;X;X;X;X;X;X;1;X;2;X;X;X;X;X;1.0;2.0;0.0;0.0;2.0;1.0;2.0;0.0;0.0;2.0;1.0;2.0;2.0;0.0;0.0;1.0;2.0;2.0;0.0;0.0
2024/25;Sabato;3;Maggio;Cagliari;Udinese;1;2;False;False;True;-1;1;2;0;3;228;2;1;2;X;X;2;X;2;X;X;X;X;1;X;X;1;X;1;X;X;X;X;1.0;1.0;2.0;0.0;0.0;1.0;1.0;2.0;0.0;0.0;2.0;1.0;2.0;2.0;0.0;2.0;1.0;2.0;2.0;0.0
2024/25;Sabato;3;Maggio;Parma;Como;0;1;False;False;True;-1;1;2;0;3;228;2;1;2;2;X;X;2;2;X;X;X;X;1;1;X;X;1;1;X;X;X;X;0.0;1.0;1.0;2.0;0.0;0.0;1.0;1.0;2.0;0.0;1.0;2.0;1.0;2.0;2.0;1.0;2.0;1.0;2.0;2.0
2024/25;Sabato;3;Maggio;Lecce;Napoli;0;1;False;False;True;-1;1;2;0;3;228;2;1;2;2;2;X;X;2;X;X;X;X;1;1;1;X;X;1;X;X;X;X;0.0;0.0;1.0;1.0;2.0;0.0;0.0;1.0;1.0;2.0;1.0;1.0;2.0;1.0;2.0;1.0;1.0;2.0;1.0;2.0
2024/25;Sabato;3;Maggio;Inter;Hellas Verona;1;0;True;False;False;1;-1;1;3;0;228;1;2;1;2;2;2;X;1;X;X;X;X;2;1;1;1;X;2;X;X;X;X;1.0;0.0;0.0;1.0;1.0;1.0;0.0;0.0;1.0;1.0;0.0;1.0;1.0;2.0;1.0;0.0;1.0;1.0;2.0;1.0
2024/25;Domenica;4;Maggio;Empoli;Lazio;0;1;False;False;True;-1;1;2;0;3;228;2;1;2;1;2;2;2;2;X;X;X;X;1;2;1;1;1;1;X;X;X;X;0.0;1.0;0.0;0.0;1.0;0.0;1.0;0.0;0.0;1.0;1.0;0.0;1.0;1.0;2.0;1.0;0.0;1.0;1.0;2.0
2024/25;Domenica;4;Maggio;Monza;Atalanta;0;4;False;False;True;-1;1;2;0;3;228;2;1;2;2;1;2;2;2;X;X;X;X;1;1;2;1;1;1;X;X;X;X;0.0;0.0;1.0;0.0;0.0;0.0;0.0;1.0;0.0;0.0;4.0;1.0;0.0;1.0;1.0;4.0;1.0;0.0;1.0;1.0
2024/25;Domenica;4;Maggio;Roma;Fiorentina;1;0;True;False;False;1;-1;1;3;0;228;1;2;1;2;2;1;2;1;X;X;X;X;2;1;1;2;1;2;X;X;X;X;1.0;0.0;0.0;1.0;0.0;1.0;0.0;0.0;1.0;0.0;0.0;4.0;1.0;0.0;1.0;0.0;4.0;1.0;0.0;1.0
2024/25;Domenica;4;Maggio;Bologna;Juventus;1;1;False;True;False;0;0;X;1;1;228;X;X;X;1;2;2;1;X;X;X;X;X;X;2;1;1;2;X;X;X;X;X;1.0;1.0;0.0;0.0;1.0;1.0;1.0;0.0;0.0;1.0;1.0;0.0;4.0;1.0;0.0;1.0;0.0;4.0;1.0;0.0
2024/25;Lunedì;5;Maggio;Genoa;Milan;1;2;False;False;True;-1;1;2;0;3;228;2;1;2;X;1;2;2;2;X;X;X;X;1;X;2;1;1;1;X;X;X;X;1.0;1.0;1.0;0.0;0.0;1.0;1.0;1.0;0.0;0.0;2.0;1.0;0.0;4.0;1.0;2.0;1.0;0.0;4.0;1.0
2024/25;Venerdì;9;Maggio;Milan;Bologna;3;1;True;False;False;1;-1;1;3;0;228;1;2;1;2;X;1;2;1;X;X;X;X;2;1;X;2;1;2;X;X;X;X;3.0;1.0;1.0;1.0;0.0;3.0;1.0;1.0;1.0;0.0;1.0;2.0;1.0;0.0;4.0;1.0;2.0;1.0;0.0;4.0
2024/25;Sabato;10;Maggio;Como;Cagliari;3;1;True;False;False;1;-1;1;3;0;228;1;2;1;1;2;X;1;1;X;X;X;X;2;2;1;X;2;2;X;X;X;X;3.0;3.0;1.0;1.0;1.0;3.0;3.0;1.0;1.0;1.0;1.0;1.0;2.0;1.0;0.0;1.0;1.0;2.0;1.0;0.0
2024/25;Sabato;10;Maggio;Lazio;Juventus;1;1;False;True;False;0;0;X;1;1;228;X;X;X;1;1;2;X;X;X;X;X;X;X;2;2;1;X;X;X;X;X;X;1.0;3.0;3.0;1.0;1.0;1.0;3.0;3.0;1.0;1.0;1.0;1.0;1.0;2.0;1.0;1.0;1.0;1.0;2.0;1.0
2024/25;Sabato;10;Maggio;Empoli;Parma;2;1;True;False;False;1;-1;1;3;0;228;1;2;1;X;1;1;2;1;X;X;X;X;2;X;2;2;1;2;X;X;X;X;2.0;1.0;3.0;3.0;1.0;2.0;1.0;3.0;3.0;1.0;1.0;1.0;1.0;1.0;2.0;1.0;1.0;1.0;1.0;2.0
2024/25;Domenica;11;Maggio;Udinese;Monza;1;2;False;False;True;-1;1;2;0;3;228;2;1;2;1;X;1;1;2;X;X;X;X;1;2;X;2;2;1;X;X;X;X;1.0;2.0;1.0;3.0;3.0;1.0;2.0;1.0;3.0;3.0;2.0;1.0;1.0;1.0;1.0;2.0;1.0;1.0;1.0;1.0
2024/25;Domenica;11;Maggio;Hellas Verona;Lecce;1;1;False;True;False;0;0;X;1;1;228;X;X;X;2;1;X;1;X;X;X;X;X;X;1;2;X;2;X;X;X;X;X;1.0;1.0;2.0;1.0;3.0;1.0;1.0;2.0;1.0;3.0;1.0;2.0;1.0;1.0;1.0;1.0;2.0;1.0;1.0;1.0
2024/25;Domenica;11;Maggio;Torino;Inter;0;2;False;False;True;-1;1;2;0;3;228;2;1;2;X;2;1;X;2;X;X;X;X;1;X;1;2;X;1;X;X;X;X;0.0;1.0;1.0;2.0;1.0;0.0;1.0;1.0;2.0;1.0;2.0;1.0;2.0;1.0;1.0;2.0;1.0;2.0;1.0;1.0
2024/25;Domenica;11;Maggio;Napoli;Genoa;2;2;False;True;False;0;0;X;1;1;228;X;X;X;2;X;2;1;X;X;X;X;X;X;1;X;1;2;X;X;X;X;X;2.0;0.0;1.0;1.0;2.0;2.0;0.0;1.0;1.0;2.0;2.0;2.0;1.0;2.0;1.0;2.0;2.0;1.0;2.0;1.0
2024/25;Lunedì;12;Maggio;Venezia;Fiorentina;2;1;True;False;False;1;-1;1;3;0;228;1;2;1;X;2;X;2;1;X;X;X;X;2;X;1;X;1;2;X;X;X;X;2.0;2.0;0.0;1.0;1.0;2.0;2.0;0.0;1.0;1.0;1.0;2.0;2.0;1.0;2.0;1.0;2.0;2.0;1.0;2.0
2024/25;Lunedì;12;Maggio;Atalanta;Roma;2;1;True;False;False;1;-1;1;3;0;228;1;2;1;1;X;2;X;1;X;X;X;X;2;2;X;1;X;2;X;X;X;X;2.0;2.0;2.0;0.0;1.0;2.0;2.0;2.0;0.0;1.0;1.0;1.0;2.0;2.0;1.0;1.0;1.0;2.0;2.0;1.0
2024/25;Sabato;17;Maggio;Genoa;Atalanta;2;3;False;False;True;-1;1;2;0;3;228;2;1;2;1;1;X;2;2;X;X;X;X;1;2;2;X;1;1;X;X;X;X;2.0;2.0;2.0;2.0;0.0;2.0;2.0;2.0;2.0;0.0;3.0;1.0;1.0;2.0;2.0;3.0;1.0;1.0;2.0;2.0
2024/25;Domenica;18;Maggio;Roma;Milan;3;1;True;False;False;1;-1;1;3;0;228;1;2;1;2;1;1;X;1;X;X;X;X;2;1;2;2;X;2;X;X;X;X;3.0;2.0;2.0;2.0;2.0;3.0;2.0;2.0;2.0;2.0;1.0;3.0;1.0;1.0;2.0;1.0;3.0;1.0;1.0;2.0
2024/25;Domenica;18;Maggio;Cagliari;Venezia;3;0;True;False;False;1;-1;1;3;0;228;1;2;1;1;2;1;1;1;X;X;X;X;2;2;1;2;2;2;X;X;X;X;3.0;3.0;2.0;2.0;2.0;3.0;3.0;2.0;2.0;2.0;0.0;1.0;3.0;1.0;1.0;0.0;1.0;3.0;1.0;1.0
2024/25;Domenica;18;Maggio;Fiorentina;Bologna;3;2;True;False;False;1;-1;1;3;0;228;1;2;1;1;1;2;1;1;X;X;X;X;2;2;2;1;2;2;X;X;X;X;3.0;3.0;3.0;2.0;2.0;3.0;3.0;3.0;2.0;2.0;2.0;0.0;1.0;3.0;1.0;2.0;0.0;1.0;3.0;1.0
2024/25;Domenica;18;Maggio;Hellas Verona;Como;1;1;False;True;False;0;0;X;1;1;228;X;X;X;1;1;1;2;X;X;X;X;X;X;2;2;2;1;X;X;X;X;X;1.0;3.0;3.0;3.0;2.0;1.0;3.0;3.0;3.0;2.0;1.0;2.0;0.0;1.0;3.0;1.0;2.0;0.0;1.0;3.0
2024/25;Domenica;18;Maggio;Inter;Lazio;2;2;False;True;False;0;0;X;1;1;228;X;X;X;X;1;1;1;X;X;X;X;X;X;X;2;2;2;X;X;X;X;X;2.0;1.0;3.0;3.0;3.0;2.0;1.0;3.0;3.0;3.0;2.0;1.0;2.0;0.0;1.0;2.0;1.0;2.0;0.0;1.0
2024/25;Domenica;18;Maggio;Juventus;Udinese;2;0;True;False;False;1;-1;1;3;0;228;1;2;1;X;X;1;1;1;X;X;X;X;2;X;X;2;2;2;X;X;X;X;2.0;2.0;1.0;3.0;3.0;2.0;2.0;1.0;3.0;3.0;0.0;2.0;1.0;2.0;0.0;0.0;2.0;1.0;2.0;0.0
2024/25;Domenica;18;Maggio;Lecce;Torino;1;0;True;False;False;1;-1;1;3;0;228;1;2;1;1;X;X;1;1;X;X;X;X;2;2;X;X;2;2;X;X;X;X;1.0;2.0;2.0;1.0;3.0;1.0;2.0;2.0;1.0;3.0;0.0;0.0;2.0;1.0;2.0;0.0;0.0;2.0;1.0;2.0
2024/25;Domenica;18;Maggio;Monza;Empoli;1;3;False;False;True;-1;1;2;0;3;228;2;1;2;1;1;X;X;2;X;X;X;X;1;2;2;X;X;1;X;X;X;X;1.0;1.0;2.0;2.0;1.0;1.0;1.0;2.0;2.0;1.0;3.0;0.0;0.0;2.0;1.0;3.0;0.0;0.0;2.0;1.0
2024/25;Domenica;18;Maggio;Parma;Napoli;0;0;False;True;False;0;0;X;1;1;228;X;X;X;2;1;1;X;X;X;X;X;X;X;1;2;2;X;X;X;X;X;X;0.0;1.0;1.0;2.0;2.0;0.0;1.0;1.0;2.0;2.0;0.0;3.0;0.0;0.0;2.0;0.0;3.0;0.0;0.0;2.0
2024/25;Venerdì;23;Maggio;Como;Inter;0;2;False;False;True;-1;1;2;0;3;228;2;1;2;X;2;1;1;2;X;X;X;X;1;X;1;2;2;1;X;X;X;X;0.0;0.0;1.0;1.0;2.0;0.0;0.0;1.0;1.0;2.0;2.0;0.0;3.0;0.0;0.0;2.0;0.0;3.0;0.0;0.0
2024/25;Venerdì;23;Maggio;Napoli;Cagliari;2;0;True;False;False;1;-1;1;3;0;228;1;2;1;2;X;2;1;1;X;X;X;X;2;1;X;1;2;2;X;X;X;X;2.0;0.0;0.0;1.0;1.0;2.0;0.0;0.0;1.0;1.0;0.0;2.0;0.0;3.0;0.0;0.0;2.0;0.0;3.0;0.0
2024/25;Sabato;24;Maggio;Bologna;Genoa;1;3;False;False;True;-1;1;2;0;3;228;2;1;2;1;2;X;2;2;X;X;X;X;1;2;1;X;1;1;X;X;X;X;1.0;2.0;0.0;0.0;1.0;1.0;2.0;0.0;0.0;1.0;3.0;0.0;2.0;0.0;3.0;3.0;0.0;2.0;0.0;3.0
2024/25;Sabato;24;Maggio;Milan;Monza;2;0;True;False;False;1;-1;1;3;0;228;1;2;1;2;1;2;X;1;X;X;X;X;2;1;2;1;X;2;X;X;X;X;2.0;1.0;2.0;0.0;0.0;2.0;1.0;2.0;0.0;0.0;0.0;3.0;0.0;2.0;0.0;0.0;3.0;0.0;2.0;0.0
2024/25;Domenica;25;Maggio;Atalanta;Parma;2;3;False;False;True;-1;1;2;0;3;228;2;1;2;1;2;1;2;2;X;X;X;X;1;2;1;2;1;1;X;X;X;X;2.0;2.0;1.0;2.0;0.0;2.0;2.0;1.0;2.0;0.0;3.0;0.0;3.0;0.0;2.0;3.0;0.0;3.0;0.0;2.0
2024/25;Domenica;25;Maggio;Empoli;Hellas Verona;1;2;False;False;True;-1;1;2;0;3;228;2;1;2;2;1;2;1;2;X;X;X;X;1;1;2;1;2;1;X;X;X;X;1.0;2.0;2.0;1.0;2.0;1.0;2.0;2.0;1.0;2.0;2.0;3.0;0.0;3.0;0.0;2.0;3.0;0.0;3.0;0.0
2024/25;Domenica;25;Maggio;Lazio;Lecce;0;1;False;False;True;-1;1;2;0;3;228;2;1;2;2;2;1;2;2;X;X;X;X;1;1;1;2;1;1;X;X;X;X;0.0;1.0;2.0;2.0;1.0;0.0;1.0;2.0;2.0;1.0;1.0;2.0;3.0;0.0;3.0;1.0;2.0;3.0;0.0;3.0
2024/25;Domenica;25;Maggio;Torino;Roma;0;2;False;False;True;-1;1;2;0;3;228;2;1;2;2;2;2;1;2;X;X;X;X;1;1;1;1;2;1;X;X;X;X;0.0;0.0;1.0;2.0;2.0;0.0;0.0;1.0;2.0;2.0;2.0;1.0;2.0;3.0;0.0;2.0;1.0;2.0;3.0;0.0
2024/25;Domenica;25;Maggio;Udinese;Fiorentina;2;3;False;False;True;-1;1;2;0;3;228;2;1;2;2;2;2;2;2;X;X;X;X;1;1;1;1;1;1;X;X;X;X;2.0;0.0;0.0;1.0;2.0;2.0;0.0;0.0;1.0;2.0;3.0;2.0;1.0;2.0;3.0;3.0;2.0;1.0;2.0;3.0
2024/25;Domenica;25;Maggio;Venezia;Juventus;2;3;False;False;True;-1;1;2;0;3;228;2;1;2;2;2;2;2;2;X;X;X;X;1;1;1;1;1;1;X;X;X;X;2.0;2.0;0.0;0.0;1.0;2.0;2.0;0.0;0.0;1.0;3.0;3.0;2.0;1.0;2.0;3.0;3.0;2.0;1.0;2.0
